<?xml version="1.0" encoding="UTF-8" standalone="no" ?>
<COLLADA xmlns="http://www.collada.org/2005/11/COLLADASchema" version="1.4.1">
  <asset>
    <contributor>
      <author>Assimp</author>
      <authoring_tool>Assimp Exporter</authoring_tool>
    </contributor>
    <created>2026-07-07T01:14:30</created>
    <modified>2026-07-07T01:14:30</modified>
    <unit name="meter" meter="1" />
    <up_axis>Y_UP</up_axis>
  </asset>
  <library_effects>
    <effect id="m0mat-fx" name="m0mat">
      <profile_COMMON>
        <technique sid="standard">
          <phong>
            <emission>
              <color sid="emission">0   0   0   3.2194832e-41</color>
            </emission>
            <ambient>
              <color sid="ambient">0.6823529   0.6823529   0.6823529   4.0683898e-41</color>
            </ambient>
            <diffuse>
              <color sid="diffuse">0.6823529   0.6823529   0.6823529   4.0683898e-41</color>
            </diffuse>
            <specular>
              <color sid="specular">0.5   0.5   0.5   -2.2283978e-36</color>
            </specular>
          </phong>
        </technique>
      </profile_COMMON>
    </effect>
    <effect id="m1mat-fx" name="m1mat">
      <profile_COMMON>
        <technique sid="standard">
          <phong>
            <emission>
              <color sid="emission">0   0   0   3.2194832e-41</color>
            </emission>
            <ambient>
              <color sid="ambient">1   1   1   0.5</color>
            </ambient>
            <diffuse>
              <color sid="diffuse">1   1   1   0.5</color>
            </diffuse>
            <specular>
              <color sid="specular">0.5   0.5   0.5   0</color>
            </specular>
          </phong>
        </technique>
      </profile_COMMON>
    </effect>
  </library_effects>
  <library_materials>
    <material id="m0mat" name="m0mat">
      <instance_effect url="#m0mat-fx"/>
    </material>
    <material id="m1mat" name="m1mat">
      <instance_effect url="#m1mat-fx"/>
    </material>
  </library_materials>
  <library_geometries>
    <geometry id="meshId0" name="meshId0_name" >
      <mesh>
        <source id="meshId0-positions" name="meshId0-positions">
          <float_array id="meshId0-positions-array" count="36225"> -2.1765924 1.831522 0.016244767 -2.1683753 1.833596 0.087359399 -2.176687 1.8336077 0.016244767 -2.1765189 1.8313352 0.016244767 -2.1683753 1.833596 0.087359399 -2.1765924 1.831522 0.016244767 -2.1683753 1.833596 0.087359399 -2.1766486 1.8338861 0.016244767 -2.176687 1.8336077 0.016244767 -2.1752384 1.8288732 0.016244767 -2.1671245 1.8310573 0.087280206 -2.1758366 1.8295774 0.016244767 -2.1744919 1.8279947 0.016244767 -2.1671245 1.8310573 0.087280206 -2.1752384 1.8288732 0.016244767 -2.1730917 1.8271846 0.016244765 -2.1671245 1.8310573 0.087280206 -2.1744919 1.8279947 0.016244767 -2.1758366 1.8295774 0.016244767 -2.1683631 1.8334479 0.087355264 -2.1765189 1.8313352 0.016244767 -2.1727085 1.8269643 0.016244765 -2.1649866 1.8294379 0.087220073 -2.1730917 1.8271846 0.016244765 -2.1707003 1.8266101 0.016244765 -2.1666374 1.8277504 0.051716078 -2.1727085 1.8269643 0.016244765 -2.1108861 1.738711 0.049456976 -2.1132631 1.7357285 0.016244693 -2.1113901 1.7349993 0.016244752 -2.1121979 1.7432787 0.08259137 -2.1148093 1.7370702 0.016244752 -2.1132631 1.7357285 0.016244693 -2.1129591 1.743638 0.082559973 -2.1148717 1.7371781 0.016244693 -2.1148093 1.7370702 0.016244752 -2.1137762 1.7446656 0.082523093 -2.1158469 1.7388728 0.016244752 -2.1148717 1.7371781 0.016244693 -2.1137762 1.7446656 0.082523093 -2.1158915 1.7391211 0.016244752 -2.1158469 1.7388728 0.016244752 -2.1157629 1.7448869 0.049347695 -2.116267 1.7411877 0.016244752 -2.1158915 1.7391211 0.016244752 -2.1247952 1.8265822 0.016244764 -2.1247654 1.8291384 0.093678981 -2.1259499 1.826655 0.016244764 -2.1227205 1.8257779 0.016244764 -2.1226983 1.8289198 0.094068259 -2.1247952 1.8265822 0.016244764 -2.1193573 1.823535 0.016244764 -2.1180747 1.82614 0.094479367 -2.1205916 1.8249522 0.016244704 -2.1227205 1.8257779 0.016244764 -2.1205916 1.8249522 0.016244704 -2.1211936 1.8281637 0.094232179 -2.1175046 1.8214071 0.016244702 -2.1159515 1.8225513 0.094208933 -2.1193573 1.823535 0.016244764 -2.1159515 1.8225513 0.094208933 -2.1171732 1.8200403 0.016244702 -2.1163428 1.8166308 0.016244762 -2.1175046 1.8214071 0.016244702 -2.1171732 1.8200403 0.016244702 -2.1159515 1.8225513 0.094208933 -2.1666374 1.8277504 0.051716078 -2.1707003 1.8266101 0.016244765 -2.1259499 1.826655 0.016244764 -2.1766486 1.8338861 0.016244767 -2.1679027 1.8661488 0.053848062 -2.171787 1.8677841 0.016244771 -2.172575 1.8350203 0.051837634 -2.1679027 1.8661488 0.053848062 -2.1766486 1.8338861 0.016244767 -2.0753281 1.7290266 0.016244749 -2.1108861 1.738711 0.049456976 -2.1113901 1.7349993 0.016244752 -2.1765189 1.8313352 0.016244767 -2.1683631 1.8334479 0.087355264 -2.1683753 1.833596 0.087359399 -2.1683753 1.833596 0.087359399 -2.172575 1.8350203 0.051837634 -2.1766486 1.8338861 0.016244767 -2.168504 1.8361545 0.08743038 -2.172575 1.8350203 0.051837634 -2.1683753 1.833596 0.087359399 -2.1650994 1.8294641 0.087221488 -2.1671245 1.8310573 0.087280206 -2.1730917 1.8271846 0.016244765 -2.1671245 1.8310573 0.087280206 -2.1683631 1.8334479 0.087355264 -2.1758366 1.8295774 0.016244767 -2.1730917 1.8271846 0.016244765 -2.1649866 1.8294379 0.087220073 -2.1650994 1.8294641 0.087221488 -2.1727085 1.8269643 0.016244765 -2.1666374 1.8277504 0.051716078 -2.1649866 1.8294379 0.087220073 -2.16381 1.8291719 0.087203734 -2.1666374 1.8277504 0.051716078 -2.1625795 1.8288921 0.087187327 -2.1649866 1.8294379 0.087220073 -2.1666374 1.8277504 0.051716078 -2.16381 1.8291719 0.087203734 -2.1147816 1.7465523 0.082476653 -2.1158915 1.7391211 0.016244752 -2.114573 1.745667 0.082487576 -2.1147816 1.7465523 0.082476653 -2.1157629 1.7448869 0.049347695 -2.1158915 1.7391211 0.016244752 -2.1152589 1.7485862 0.082452111 -2.1157629 1.7448869 0.049347695 -2.1147816 1.7465523 0.082476653 -2.1121979 1.7432787 0.08259137 -2.1132631 1.7357285 0.016244693 -2.1108861 1.738711 0.049456976 -2.1129591 1.743638 0.082559973 -2.1148093 1.7370702 0.016244752 -2.1121979 1.7432787 0.08259137 -2.1137762 1.7446656 0.082523093 -2.1148717 1.7371781 0.016244693 -2.1129591 1.743638 0.082559973 -2.114573 1.745667 0.082487576 -2.1158915 1.7391211 0.016244752 -2.1137762 1.7446656 0.082523093 -2.1108861 1.738711 0.049456976 -2.1103222 1.7424115 0.082676105 -2.1121979 1.7432787 0.08259137 -2.1247952 1.8265822 0.016244764 -2.1226983 1.8289198 0.094068259 -2.1247654 1.8291384 0.093678981 -2.1227205 1.8257779 0.016244764 -2.1215301 1.8283327 0.094195299 -2.1226983 1.8289198 0.094068259 -2.1211936 1.8281637 0.094232179 -2.1215301 1.8283327 0.094195299 -2.1227205 1.8257779 0.016244764 -2.1205916 1.8249522 0.016244704 -2.1186576 1.8268907 0.094506688 -2.1211936 1.8281637 0.094232179 -2.1205916 1.8249522 0.016244704 -2.1180747 1.82614 0.094479367 -2.1186576 1.8268907 0.094506688 -2.11623 1.8237588 0.0943892 -2.1180747 1.82614 0.094479367 -2.1193573 1.823535 0.016244764 -2.1193573 1.823535 0.016244764 -2.1160395 1.8229337 0.094266348 -2.11623 1.8237588 0.0943892 -2.1193573 1.823535 0.016244764 -2.1159515 1.8225513 0.094208933 -2.1160395 1.8229337 0.094266348 -2.1159515 1.8225513 0.094208933 -2.1163428 1.8166308 0.016244762 -2.1151571 1.8191155 0.093696736 -2.1437001 1.8290228 0.090646878 -2.1259499 1.826655 0.016244764 -2.1247654 1.8291384 0.093678981 -2.1437001 1.8290228 0.090646878 -2.1666374 1.8277504 0.051716078 -2.1259499 1.826655 0.016244764 -2.1625795 1.8288921 0.087187327 -2.1666374 1.8277504 0.051716078 -2.1437001 1.8290228 0.090646878 -2.172575 1.8350203 0.051837634 -2.1661572 1.8502983 0.089536518 -2.1679027 1.8661488 0.053848062 -2.168504 1.8361545 0.08743038 -2.1661572 1.8502983 0.089536518 -2.172575 1.8350203 0.051837634 -2.0751436 1.7329373 0.05086923 -2.1103222 1.7424115 0.082676105 -2.1108861 1.738711 0.049456976 -2.1701372 1.874151 0.016244771 -2.1621859 1.8706321 0.092272222 -2.1672261 1.8794569 0.016244773 -2.170197 1.873919 0.016244771 -2.1621859 1.8706321 0.092272222 -2.1701372 1.874151 0.016244771 -2.171787 1.8677841 0.016244771 -2.1679027 1.8661488 0.053848062 -2.170197 1.873919 0.016244771 -2.1632974 1.8802911 0.040777307 -2.1672261 1.8794569 0.016244773 -2.1631951 1.8778392 0.054718085 -2.1650493 1.8824492 0.016244773 -2.1672261 1.8794569 0.016244773 -2.1632974 1.8802911 0.040777307 -2.1572821 1.9998417 0.071509294 -2.1650493 1.8824492 0.016244773 -2.1632974 1.8802911 0.040777307 -2.1613712 1.9998376 0.016244786 -2.1650493 1.8824492 0.016244773 -2.1572821 1.9998417 0.071509294 -2.1563647 1.9374822 0.078522705 -2.1572745 1.9745363 0.071484685 -2.1583529 1.9379443 0.069911331 -2.1595552 1.8792439 0.073904909 -2.1563647 1.9374822 0.078522705 -2.1597049 1.8790969 0.073611282 -2.1552334 1.9998438 0.080194473 -2.1572821 1.9998417 0.071509294 -2.1572745 1.9745363 0.071484685 -2.1586976 1.926247 0.069408692 -2.1597049 1.8790969 0.073611282 -2.1563647 1.9374822 0.078522705 -2.1586976 1.926247 0.069408692 -2.1611671 1.878087 0.068337858 -2.1597049 1.8790969 0.073611282 -2.1615489 1.8781279 0.065308534 -2.1611671 1.878087 0.068337858 -2.1586976 1.926247 0.069408692 -2.1563647 1.9374822 0.078522705 -2.1583529 1.9379443 0.069911331 -2.1586976 1.926247 0.069408692 -2.1672261 1.8794569 0.016244773 -2.1621859 1.8706321 0.092272222 -2.1631951 1.8778392 0.054718085 -2.170197 1.873919 0.016244771 -2.1679027 1.8661488 0.053848062 -2.1621859 1.8706321 0.092272222 -2.1615489 1.8781279 0.065308534 -2.1631951 1.8778392 0.054718085 -2.1611671 1.878087 0.068337858 -2.1632974 1.8802911 0.040777307 -2.1631951 1.8778392 0.054718085 -2.1615489 1.8781279 0.065308534 -2.1591644 1.8762102 0.09319146 -2.1611671 1.878087 0.068337858 -2.1631951 1.8778392 0.054718085 -2.1583529 1.9379443 0.069911331 -2.158319 1.9389402 0.068400711 -2.1586976 1.926247 0.069408692 -2.1572821 1.9998417 0.071509294 -2.158319 1.9389402 0.068400711 -2.1583529 1.9379443 0.069911331 -2.1572821 1.9998417 0.071509294 -2.1632974 1.8802911 0.040777307 -2.158319 1.9389402 0.068400711 -2.1583529 1.9379443 0.069911331 -2.1572745 1.9745363 0.071484685 -2.1572821 1.9998417 0.071509294 -2.1615489 1.8781279 0.065308534 -2.158319 1.9389402 0.068400711 -2.1632974 1.8802911 0.040777307 -2.158319 1.9389402 0.068400711 -2.1615489 1.8781279 0.065308534 -2.1586976 1.926247 0.069408692 -2.0745885 1.7288429 0.016244689 -2.0751436 1.7329373 0.05086923 -2.0753281 1.7290266 0.016244749 -2.0744023 1.7287351 0.016244749 -2.0737033 1.736492 0.085522383 -2.0745885 1.7288429 0.016244689 -2.0735607 1.7282506 0.016244689 -2.0727749 1.7358333 0.085594788 -2.0744023 1.7287351 0.016244749 -2.0545926 1.7203605 0.016244687 -1.9998213 1.7177981 0.016244683 -2.0524919 1.7235271 0.057933144 -2.0630226 1.7222446 0.016244687 -2.0589685 1.7285713 0.099394888 -2.0642159 1.7226975 0.016244747 -2.0545926 1.7203605 0.016244687 -2.0524919 1.7235271 0.057933144 -2.0630226 1.7222446 0.016244687 -2.0642159 1.7226975 0.016244747 -2.0591221 1.7286251 0.099394888 -2.0709484 1.7264183 0.016244689 -2.0735607 1.7282506 0.016244689 -2.0717986 1.7268891 0.016244749 -2.0727749 1.7358333 0.085594788 -2.0709484 1.7264183 0.016244689 -2.0670621 1.732746 0.099711768 -2.0717986 1.7268891 0.016244749 -2.0751436 1.7329373 0.05086923 -2.1108861 1.738711 0.049456976 -2.0753281 1.7290266 0.016244749 -2.0745885 1.7288429 0.016244689 -2.0737033 1.736492 0.085522383 -2.0751436 1.7329373 0.05086923 -2.0744023 1.7287351 0.016244749 -2.0727749 1.7358333 0.085594788 -2.0737033 1.736492 0.085522383 -2.0737033 1.736492 0.085522383 -2.0747933 1.7368271 0.085504681 -2.0751436 1.7329373 0.05086923 -2.0524919 1.7235271 0.057933144 -1.9998213 1.7177981 0.016244683 -1.9998281 1.7246324 0.10131249 -2.0630226 1.7222446 0.016244687 -2.0524919 1.7235271 0.057933144 -2.0589685 1.7285713 0.099394888 -2.0709484 1.7264183 0.016244689 -2.0591221 1.7286251 0.099394888 -2.0670621 1.732746 0.099711768 -2.0589685 1.7285713 0.099394888 -2.0591221 1.7286251 0.099394888 -2.0642159 1.7226975 0.016244747 -2.0727749 1.7358333 0.085594788 -2.0717986 1.7268891 0.016244749 -2.0670621 1.732746 0.099711768 -2.0747933 1.7368271 0.085504681 -2.1103222 1.7424115 0.082676105 -2.0751436 1.7329373 0.05086923 -2.1661572 1.8502983 0.089536518 -2.1640196 1.8645009 0.091451406 -2.1679027 1.8661488 0.053848062 -2.1565037 1.8822094 0.079870738 -2.1563647 1.9374822 0.078522705 -2.1595552 1.8792439 0.073904909 -2.1618388 1.8717939 0.092426583 -2.1631951 1.8778392 0.054718085 -2.1621859 1.8706321 0.092272222 -2.1679027 1.8661488 0.053848062 -2.1640196 1.8645009 0.091451406 -2.1621859 1.8706321 0.092272222 -2.1618388 1.8717939 0.092426583 -2.1591644 1.8762102 0.09319146 -2.1631951 1.8778392 0.054718085 -2.1591644 1.8762102 0.09319146 -2.1597049 1.8790969 0.073611282 -2.1611671 1.878087 0.068337858 -2.1595552 1.8792439 0.073904909 -2.1597049 1.8790969 0.073611282 -2.1591644 1.8762102 0.09319146 -2.1563647 1.9374822 0.078522705 -2.1552334 1.9998438 0.080194473 -2.1572745 1.9745363 0.071484685 -2.1151571 1.8191155 0.093696736 -2.1163428 1.8166308 0.016244762 -2.1152008 1.7837887 0.088532656 -2.1163428 1.8166308 0.016244762 -2.1152589 1.7485862 0.082452111 -2.1152008 1.7837887 0.088532656 -2.1163428 1.8166308 0.016244762 -2.1157629 1.7448869 0.049347695 -2.1152589 1.7485862 0.082452111 -2.1163428 1.8166308 0.016244762 -2.116267 1.7411877 0.016244752 -2.1157629 1.7448869 0.049347695 -2.1681719 2.133513 0.053848095 -2.1705658 2.1259539 0.016244803 -2.1704528 2.1257446 0.016244801 -2.1720529 2.1318698 0.016244803 -2.1705658 2.1259539 0.016244803 -2.1681719 2.133513 0.053848095 -2.1704528 2.1257446 0.016244801 -2.1674683 2.1202064 0.016244801 -2.1634407 2.1218321 0.054718114 -2.1674683 2.1202064 0.016244801 -2.163538 2.11938 0.040777393 -2.1634407 2.1218321 0.054718114 -2.1674683 2.1202064 0.016244801 -2.1652856 2.1172185 0.016244801 -2.163538 2.11938 0.040777393 -2.163538 2.11938 0.040777393 -2.1613712 1.9998376 0.016244786 -2.1572821 1.9998417 0.071509294 -2.1652856 2.1172185 0.016244801 -2.1613712 1.9998376 0.016244786 -2.163538 2.11938 0.040777393 -2.1587389 2.0710881 0.069556236 -2.1609113 2.1213267 0.070598334 -2.1617937 2.1215465 0.065308563 -2.1587389 2.0710881 0.069556236 -2.1564903 2.0622029 0.078522705 -2.1609113 2.1213267 0.070598334 -2.158457 2.061738 0.069940023 -2.1564903 2.0622029 0.078522705 -2.1587389 2.0710881 0.069556236 -2.158457 2.061738 0.069940023 -2.1552334 1.9998438 0.080194473 -2.1564903 2.0622029 0.078522705 -2.1572895 2.0228481 0.071532488 -2.1552334 1.9998438 0.080194473 -2.158457 2.061738 0.069940023 -2.1564903 2.0622029 0.078522705 -2.1596789 2.1202731 0.073878974 -2.1609113 2.1213267 0.070598334 -2.1587167 2.1194525 0.076438472 -2.1596789 2.1202731 0.073878974 -2.1564903 2.0622029 0.078522705 -2.1572895 2.0228481 0.071532488 -2.1572821 1.9998417 0.071509294 -2.1552334 1.9998438 0.080194473 -2.1642919 2.1351688 0.091451444 -2.1704528 2.1257446 0.016244801 -2.1629941 2.1300166 0.092108384 -2.1681719 2.133513 0.053848095 -2.1704528 2.1257446 0.016244801 -2.1642919 2.1351688 0.091451444 -2.1704528 2.1257446 0.016244801 -2.1624746 2.1290662 0.092265464 -2.1629941 2.1300166 0.092108384 -2.1634407 2.1218321 0.054718114 -2.1624746 2.1290662 0.092265464 -2.1704528 2.1257446 0.016244801 -2.1594131 2.1234691 0.093191482 -2.1617937 2.1215465 0.065308563 -2.1609113 2.1213267 0.070598334 -2.1634407 2.1218321 0.054718114 -2.1617937 2.1215465 0.065308563 -2.1594131 2.1234691 0.093191482 -2.1634407 2.1218321 0.054718114 -2.163538 2.11938 0.040777393 -2.1617937 2.1215465 0.065308563 -2.163538 2.11938 0.040777393 -2.1572821 1.9998417 0.071509294 -2.1572895 2.0228481 0.071532488 -2.158457 2.061738 0.069940023 -2.163538 2.11938 0.040777393 -2.1572895 2.0228481 0.071532488 -2.158457 2.061738 0.069940023 -2.1617937 2.1215465 0.065308563 -2.163538 2.11938 0.040777393 -2.1587389 2.0710881 0.069556236 -2.1617937 2.1215465 0.065308563 -2.158457 2.061738 0.069940023 -2.173372 2.1725621 0.016244808 -2.1653295 2.1702285 0.087220117 -2.1714017 2.1730356 0.016244808 -2.1734583 2.1725056 0.016244808 -2.1653295 2.1702285 0.087220117 -2.173372 2.1725621 0.016244808 -2.1653295 2.1702285 0.087220117 -2.1710489 2.1730461 0.016244808 -2.1714017 2.1730356 0.016244808 -2.1750705 2.1714492 0.016244808 -2.1675024 2.1685708 0.0872816 -2.1734583 2.1725056 0.016244808 -2.1755824 2.1707802 0.016244808 -2.1675024 2.1685708 0.0872816 -2.1750705 2.1714492 0.016244808 -2.1763184 2.1698186 0.016244808 -2.1686993 2.1662052 0.08735542 -2.1755824 2.1707802 0.016244808 -2.1768293 2.1683004 0.016244806 -2.1687112 2.1660647 0.087359495 -2.1763184 2.1698186 0.016244808 -2.1769812 2.1678476 0.016244806 -2.1687112 2.1660647 0.087359495 -2.1768293 2.1683004 0.016244806 -2.1769826 2.1657581 0.016244806 -2.1729069 2.1646321 0.051837675 -2.1769812 2.1678476 0.016244806 -2.1142695 2.2550874 0.082523219 -2.1154616 2.2625413 0.016244754 -2.1164486 2.2606778 0.016244754 -2.1133814 2.2562094 0.082564108 -2.1139448 2.2639501 0.016244756 -2.1154616 2.2625413 0.016244754 -2.1127226 2.2565124 0.082591429 -2.1137853 2.2640154 0.016244756 -2.1139448 2.2639501 0.016244756 -2.1153047 2.2532463 0.082475297 -2.1164486 2.2606778 0.016244754 -2.1167874 2.2585778 0.016244814 -2.1114118 2.2610652 0.049457099 -2.1119232 2.2647762 0.016244816 -2.1137853 2.2640154 0.016244756 -2.1167812 2.1819229 0.016244745 -2.115521 2.1806524 0.093696781 -2.1167116 2.1831346 0.016244804 -2.1175494 2.1797585 0.016244804 -2.1157348 2.1784973 0.094075084 -2.1167812 2.1819229 0.016244745 -2.1196945 2.1762433 0.016244804 -2.1184063 2.1736507 0.09447664 -2.1183431 2.1775277 0.016244804 -2.1217341 2.1743047 0.016244804 -2.1207736 2.1716681 0.094376974 -2.1196945 2.1762433 0.016244804 -2.1230359 2.1739585 0.016244804 -2.1214552 2.1715019 0.094267689 -2.1217341 2.1743047 0.016244804 -2.1262984 2.1730912 0.016244745 -2.1218235 2.1714113 0.094207615 -2.1230359 2.1739585 0.016244804 -2.1175494 2.1797585 0.016244804 -2.1183431 2.1775277 0.016244804 -2.1164606 2.1769137 0.094236299 -2.1669838 2.1719139 0.051716119 -2.1262984 2.1730912 0.016244745 -2.1710489 2.1730461 0.016244808 -2.1729069 2.1646321 0.051837675 -2.1720529 2.1318698 0.016244803 -2.1681719 2.133513 0.053848095 -2.1769826 2.1657581 0.016244806 -2.1720529 2.1318698 0.016244803 -2.1729069 2.1646321 0.051837675 -2.075681 2.2669108 0.050869294 -2.1119232 2.2647762 0.016244816 -2.1114118 2.2610652 0.049457099 -2.1654458 2.170202 0.087221533 -2.1653295 2.1702285 0.087220117 -2.1734583 2.1725056 0.016244808 -2.1653295 2.1702285 0.087220117 -2.1669838 2.1719139 0.051716119 -2.1710489 2.1730461 0.016244808 -2.1629236 2.1707802 0.087187424 -2.1669838 2.1719139 0.051716119 -2.1653295 2.1702285 0.087220117 -2.1734583 2.1725056 0.016244808 -2.1675024 2.1685708 0.0872816 -2.1654458 2.170202 0.087221533 -2.1755824 2.1707802 0.016244808 -2.1686993 2.1662052 0.08735542 -2.1675024 2.1685708 0.0872816 -2.1763184 2.1698186 0.016244808 -2.1687112 2.1660647 0.087359495 -2.1686993 2.1662052 0.08735542 -2.1769812 2.1678476 0.016244806 -2.1729069 2.1646321 0.051837675 -2.1687112 2.1660647 0.087359495 -2.1729069 2.1646321 0.051837675 -2.1688333 2.163506 0.087430485 -2.1687112 2.1660647 0.087359495 -2.1133814 2.2562094 0.082564108 -2.1154616 2.2625413 0.016244754 -2.1142695 2.2550874 0.082523219 -2.1127226 2.2565124 0.082591429 -2.1139448 2.2639501 0.016244756 -2.1133814 2.2562094 0.082564108 -2.1127226 2.2565124 0.082591429 -2.1114118 2.2610652 0.049457099 -2.1137853 2.2640154 0.016244756 -2.1109004 2.2573545 0.082669266 -2.1114118 2.2610652 0.049457099 -2.1127226 2.2565124 0.082591429 -2.1164486 2.2606778 0.016244754 -2.1151397 2.253989 0.082484916 -2.1142695 2.2550874 0.082523219 -2.1153047 2.2532463 0.082475297 -2.1151397 2.253989 0.082484916 -2.1164486 2.2606778 0.016244754 -2.1153047 2.2532463 0.082475297 -2.1167874 2.2585778 0.016244814 -2.116276 2.2548795 0.049347814 -2.116276 2.2548795 0.049347814 -2.1157646 2.2511814 0.082452171 -2.1153047 2.2532463 0.082475297 -2.1167812 2.1819229 0.016244745 -2.1157348 2.1784973 0.094075084 -2.115521 2.1806524 0.093696781 -2.1175494 2.1797585 0.016244804 -2.1163013 2.1772625 0.094200775 -2.1157348 2.1784973 0.094075084 -2.1164606 2.1769137 0.094236299 -2.1163013 2.1772625 0.094200775 -2.1175494 2.1797585 0.016244804 -2.1183431 2.1775277 0.016244804 -2.1184063 2.1736507 0.09447664 -2.1176784 2.1742611 0.094506733 -2.1196945 2.1762433 0.016244804 -2.1207736 2.1716681 0.094376974 -2.1184063 2.1736507 0.09447664 -2.1217341 2.1743047 0.016244804 -2.1214552 2.1715019 0.094267689 -2.1207736 2.1716681 0.094376974 -2.1230359 2.1739585 0.016244804 -2.1218235 2.1714113 0.094207615 -2.1214552 2.1715019 0.094267689 -2.1164606 2.1769137 0.094236299 -2.1183431 2.1775277 0.016244804 -2.1176784 2.1742611 0.094506733 -2.1262984 2.1730912 0.016244745 -2.125109 2.1706102 0.093679078 -2.1218235 2.1714113 0.094207615 -2.1669838 2.1719139 0.051716119 -2.1440439 2.1706877 0.090646982 -2.1262984 2.1730912 0.016244745 -2.1629236 2.1707802 0.087187424 -2.1440439 2.1706877 0.090646982 -2.1669838 2.1719139 0.051716119 -2.1440439 2.1706877 0.090646982 -2.125109 2.1706102 0.093679078 -2.1262984 2.1730912 0.016244745 -2.1729069 2.1646321 0.051837675 -2.1681719 2.133513 0.053848095 -2.1664581 2.1493671 0.089536555 -2.1664581 2.1493671 0.089536555 -2.1688333 2.163506 0.087430485 -2.1729069 2.1646321 0.051837675 -2.0754213 2.2630105 0.085488334 -2.1114118 2.2610652 0.049457099 -2.1109004 2.2573545 0.082669266 -2.0742383 2.2633553 0.085522503 -2.074749 2.2711761 0.016244754 -2.0749421 2.2711158 0.016244814 -2.0749421 2.2711158 0.016244814 -2.0758734 2.2708213 0.016244814 -2.075681 2.2669108 0.050869294 -2.0733063 2.2640197 0.085594848 -2.0741074 2.2716007 0.016244754 -2.074749 2.2711761 0.016244754 -2.0003822 2.2751267 0.10112131 -2.0003893 2.2822018 0.01624475 -2.0551553 2.2795289 0.016244754 -2.0675929 2.267097 0.099717259 -2.0714219 2.2733192 0.016244754 -2.0741074 2.2716007 0.016244754 -2.0675929 2.267097 0.099717259 -2.0667956 2.2762814 0.016244754 -2.0714219 2.2733192 0.016244754 -2.0599549 2.2711596 0.099394955 -2.0655899 2.2768307 0.016244814 -2.0667956 2.2762814 0.016244754 -2.0635297 2.2774336 0.016244814 -2.0655899 2.2768307 0.016244814 -2.0599549 2.2711596 0.099394955 -2.0530481 2.2763667 0.057933211 -2.0573251 2.2792497 0.016244754 -2.0635297 2.2774336 0.016244814 -2.0551553 2.2795289 0.016244754 -2.0573251 2.2792497 0.016244754 -2.0530481 2.2763667 0.057933211 -2.0758734 2.2708213 0.016244814 -2.1119232 2.2647762 0.016244816 -2.075681 2.2669108 0.050869294 -2.0742383 2.2633553 0.085522503 -2.075681 2.2669108 0.050869294 -2.0753229 2.2630231 0.085495122 -2.0742383 2.2633553 0.085522503 -2.0749421 2.2711158 0.016244814 -2.075681 2.2669108 0.050869294 -2.0733063 2.2640197 0.085594848 -2.074749 2.2711761 0.016244754 -2.0742383 2.2633553 0.085522503 -2.0168781 2.275125 0.10113364 -2.0551553 2.2795289 0.016244754 -2.0530481 2.2763667 0.057933211 -2.0003822 2.2751267 0.10112131 -2.0551553 2.2795289 0.016244754 -2.0168781 2.275125 0.10113364 -2.0741074 2.2716007 0.016244754 -2.0733063 2.2640197 0.085594848 -2.0675929 2.267097 0.099717259 -2.0599549 2.2711596 0.099394955 -2.0667956 2.2762814 0.016244754 -2.0675929 2.267097 0.099717259 -2.0635297 2.2774336 0.016244814 -2.059505 2.2712643 0.09940587 -2.0512938 2.2731664 0.099601187 -2.0635297 2.2774336 0.016244814 -2.0596621 2.2712276 0.099401742 -2.059505 2.2712643 0.09940587 -2.0599549 2.2711596 0.099394955 -2.0596621 2.2712276 0.099401742 -2.0635297 2.2774336 0.016244814 -2.0530481 2.2763667 0.057933211 -2.0635297 2.2774336 0.016244814 -2.0512938 2.2731664 0.099601187 -2.075681 2.2669108 0.050869294 -2.1114118 2.2610652 0.049457099 -2.0754213 2.2630105 0.085488334 -2.0754213 2.2630105 0.085488334 -2.0753229 2.2630231 0.085495122 -2.075681 2.2669108 0.050869294 -2.1519563 2.062748 0.086404778 -2.1587167 2.1194525 0.076438472 -2.1564903 2.0622029 0.078522705 -2.1594131 2.1234691 0.093191482 -2.1624746 2.1290662 0.092265464 -2.1634407 2.1218321 0.054718114 -2.1594131 2.1234691 0.093191482 -2.1609113 2.1213267 0.070598334 -2.1596789 2.1202731 0.073878974 -2.1664581 2.1493671 0.089536555 -2.1681719 2.133513 0.053848095 -2.1642919 2.1351688 0.091451444 -2.116276 2.2548795 0.049347814 -2.1156356 2.2159789 0.088532709 -2.1157646 2.2511814 0.082452171 -2.1167874 2.2585778 0.016244814 -2.1156356 2.2159789 0.088532709 -2.116276 2.2548795 0.049347814 -2.1167874 2.2585778 0.016244814 -2.115521 2.1806524 0.093696781 -2.1156356 2.2159789 0.088532709 -2.1167874 2.2585778 0.016244814 -2.1167116 2.1831346 0.016244804 -2.115521 2.1806524 0.093696781 -1.9259771 1.7366407 0.085522436 -1.9254615 1.7288235 0.016244739 -1.9252683 1.7288841 0.01624468 -1.9252683 1.7288841 0.01624468 -1.9243374 1.7291784 0.016244739 -1.9245297 1.7330889 0.050869219 -1.9269042 1.73598 0.085594833 -1.9261032 1.728399 0.016244739 -1.9254615 1.7288235 0.016244739 -1.9326178 1.7329026 0.099717185 -1.9287889 1.7266805 0.016244739 -1.9261032 1.728399 0.016244739 -1.9326178 1.7329026 0.099717185 -1.9334151 1.7237184 0.016244739 -1.9287889 1.7266805 0.016244739 -1.9402555 1.72884 0.09939488 -1.9346207 1.7231691 0.01624468 -1.9334151 1.7237184 0.016244739 -1.9366809 1.7225662 0.016244739 -1.9346207 1.7231691 0.01624468 -1.9402555 1.72884 0.09939488 -1.9471624 1.7236331 0.057933137 -1.9428855 1.7207502 0.016244739 -1.9366809 1.7225662 0.016244739 -1.9450552 1.7204708 0.01624468 -1.9428855 1.7207502 0.016244739 -1.9471624 1.7236331 0.057933137 -1.9243374 1.7291784 0.016244739 -1.8882873 1.7352237 0.016244737 -1.9245297 1.7330889 0.050869219 -1.9471624 1.7236331 0.057933137 -1.9998213 1.7177981 0.016244683 -1.9450552 1.7204708 0.01624468 -1.9259771 1.7366407 0.085522436 -1.9245297 1.7330889 0.050869219 -1.9248877 1.7369766 0.085495055 -1.9259771 1.7366407 0.085522436 -1.9252683 1.7288841 0.01624468 -1.9245297 1.7330889 0.050869219 -1.9269042 1.73598 0.085594833 -1.9254615 1.7288235 0.016244739 -1.9259771 1.7366407 0.085522436 -1.9261032 1.728399 0.016244739 -1.9269042 1.73598 0.085594833 -1.9326178 1.7329026 0.099717185 -1.9402555 1.72884 0.09939488 -1.9334151 1.7237184 0.016244739 -1.9326178 1.7329026 0.099717185 -1.9366809 1.7225662 0.016244739 -1.9407055 1.7287354 0.099405855 -1.9489168 1.7268333 0.099601112 -1.9366809 1.7225662 0.016244739 -1.9405483 1.728772 0.099401727 -1.9407055 1.7287354 0.099405855 -1.9402555 1.72884 0.09939488 -1.9405483 1.728772 0.099401727 -1.9366809 1.7225662 0.016244739 -1.9471624 1.7236331 0.057933137 -1.9366809 1.7225662 0.016244739 -1.9489168 1.7268333 0.099601112 -1.9245297 1.7330889 0.050869219 -1.8887987 1.7389344 0.049456965 -1.9247892 1.7369893 0.085488267 -1.9247892 1.7369893 0.085488267 -1.9248877 1.7369766 0.085495055 -1.9245297 1.7330889 0.050869219 -1.9833325 1.7248747 0.10113351 -1.9998213 1.7177981 0.016244683 -1.9471624 1.7236331 0.057933137 -1.9998281 1.7246324 0.10131249 -1.9998213 1.7177981 0.016244683 -1.9833325 1.7248747 0.10113351 -1.8268385 1.8274376 0.016244685 -1.8348812 1.8297713 0.087220058 -1.8288088 1.826964 0.016244685 -1.8267521 1.8274943 0.016244685 -1.8348812 1.8297713 0.087220058 -1.8268385 1.8274376 0.016244685 -1.8348812 1.8297713 0.087220058 -1.8291616 1.8269536 0.016244685 -1.8288088 1.826964 0.016244685 -1.8251401 1.8285506 0.016244745 -1.832708 1.831429 0.08728154 -1.8267521 1.8274943 0.016244685 -1.8246284 1.8292197 0.016244685 -1.832708 1.831429 0.08728154 -1.8251401 1.8285506 0.016244745 -1.8238924 1.8301811 0.016244685 -1.8315114 1.8337945 0.087355301 -1.8246284 1.8292197 0.016244685 -1.8233813 1.8316994 0.016244687 -1.8314995 1.8339349 0.087359376 -1.8238924 1.8301811 0.016244685 -1.8232294 1.8321521 0.016244747 -1.8314995 1.8339349 0.087359376 -1.8233813 1.8316994 0.016244687 -1.8232279 1.8342417 0.016244747 -1.8273038 1.8353677 0.051837556 -1.8232294 1.8321521 0.016244747 -1.885941 1.7449125 0.082523085 -1.8847489 1.7374586 0.01624468 -1.8837618 1.7393221 0.01624468 -1.8868294 1.7437904 0.082564093 -1.8862658 1.7360498 0.016244678 -1.8847489 1.7374586 0.01624468 -1.8874879 1.7434874 0.082591414 -1.8864254 1.7359843 0.016244737 -1.8862658 1.7360498 0.016244678 -1.8849059 1.7467535 0.082475282 -1.8837618 1.7393221 0.01624468 -1.8834231 1.7414219 0.016244739 -1.8887987 1.7389344 0.049456965 -1.8882873 1.7352237 0.016244737 -1.8864254 1.7359843 0.016244737 -1.8834294 1.8180768 0.016244749 -1.8846897 1.8193474 0.093696721 -1.883499 1.8168652 0.016244749 -1.882661 1.8202412 0.016244749 -1.8844758 1.8215023 0.094075084 -1.8834294 1.8180768 0.016244749 -1.8805162 1.8237565 0.016244749 -1.8818042 1.8263489 0.094476581 -1.8818675 1.822472 0.016244689 -1.8784765 1.825695 0.016244749 -1.879437 1.8283317 0.094376914 -1.8805162 1.8237565 0.016244749 -1.8771746 1.8260412 0.016244749 -1.8787553 1.828498 0.094267637 -1.8784765 1.825695 0.016244749 -1.8739121 1.8269087 0.016244749 -1.878387 1.8285886 0.094207563 -1.8771746 1.8260412 0.016244749 -1.882661 1.8202412 0.016244749 -1.8818675 1.822472 0.016244689 -1.8837501 1.8230859 0.094236299 -1.8332268 1.828086 0.051716 -1.8739121 1.8269087 0.016244749 -1.8291616 1.8269536 0.016244685 -1.8273038 1.8353677 0.051837556 -1.8281578 1.8681298 0.016244691 -1.8320388 1.8664868 0.053848043 -1.8232279 1.8342417 0.016244747 -1.8281578 1.8681298 0.016244691 -1.8273038 1.8353677 0.051837556 -1.9245297 1.7330889 0.050869219 -1.8882873 1.7352237 0.016244737 -1.8887987 1.7389344 0.049456965 -1.8347648 1.8297977 0.087221414 -1.8348812 1.8297713 0.087220058 -1.8267521 1.8274943 0.016244685 -1.8348812 1.8297713 0.087220058 -1.8332268 1.828086 0.051716 -1.8291616 1.8269536 0.016244685 -1.8372871 1.8292195 0.087187305 -1.8332268 1.828086 0.051716 -1.8348812 1.8297713 0.087220058 -1.8267521 1.8274943 0.016244685 -1.832708 1.831429 0.08728154 -1.8347648 1.8297977 0.087221414 -1.8246284 1.8292197 0.016244685 -1.8315114 1.8337945 0.087355301 -1.832708 1.831429 0.08728154 -1.8238924 1.8301811 0.016244685 -1.8314995 1.8339349 0.087359376 -1.8315114 1.8337945 0.087355301 -1.8232294 1.8321521 0.016244747 -1.8273038 1.8353677 0.051837556 -1.8314995 1.8339349 0.087359376 -1.8273038 1.8353677 0.051837556 -1.8313773 1.8364937 0.087430425 -1.8314995 1.8339349 0.087359376 -1.8868294 1.7437904 0.082564093 -1.8847489 1.7374586 0.01624468 -1.885941 1.7449125 0.082523085 -1.8874879 1.7434874 0.082591414 -1.8862658 1.7360498 0.016244678 -1.8868294 1.7437904 0.082564093 -1.8874879 1.7434874 0.082591414 -1.8887987 1.7389344 0.049456965 -1.8864254 1.7359843 0.016244737 -1.8893102 1.7426451 0.082669243 -1.8887987 1.7389344 0.049456965 -1.8874879 1.7434874 0.082591414 -1.8837618 1.7393221 0.01624468 -1.8850708 1.7460109 0.082484849 -1.885941 1.7449125 0.082523085 -1.8849059 1.7467535 0.082475282 -1.8850708 1.7460109 0.082484849 -1.8837618 1.7393221 0.01624468 -1.8849059 1.7467535 0.082475282 -1.8834231 1.7414219 0.016244739 -1.8839345 1.7451202 0.04934768 -1.8839345 1.7451202 0.04934768 -1.8844459 1.7488184 0.082452096 -1.8849059 1.7467535 0.082475282 -1.8834294 1.8180768 0.016244749 -1.8844758 1.8215023 0.094075084 -1.8846897 1.8193474 0.093696721 -1.882661 1.8202412 0.016244749 -1.8839093 1.8227371 0.094200715 -1.8844758 1.8215023 0.094075084 -1.8837501 1.8230859 0.094236299 -1.8839093 1.8227371 0.094200715 -1.882661 1.8202412 0.016244749 -1.8818675 1.822472 0.016244689 -1.8818042 1.8263489 0.094476581 -1.8825321 1.8257385 0.094506674 -1.8805162 1.8237565 0.016244749 -1.879437 1.8283317 0.094376914 -1.8818042 1.8263489 0.094476581 -1.8784765 1.825695 0.016244749 -1.8787553 1.828498 0.094267637 -1.879437 1.8283317 0.094376914 -1.8771746 1.8260412 0.016244749 -1.878387 1.8285886 0.094207563 -1.8787553 1.828498 0.094267637 -1.8837501 1.8230859 0.094236299 -1.8818675 1.822472 0.016244689 -1.8825321 1.8257385 0.094506674 -1.8739121 1.8269087 0.016244749 -1.8751016 1.8293896 0.093678966 -1.878387 1.8285886 0.094207563 -1.8332268 1.828086 0.051716 -1.8561667 1.8293121 0.090646863 -1.8739121 1.8269087 0.016244749 -1.8372871 1.8292195 0.087187305 -1.8561667 1.8293121 0.090646863 -1.8332268 1.828086 0.051716 -1.8561667 1.8293121 0.090646863 -1.8751016 1.8293896 0.093678966 -1.8739121 1.8269087 0.016244749 -1.8273038 1.8353677 0.051837556 -1.8320388 1.8664868 0.053848043 -1.8337523 1.8506328 0.089536503 -1.8337523 1.8506328 0.089536503 -1.8313773 1.8364937 0.087430425 -1.8273038 1.8353677 0.051837556 -1.9247892 1.7369893 0.085488267 -1.8887987 1.7389344 0.049456965 -1.8893102 1.7426451 0.082669243 -1.8320388 1.8664868 0.053848043 -1.8296448 1.8740458 0.016244691 -1.8297578 1.8742553 0.016244693 -1.8281578 1.8681298 0.016244691 -1.8296448 1.8740458 0.016244691 -1.8320388 1.8664868 0.053848043 -1.8297578 1.8742553 0.016244693 -1.8327423 1.8797934 0.016244693 -1.8367698 1.8781676 0.054718062 -1.8327423 1.8797934 0.016244693 -1.8366727 1.8806198 0.040777288 -1.8367698 1.8781676 0.054718062 -1.8327423 1.8797934 0.016244693 -1.8349249 1.8827813 0.016244693 -1.8366727 1.8806198 0.040777288 -1.8366727 1.8806198 0.040777288 -1.8388393 2.0001621 0.016244708 -1.8429284 2.0001581 0.071509272 -1.8366727 1.8806198 0.040777288 -1.8349249 1.8827813 0.016244693 -1.8388393 2.0001621 0.016244708 -1.8414718 1.9289117 0.069556199 -1.8392992 1.8786731 0.070598222 -1.8384168 1.8784531 0.065308519 -1.8414718 1.9289117 0.069556199 -1.8437203 1.9377968 0.078522675 -1.8392992 1.8786731 0.070598222 -1.8417536 1.9382616 0.069939934 -1.8437203 1.9377968 0.078522675 -1.8414718 1.9289117 0.069556199 -1.8417536 1.9382616 0.069939934 -1.8449773 2.0001559 0.080194458 -1.8437203 1.9377968 0.078522675 -1.842921 1.9771516 0.071532518 -1.8449773 2.0001559 0.080194458 -1.8417536 1.9382616 0.069939934 -1.8437203 1.9377968 0.078522675 -1.8405317 1.8797266 0.073878929 -1.8392992 1.8786731 0.070598222 -1.8414938 1.8805472 0.076438427 -1.8405317 1.8797266 0.073878929 -1.8437203 1.9377968 0.078522675 -1.842921 1.9771516 0.071532518 -1.8429284 2.0001581 0.071509272 -1.8449773 2.0001559 0.080194458 -1.8359187 1.864831 0.091451392 -1.8297578 1.8742553 0.016244693 -1.8372165 1.8699833 0.092108272 -1.8320388 1.8664868 0.053848043 -1.8297578 1.8742553 0.016244693 -1.8359187 1.864831 0.091451392 -1.8297578 1.8742553 0.016244693 -1.8377359 1.8709335 0.092265353 -1.8372165 1.8699833 0.092108272 -1.8367698 1.8781676 0.054718062 -1.8377359 1.8709335 0.092265353 -1.8297578 1.8742553 0.016244693 -1.8407973 1.8765305 0.093191378 -1.8384168 1.8784531 0.065308519 -1.8392992 1.8786731 0.070598222 -1.8367698 1.8781676 0.054718062 -1.8384168 1.8784531 0.065308519 -1.8407973 1.8765305 0.093191378 -1.8367698 1.8781676 0.054718062 -1.8366727 1.8806198 0.040777288 -1.8384168 1.8784531 0.065308519 -1.8417536 1.9382616 0.069939934 -1.8366727 1.8806198 0.040777288 -1.8429284 2.0001581 0.071509272 -1.8417536 1.9382616 0.069939934 -1.8384168 1.8784531 0.065308519 -1.8366727 1.8806198 0.040777288 -1.8414718 1.9289117 0.069556199 -1.8384168 1.8784531 0.065308519 -1.8417536 1.9382616 0.069939934 -1.8429284 2.0001581 0.071509272 -1.842921 1.9771516 0.071532518 -1.8417536 1.9382616 0.069939934 -1.8337523 1.8506328 0.089536503 -1.8320388 1.8664868 0.053848043 -1.8359187 1.864831 0.091451392 -1.8482542 1.9372505 0.086404748 -1.8414938 1.8805472 0.076438427 -1.8437203 1.9377968 0.078522675 -1.8407973 1.8765305 0.093191378 -1.8377359 1.8709335 0.092265353 -1.8367698 1.8781676 0.054718062 -1.8407973 1.8765305 0.093191378 -1.8392992 1.8786731 0.070598222 -1.8405317 1.8797266 0.073878929 -1.8839345 1.7451202 0.04934768 -1.8845749 1.7840208 0.088532642 -1.8844459 1.7488184 0.082452096 -1.8834231 1.7414219 0.016244739 -1.8845749 1.7840208 0.088532642 -1.8839345 1.7451202 0.04934768 -1.8834231 1.7414219 0.016244739 -1.8846897 1.8193474 0.093696721 -1.8845749 1.7840208 0.088532642 -1.8834231 1.7414219 0.016244739 -1.883499 1.8168652 0.016244749 -1.8846897 1.8193474 0.093696721 -1.925622 2.2711568 0.016244745 -1.9250671 2.2670624 0.050869223 -1.9248824 2.2709732 0.016244804 -1.9258082 2.2712646 0.016244745 -1.9265074 2.2635076 0.085522436 -1.925622 2.2711568 0.016244745 -1.9266499 2.2717493 0.016244745 -1.9274358 2.2641666 0.08559484 -1.9258082 2.2712646 0.016244745 -1.9477187 2.2764726 0.057933263 -1.9456179 2.2796392 0.016244806 -2.0003893 2.2822018 0.01624475 -1.937188 2.277755 0.016244747 -1.9412421 2.2714283 0.099394888 -1.9359945 2.2773023 0.016244806 -1.9456179 2.2796392 0.016244806 -1.9477187 2.2764726 0.057933263 -1.937188 2.277755 0.016244747 -1.9359945 2.2773023 0.016244806 -1.9410883 2.2713747 0.099394947 -1.9292623 2.2735815 0.016244745 -1.9266499 2.2717493 0.016244745 -1.9284121 2.2731106 0.016244804 -1.9274358 2.2641666 0.08559484 -1.9292623 2.2735815 0.016244745 -1.9331483 2.2672536 0.09971182 -1.9284121 2.2731106 0.016244804 -1.9250671 2.2670624 0.050869223 -1.8893244 2.2612886 0.049456969 -1.9248824 2.2709732 0.016244804 -1.925622 2.2711568 0.016244745 -1.9265074 2.2635076 0.085522436 -1.9250671 2.2670624 0.050869223 -1.9258082 2.2712646 0.016244745 -1.9274358 2.2641666 0.08559484 -1.9265074 2.2635076 0.085522436 -1.9265074 2.2635076 0.085522436 -1.9254172 2.2631726 0.085504673 -1.9250671 2.2670624 0.050869223 -2.0003822 2.2751267 0.10112131 -1.9477187 2.2764726 0.057933263 -2.0003893 2.2822018 0.01624475 -1.937188 2.277755 0.016244747 -1.9477187 2.2764726 0.057933263 -1.9412421 2.2714283 0.099394888 -1.9292623 2.2735815 0.016244745 -1.9410883 2.2713747 0.099394947 -1.9331483 2.2672536 0.09971182 -1.9412421 2.2714283 0.099394888 -1.9410883 2.2713747 0.099394947 -1.9359945 2.2773023 0.016244806 -1.9274358 2.2641666 0.08559484 -1.9284121 2.2731106 0.016244804 -1.9331483 2.2672536 0.09971182 -1.9254172 2.2631726 0.085504673 -1.8898884 2.2575881 0.08267609 -1.9250671 2.2670624 0.050869223 -1.8300735 2.1258488 0.01624476 -1.8380247 2.1293676 0.092272229 -1.8329846 2.1205428 0.016244773 -1.8300135 2.1260808 0.01624476 -1.8380247 2.1293676 0.092272229 -1.8300735 2.1258488 0.01624476 -1.8284235 2.1322155 0.016244782 -1.8323078 2.1338511 0.053848077 -1.8300135 2.1260808 0.01624476 -1.8369132 2.1197085 0.040777314 -1.8329846 2.1205428 0.016244773 -1.8370153 2.1221607 0.054718092 -1.8351612 2.1175506 0.016244773 -1.8329846 2.1205428 0.016244773 -1.8369132 2.1197085 0.040777314 -1.8429284 2.0001581 0.071509272 -1.8351612 2.1175506 0.016244773 -1.8369132 2.1197085 0.040777314 -1.8429284 2.0001581 0.071509272 -1.8388393 2.0001621 0.016244708 -1.8351612 2.1175506 0.016244773 -1.8438458 2.0625174 0.07852269 -1.8429359 2.0254633 0.07148473 -1.8418578 2.0620542 0.069911331 -1.8406553 2.1207559 0.073904917 -1.8438458 2.0625174 0.07852269 -1.8405055 2.1209028 0.07361123 -1.8449773 2.0001559 0.080194458 -1.8429284 2.0001581 0.071509272 -1.8429359 2.0254633 0.07148473 -1.8415132 2.0737526 0.069408692 -1.8405055 2.1209028 0.07361123 -1.8438458 2.0625174 0.07852269 -1.8415132 2.0737526 0.069408692 -1.8390434 2.1219127 0.068337873 -1.8405055 2.1209028 0.07361123 -1.8386618 2.1218717 0.065308549 -1.8390434 2.1219127 0.068337873 -1.8415132 2.0737526 0.069408692 -1.8438458 2.0625174 0.07852269 -1.8418578 2.0620542 0.069911331 -1.8415132 2.0737526 0.069408692 -1.8329846 2.1205428 0.016244773 -1.8380247 2.1293676 0.092272229 -1.8370153 2.1221607 0.054718092 -1.8300135 2.1260808 0.01624476 -1.8323078 2.1338511 0.053848077 -1.8380247 2.1293676 0.092272229 -1.8386618 2.1218717 0.065308549 -1.8370153 2.1221607 0.054718092 -1.8390434 2.1219127 0.068337873 -1.8369132 2.1197085 0.040777314 -1.8370153 2.1221607 0.054718092 -1.8386618 2.1218717 0.065308549 -1.8410461 2.1237895 0.093191408 -1.8390434 2.1219127 0.068337873 -1.8370153 2.1221607 0.054718092 -1.8415132 2.0737526 0.069408692 -1.8369132 2.1197085 0.040777314 -1.8386618 2.1218717 0.065308549 -1.8418578 2.0620542 0.069911331 -1.8369132 2.1197085 0.040777314 -1.8415132 2.0737526 0.069408692 -1.8418578 2.0620542 0.069911331 -1.8429284 2.0001581 0.071509272 -1.8369132 2.1197085 0.040777314 -1.8429359 2.0254633 0.07148473 -1.8429284 2.0001581 0.071509272 -1.8418578 2.0620542 0.069911331 -1.8236182 2.1684778 0.016244786 -1.8318353 2.1664038 0.087359414 -1.8235236 2.1663921 0.016244764 -1.8236916 2.1686645 0.016244838 -1.8318353 2.1664038 0.087359414 -1.8236182 2.1684778 0.016244786 -1.8318353 2.1664038 0.087359414 -1.8235619 2.1661136 0.016244764 -1.8235236 2.1663921 0.016244764 -1.8249723 2.1711266 0.016244778 -1.833086 2.1689422 0.087280229 -1.824374 2.1704223 0.016244778 -1.8257186 2.1720049 0.016244764 -1.833086 2.1689422 0.087280229 -1.8249723 2.1711266 0.016244778 -1.8271189 2.1728151 0.016244765 -1.833086 2.1689422 0.087280229 -1.8257186 2.1720049 0.016244764 -1.824374 2.1704223 0.016244778 -1.8318474 2.1665518 0.087355345 -1.8236916 2.1686645 0.016244838 -1.8275019 2.1730354 0.01624484 -1.835224 2.1705618 0.087220155 -1.8271189 2.1728151 0.016244765 -1.8295103 2.1733897 0.016244765 -1.8335731 2.1722493 0.051716086 -1.8275019 2.1730354 0.01624484 -1.8893244 2.2612886 0.049456969 -1.8869473 2.2642713 0.016244801 -1.8888205 2.2650006 0.016244741 -1.8879288 2.2566807 0.082588702 -1.8854014 2.2629294 0.016244741 -1.8869473 2.2642713 0.016244801 -1.8872515 2.2563617 0.082560025 -1.8853389 2.2628217 0.016244741 -1.8854014 2.2629294 0.016244741 -1.8864343 2.2553341 0.082523085 -1.8843638 2.261127 0.016244741 -1.8853389 2.2628217 0.016244741 -1.8864343 2.2553341 0.082523085 -1.8843191 2.2608786 0.016244741 -1.8843638 2.261127 0.016244741 -1.8844476 2.2551129 0.04934774 -1.8839437 2.258812 0.016244741 -1.8843191 2.2608786 0.016244741 -1.8754153 2.1734176 0.016244782 -1.8754452 2.1708612 0.093679048 -1.8742607 2.1733446 0.016244842 -1.8774902 2.174222 0.01624473 -1.8775122 2.1710801 0.094068281 -1.8754153 2.1734176 0.016244782 -1.8808531 2.1764648 0.01624479 -1.8821359 2.1738598 0.094479397 -1.879619 2.1750476 0.016244767 -1.8774902 2.174222 0.01624473 -1.879619 2.1750476 0.016244767 -1.8790169 2.1718359 0.094232209 -1.8827059 2.1785927 0.016244791 -1.8842591 2.1774485 0.094208963 -1.8808531 2.1764648 0.01624479 -1.8842591 2.1774485 0.094208963 -1.8830373 2.1799595 0.016244732 -1.8838677 2.1833689 0.016244791 -1.8827059 2.1785927 0.016244791 -1.8830373 2.1799595 0.016244732 -1.8842591 2.1774485 0.094208963 -1.8335731 2.1722493 0.051716086 -1.8295103 2.1733897 0.016244765 -1.8742607 2.1733446 0.016244842 -1.8235619 2.1661136 0.016244764 -1.8323078 2.1338511 0.053848077 -1.8284235 2.1322155 0.016244782 -1.8276354 2.1649795 0.051837627 -1.8323078 2.1338511 0.053848077 -1.8235619 2.1661136 0.016244764 -1.9248824 2.2709732 0.016244804 -1.8893244 2.2612886 0.049456969 -1.8888205 2.2650006 0.016244741 -1.8236916 2.1686645 0.016244838 -1.8318474 2.1665518 0.087355345 -1.8318353 2.1664038 0.087359414 -1.8318353 2.1664038 0.087359414 -1.8276354 2.1649795 0.051837627 -1.8235619 2.1661136 0.016244764 -1.8317066 2.1638453 0.087430462 -1.8276354 2.1649795 0.051837627 -1.8318353 2.1664038 0.087359414 -1.8351113 2.1705358 0.087221511 -1.833086 2.1689422 0.087280229 -1.8271189 2.1728151 0.016244765 -1.833086 2.1689422 0.087280229 -1.8318474 2.1665518 0.087355345 -1.824374 2.1704223 0.016244778 -1.8271189 2.1728151 0.016244765 -1.835224 2.1705618 0.087220155 -1.8351113 2.1705358 0.087221511 -1.8275019 2.1730354 0.01624484 -1.8335731 2.1722493 0.051716086 -1.835224 2.1705618 0.087220155 -1.8364005 2.1708279 0.087203749 -1.8335731 2.1722493 0.051716086 -1.8376311 2.1711075 0.08718729 -1.835224 2.1705618 0.087220155 -1.8335731 2.1722493 0.051716086 -1.8364005 2.1708279 0.087203749 -1.8854289 2.2534475 0.082476705 -1.8843191 2.2608786 0.016244741 -1.8856375 2.2543328 0.08248762 -1.8854289 2.2534475 0.082476705 -1.8844476 2.2551129 0.04934774 -1.8843191 2.2608786 0.016244741 -1.8849517 2.2514136 0.082452156 -1.8844476 2.2551129 0.04934774 -1.8854289 2.2534475 0.082476705 -1.8879288 2.2566807 0.082588702 -1.8869473 2.2642713 0.016244801 -1.8893244 2.2612886 0.049456969 -1.8872515 2.2563617 0.082560025 -1.8854014 2.2629294 0.016244741 -1.8879288 2.2566807 0.082588702 -1.8864343 2.2553341 0.082523085 -1.8853389 2.2628217 0.016244741 -1.8872515 2.2563617 0.082560025 -1.8856375 2.2543328 0.08248762 -1.8843191 2.2608786 0.016244741 -1.8864343 2.2553341 0.082523085 -1.8893244 2.2612886 0.049456969 -1.8898884 2.2575881 0.08267609 -1.8879288 2.2566807 0.082588702 -1.8754153 2.1734176 0.016244782 -1.8775122 2.1710801 0.094068281 -1.8754452 2.1708612 0.093679048 -1.8774902 2.174222 0.01624473 -1.8786806 2.1716671 0.094195269 -1.8775122 2.1710801 0.094068281 -1.8790169 2.1718359 0.094232209 -1.8786806 2.1716671 0.094195269 -1.8774902 2.174222 0.01624473 -1.879619 2.1750476 0.016244767 -1.8815531 2.1731091 0.094506718 -1.8790169 2.1718359 0.094232209 -1.879619 2.1750476 0.016244767 -1.8821359 2.1738598 0.094479397 -1.8815531 2.1731091 0.094506718 -1.8839806 2.1762409 0.09438923 -1.8821359 2.1738598 0.094479397 -1.8808531 2.1764648 0.01624479 -1.8808531 2.1764648 0.01624479 -1.8841711 2.1770661 0.094266348 -1.8839806 2.1762409 0.09438923 -1.8808531 2.1764648 0.01624479 -1.8842591 2.1774485 0.094208963 -1.8841711 2.1770661 0.094266348 -1.8842591 2.1774485 0.094208963 -1.8838677 2.1833689 0.016244791 -1.8850535 2.1808844 0.093696825 -1.8565105 2.1709769 0.09064696 -1.8742607 2.1733446 0.016244842 -1.8754452 2.1708612 0.093679048 -1.8565105 2.1709769 0.09064696 -1.8335731 2.1722493 0.051716086 -1.8742607 2.1733446 0.016244842 -1.8376311 2.1711075 0.08718729 -1.8335731 2.1722493 0.051716086 -1.8565105 2.1709769 0.09064696 -1.8276354 2.1649795 0.051837627 -1.8340533 2.1497014 0.089536592 -1.8323078 2.1338511 0.053848077 -1.8317066 2.1638453 0.087430462 -1.8340533 2.1497014 0.089536592 -1.8276354 2.1649795 0.051837627 -1.9250671 2.2670624 0.050869223 -1.8898884 2.2575881 0.08267609 -1.8893244 2.2612886 0.049456969 -1.8438458 2.0625174 0.07852269 -1.8449773 2.0001559 0.080194458 -1.8429359 2.0254633 0.07148473 -1.843707 2.1177905 0.079870746 -1.8438458 2.0625174 0.07852269 -1.8406553 2.1207559 0.073904917 -1.8383718 2.1282058 0.092426598 -1.8370153 2.1221607 0.054718092 -1.8380247 2.1293676 0.092272229 -1.8323078 2.1338511 0.053848077 -1.8361909 2.135499 0.091451362 -1.8380247 2.1293676 0.092272229 -1.8383718 2.1282058 0.092426598 -1.8410461 2.1237895 0.093191408 -1.8370153 2.1221607 0.054718092 -1.8410461 2.1237895 0.093191408 -1.8405055 2.1209028 0.07361123 -1.8390434 2.1219127 0.068337873 -1.8406553 2.1207559 0.073904917 -1.8405055 2.1209028 0.07361123 -1.8410461 2.1237895 0.093191408 -1.8340533 2.1497014 0.089536592 -1.8361909 2.135499 0.091451362 -1.8323078 2.1338511 0.053848077 -1.8838677 2.1833689 0.016244791 -1.8850098 2.2162111 0.088532694 -1.8850535 2.1808844 0.093696825 -1.8838677 2.1833689 0.016244791 -1.8849517 2.2514136 0.082452156 -1.8850098 2.2162111 0.088532694 -1.8838677 2.1833689 0.016244791 -1.8844476 2.2551129 0.04934774 -1.8849517 2.2514136 0.082452156 -1.8838677 2.1833689 0.016244791 -1.8839437 2.258812 0.016244741 -1.8844476 2.2551129 0.04934774 -2.1632242 1.8493718 0.093056142 -2.1665983 1.8353913 0.090498 -2.1655874 1.8351402 0.0909447 -2.1624887 1.8639505 0.094349675 -2.1675048 1.8356663 0.089709945 -2.1669958 1.83549 0.090323158 -2.1635356 1.8642492 0.093098573 -2.1680319 1.8358501 0.089074895 -2.1675048 1.8356663 0.089709945 -2.1681569 1.8359303 0.088640533 -2.1680319 1.8358501 0.089074895 -2.1635356 1.8642492 0.093098573 -2.1681569 1.8359303 0.088640533 -2.1640196 1.8645009 0.091451406 -2.1661572 1.8502983 0.089536518 -2.1681569 1.8359303 0.088640533 -2.1636665 1.8643168 0.092656009 -2.1640196 1.8645009 0.091451406 -2.1681569 1.8359303 0.088640533 -2.1635356 1.8642492 0.093098573 -2.1636665 1.8643168 0.092656009 -2.1661572 1.8502983 0.089536518 -2.168504 1.8361545 0.08743038 -2.1681569 1.8359303 0.088640533 -2.1665983 1.8353913 0.090498 -2.1650455 1.8330913 0.090801246 -2.1655445 1.8340616 0.090821728 -2.1665983 1.8353913 0.090498 -2.1657937 1.8323882 0.090381935 -2.1650455 1.8330913 0.090801246 -2.166465 1.8317441 0.08957611 -2.1657937 1.8323882 0.090381935 -2.1665983 1.8353913 0.090498 -2.166465 1.8317441 0.08957611 -2.1645911 1.8314136 0.090478942 -2.1657937 1.8323882 0.090381935 -2.164901 1.8304526 0.089641668 -2.1645911 1.8314136 0.090478942 -2.166465 1.8317441 0.08957611 -2.164901 1.8304526 0.089641668 -2.163105 1.8310251 0.090588167 -2.1645911 1.8314136 0.090478942 -2.1630757 1.8305711 0.090410672 -2.163105 1.8310251 0.090588167 -2.164901 1.8304526 0.089641668 -2.1674092 1.8335869 0.089623906 -2.1669958 1.83549 0.090323158 -2.1675048 1.8356663 0.089709945 -2.1674092 1.8335869 0.089623906 -2.166465 1.8317441 0.08957611 -2.1669958 1.83549 0.090323158 -2.1680486 1.8334671 0.088546291 -2.166465 1.8317441 0.08957611 -2.1674092 1.8335869 0.089623906 -2.1680486 1.8334671 0.088546291 -2.1669266 1.8312796 0.088483453 -2.166465 1.8317441 0.08957611 -2.1683631 1.8334479 0.087355264 -2.1669266 1.8312796 0.088483453 -2.1680486 1.8334671 0.088546291 -2.166465 1.8317441 0.08957611 -2.1665983 1.8353913 0.090498 -2.1669958 1.83549 0.090323158 -2.1650994 1.8294641 0.087221488 -2.1669266 1.8312796 0.088483453 -2.1671245 1.8310573 0.087280206 -2.1650994 1.8294641 0.087221488 -2.1650624 1.8297676 0.088486224 -2.1669266 1.8312796 0.088483453 -2.1649866 1.8294379 0.087220073 -2.1650624 1.8297676 0.088486224 -2.1650994 1.8294641 0.087221488 -2.1649866 1.8294379 0.087220073 -2.1639519 1.8293422 0.088510826 -2.1650624 1.8297676 0.088486224 -2.16381 1.8291719 0.087203734 -2.1639519 1.8293422 0.088510826 -2.1649866 1.8294379 0.087220073 -2.16381 1.8291719 0.087203734 -2.1627815 1.8292382 0.088517614 -2.1639519 1.8293422 0.088510826 -2.1625795 1.8288921 0.087187327 -2.1627815 1.8292382 0.088517614 -2.16381 1.8291719 0.087203734 -2.1680486 1.8334671 0.088546291 -2.1683753 1.833596 0.087359399 -2.1683631 1.8334479 0.087355264 -2.1681569 1.8359303 0.088640533 -2.1683753 1.833596 0.087359399 -2.1680486 1.8334671 0.088546291 -2.1681569 1.8359303 0.088640533 -2.168504 1.8361545 0.08743038 -2.1683753 1.833596 0.087359399 -2.164901 1.8304526 0.089641668 -2.1629694 1.8299817 0.089727707 -2.1630757 1.8305711 0.090410672 -2.1650624 1.8297676 0.088486224 -2.1629694 1.8299817 0.089727707 -2.164901 1.8304526 0.089641668 -2.1650624 1.8297676 0.088486224 -2.1628585 1.8293685 0.08901754 -2.1629694 1.8299817 0.089727707 -2.1639519 1.8293422 0.088510826 -2.1628585 1.8293685 0.08901754 -2.1650624 1.8297676 0.088486224 -2.1639519 1.8293422 0.088510826 -2.1627815 1.8292382 0.088517614 -2.1628585 1.8293685 0.08901754 -2.1680319 1.8358501 0.089074895 -2.1674092 1.8335869 0.089623906 -2.1675048 1.8356663 0.089709945 -2.1680319 1.8358501 0.089074895 -2.1680486 1.8334671 0.088546291 -2.1674092 1.8335869 0.089623906 -2.1681569 1.8359303 0.088640533 -2.1680486 1.8334671 0.088546291 -2.1680319 1.8358501 0.089074895 -2.1683631 1.8334479 0.087355264 -2.1671245 1.8310573 0.087280206 -2.1669266 1.8312796 0.088483453 -2.1650624 1.8297676 0.088486224 -2.166465 1.8317441 0.08957611 -2.1669266 1.8312796 0.088483453 -2.164901 1.8304526 0.089641668 -2.166465 1.8317441 0.08957611 -2.1650624 1.8297676 0.088486224 -2.1657937 1.8323882 0.090381935 -2.1641374 1.8324225 0.090896904 -2.1650455 1.8330913 0.090801246 -2.1645911 1.8314136 0.090478942 -2.1641374 1.8324225 0.090896904 -2.1657937 1.8323882 0.090381935 -2.1645911 1.8314136 0.090478942 -2.1631842 1.8322353 0.091057993 -2.1641374 1.8324225 0.090896904 -2.163105 1.8310251 0.090588167 -2.1631842 1.8322353 0.091057993 -2.1645911 1.8314136 0.090478942 -2.1655445 1.8340616 0.090821728 -2.1655874 1.8351402 0.0909447 -2.1665983 1.8353913 0.090498 -2.1437001 1.8290228 0.090646878 -2.1627815 1.8292382 0.088517614 -2.1625795 1.8288921 0.087187327 -2.1249206 1.8294845 0.09501747 -2.1627815 1.8292382 0.088517614 -2.1437001 1.8290228 0.090646878 -2.1249206 1.8294845 0.09501747 -2.1628585 1.8293685 0.08901754 -2.1627815 1.8292382 0.088517614 -2.1249795 1.8296148 0.095520109 -2.1629694 1.8299817 0.089727707 -2.1628585 1.8293685 0.08901754 -2.1655445 1.8340616 0.090821728 -2.1650455 1.8330913 0.090801246 -2.1655874 1.8351402 0.0909447 -2.1631842 1.8322353 0.091057993 -2.1650455 1.8330913 0.090801246 -2.1641374 1.8324225 0.090896904 -2.1621082 1.8638731 0.094518974 -2.1665983 1.8353913 0.090498 -2.1632242 1.8493718 0.093056142 -2.1621082 1.8638731 0.094518974 -2.1669958 1.83549 0.090323158 -2.1665983 1.8353913 0.090498 -2.1624887 1.8639505 0.094349675 -2.1669958 1.83549 0.090323158 -2.1621082 1.8638731 0.094518974 -2.1630123 1.8640993 0.093724065 -2.1675048 1.8356663 0.089709945 -2.1624887 1.8639505 0.094349675 -2.1635356 1.8642492 0.093098573 -2.1675048 1.8356663 0.089709945 -2.1630123 1.8640993 0.093724065 -2.1626079 1.85346 0.09360522 -2.1621082 1.8638731 0.094518974 -2.1632242 1.8493718 0.093056142 -2.1626079 1.85346 0.09360522 -2.1610711 1.8636622 0.094976522 -2.1621082 1.8638731 0.094518974 -2.1249795 1.8296148 0.095520109 -2.1628585 1.8293685 0.08901754 -2.1249206 1.8294845 0.09501747 -2.1250629 1.8302155 0.096220717 -2.1629694 1.8299817 0.089727707 -2.1249795 1.8296148 0.095520109 -2.1250629 1.8302155 0.096220717 -2.1630757 1.8305711 0.090410672 -2.1629694 1.8299817 0.089727707 -2.1251464 1.8308173 0.096921444 -2.1630757 1.8305711 0.090410672 -2.1250629 1.8302155 0.096220717 -2.1251464 1.8308173 0.096921444 -2.163105 1.8310251 0.090588167 -2.1630757 1.8305711 0.090410672 -2.1251695 1.8312714 0.097100355 -2.163105 1.8310251 0.090588167 -2.1251464 1.8308173 0.096921444 -2.1251695 1.8312714 0.097100355 -2.1442351 1.8323648 0.094529882 -2.163105 1.8310251 0.090588167 -2.1437001 1.8290228 0.090646878 -2.1247654 1.8291384 0.093678981 -2.1249206 1.8294845 0.09501747 -2.1442351 1.8323648 0.094529882 -2.1631842 1.8322353 0.091057993 -2.163105 1.8310251 0.090588167 -2.1632242 1.8493718 0.093056142 -2.1252296 1.8324817 0.097574256 -2.1626079 1.85346 0.09360522 -2.1632242 1.8493718 0.093056142 -2.1442351 1.8323648 0.094529882 -2.1252296 1.8324817 0.097574256 -2.1655874 1.8351402 0.0909447 -2.1442351 1.8323648 0.094529882 -2.1632242 1.8493718 0.093056142 -2.1655874 1.8351402 0.0909447 -2.1650455 1.8330913 0.090801246 -2.1442351 1.8323648 0.094529882 -2.1442351 1.8323648 0.094529882 -2.1650455 1.8330913 0.090801246 -2.1631842 1.8322353 0.091057993 -2.0811787 1.7451575 0.089708574 -2.0944114 1.7717214 0.09275572 -2.0821528 1.7446799 0.089229189 -2.0808187 1.7453334 0.089884773 -2.0977838 1.7834488 0.094505325 -2.0811787 1.7451575 0.089708574 -2.1103616 1.7434951 0.084913298 -2.0763657 1.7380608 0.087654419 -2.1103165 1.744022 0.085523799 -2.1103616 1.7434951 0.084913298 -2.076051 1.7378367 0.087532863 -2.0763657 1.7380608 0.087654419 -2.1104105 1.7429482 0.084279545 -2.076051 1.7378367 0.087532863 -2.1103616 1.7434951 0.084913298 -2.1104105 1.7429482 0.084279545 -2.0753484 1.7373258 0.086810365 -2.076051 1.7378367 0.087532863 -2.1104019 1.7428102 0.083856098 -2.0753484 1.7373258 0.086810365 -2.1104105 1.7429482 0.084279545 -2.1104019 1.7428102 0.083856098 -2.0752079 1.7372242 0.086665556 -2.0753484 1.7373258 0.086810365 -2.1104019 1.7428102 0.083856098 -2.0747995 1.7368684 0.085776411 -2.0752079 1.7372242 0.086665556 -2.0747933 1.7368271 0.085504681 -2.0747995 1.7368684 0.085776411 -2.1104019 1.7428102 0.083856098 -2.1104019 1.7428102 0.083856098 -2.1103222 1.7424115 0.082676105 -2.0747933 1.7368271 0.085504681 -2.076606 1.7382325 0.087745942 -2.1103165 1.744022 0.085523799 -2.0763657 1.7380608 0.087654419 -2.076606 1.7382325 0.087745942 -2.1102629 1.7444057 0.085699938 -2.1103165 1.744022 0.085523799 -2.0780592 1.7392695 0.088301867 -2.1102629 1.7444057 0.085699938 -2.076606 1.7382325 0.087745942 -2.1101177 1.7454557 0.086182103 -2.1102629 1.7444057 0.085699938 -2.0780592 1.7392695 0.088301867 -2.1101177 1.7454557 0.086182103 -2.0792425 1.7401375 0.08862824 -2.0793781 1.7402415 0.08864329 -2.1101177 1.7454557 0.086182103 -2.0791068 1.7400336 0.088610478 -2.0792425 1.7401375 0.08862824 -2.0789709 1.7399309 0.088591419 -2.0791068 1.7400336 0.088610478 -2.1101177 1.7454557 0.086182103 -2.1101177 1.7454557 0.086182103 -2.0788352 1.7398281 0.088569529 -2.0789709 1.7399309 0.088591419 -2.1101177 1.7454557 0.086182103 -2.0786996 1.7397267 0.088546276 -2.0788352 1.7398281 0.088569529 -2.0781674 1.7393472 0.088342756 -2.0786996 1.7397267 0.088546276 -2.1101177 1.7454557 0.086182103 -2.1101177 1.7454557 0.086182103 -2.0796485 1.7404507 0.088666536 -2.079783 1.7405559 0.088676035 -2.1101177 1.7454557 0.086182103 -2.0795126 1.7403455 0.088656917 -2.0796485 1.7404507 0.088666536 -2.0793781 1.7402415 0.08864329 -2.0795126 1.7403455 0.088656917 -2.1101177 1.7454557 0.086182103 -2.0780592 1.7392695 0.088301867 -2.0781674 1.7393472 0.088342756 -2.1101177 1.7454557 0.086182103 -2.1123562 1.7456831 0.085734107 -2.1102629 1.7444057 0.085699938 -2.1101177 1.7454557 0.086182103 -2.1131132 1.7451103 0.084896892 -2.1102629 1.7444057 0.085699938 -2.1123562 1.7456831 0.085734107 -2.1131132 1.7451103 0.084896892 -2.1103165 1.744022 0.085523799 -2.1102629 1.7444057 0.085699938 -2.1118782 1.7440355 0.084898248 -2.1103165 1.744022 0.085523799 -2.1131132 1.7451103 0.084896892 -2.1118782 1.7440355 0.084898248 -2.1103616 1.7434951 0.084913298 -2.1103165 1.744022 0.085523799 -2.1139498 1.7465355 0.084969297 -2.1136754 1.7480685 0.085727267 -2.1142383 1.7481796 0.085030727 -2.1139498 1.7465355 0.084969297 -2.1131132 1.7451103 0.084896892 -2.1136754 1.7480685 0.085727267 -2.1146231 1.7464383 0.083772779 -2.1131132 1.7451103 0.084896892 -2.1139498 1.7465355 0.084969297 -2.1146231 1.7464383 0.083772779 -2.1136527 1.7447398 0.083760507 -2.1131132 1.7451103 0.084896892 -2.114573 1.745667 0.082487576 -2.1136527 1.7447398 0.083760507 -2.1146231 1.7464383 0.083772779 -2.1131132 1.7451103 0.084896892 -2.1132371 1.7480389 0.085908949 -2.1136754 1.7480685 0.085727267 -2.1123562 1.7456831 0.085734107 -2.1132371 1.7480389 0.085908949 -2.1131132 1.7451103 0.084896892 -2.1123562 1.7456831 0.085734107 -2.1118376 1.7468499 0.086216263 -2.1132371 1.7480389 0.085908949 -2.1114807 1.7463838 0.086176671 -2.1118376 1.7468499 0.086216263 -2.1123562 1.7456831 0.085734107 -2.1104019 1.7428102 0.083856098 -2.1121979 1.7432787 0.08259137 -2.1103222 1.7424115 0.082676105 -2.1121969 1.7434595 0.083796032 -2.1121979 1.7432787 0.08259137 -2.1104019 1.7428102 0.083856098 -2.1121969 1.7434595 0.083796032 -2.1129591 1.743638 0.082559973 -2.1121979 1.7432787 0.08259137 -2.1136527 1.7447398 0.083760507 -2.1129591 1.743638 0.082559973 -2.1121969 1.7434595 0.083796032 -2.1136527 1.7447398 0.083760507 -2.1137762 1.7446656 0.082523093 -2.1129591 1.743638 0.082559973 -2.1147816 1.7465523 0.082476653 -2.114943 1.7483733 0.083800159 -2.1152589 1.7485862 0.082452111 -2.1146231 1.7464383 0.083772779 -2.114943 1.7483733 0.083800159 -2.1147816 1.7465523 0.082476653 -2.1146231 1.7464383 0.083772779 -2.1148241 1.7482944 0.084306866 -2.114943 1.7483733 0.083800159 -2.1139498 1.7465355 0.084969297 -2.1148241 1.7482944 0.084306866 -2.1146231 1.7464383 0.083772779 -2.1139498 1.7465355 0.084969297 -2.1142383 1.7481796 0.085030727 -2.1148241 1.7482944 0.084306866 -2.1146231 1.7464383 0.083772779 -2.1147816 1.7465523 0.082476653 -2.114573 1.745667 0.082487576 -2.1121969 1.7434595 0.083796032 -2.1131132 1.7451103 0.084896892 -2.1136527 1.7447398 0.083760507 -2.1121969 1.7434595 0.083796032 -2.1118782 1.7440355 0.084898248 -2.1131132 1.7451103 0.084896892 -2.1103616 1.7434951 0.084913298 -2.1118782 1.7440355 0.084898248 -2.1121969 1.7434595 0.083796032 -2.1121969 1.7434595 0.083796032 -2.1104105 1.7429482 0.084279545 -2.1103616 1.7434951 0.084913298 -2.1121969 1.7434595 0.083796032 -2.1104019 1.7428102 0.083856098 -2.1104105 1.7429482 0.084279545 -2.1111274 1.7459226 0.086137019 -2.1123562 1.7456831 0.085734107 -2.1101177 1.7454557 0.086182103 -2.1118376 1.7468499 0.086216263 -2.1120718 1.747961 0.08639241 -2.1132371 1.7480389 0.085908949 -2.1111274 1.7459226 0.086137019 -2.1114807 1.7463838 0.086176671 -2.1123562 1.7456831 0.085734107 -2.114573 1.745667 0.082487576 -2.1137762 1.7446656 0.082523093 -2.1136527 1.7447398 0.083760507 -2.1148241 1.7482944 0.084306866 -2.1141474 1.8188242 0.096280903 -2.114943 1.7483733 0.083800159 -2.1142383 1.7481796 0.085030727 -2.1141474 1.8188242 0.096280903 -2.1148241 1.7482944 0.084306866 -2.1148388 1.8189615 0.095062554 -2.114943 1.7483733 0.083800159 -2.1147225 1.8189052 0.095565185 -2.1148388 1.8189615 0.095062554 -2.1152008 1.7837887 0.088532656 -2.114943 1.7483733 0.083800159 -2.1132371 1.7480389 0.085908949 -2.1131356 1.8187224 0.097179599 -2.1136754 1.7480685 0.085727267 -2.1132371 1.7480389 0.085908949 -2.1120508 1.7594635 0.088483498 -2.1119995 1.7967193 0.094262213 -2.1120718 1.747961 0.08639241 -2.1120508 1.7594635 0.088483498 -2.1132371 1.7480389 0.085908949 -2.1131356 1.8187224 0.097179599 -2.1142383 1.7481796 0.085030727 -2.1136754 1.7480685 0.085727267 -2.1152008 1.7837887 0.088532656 -2.1152589 1.7485862 0.082452111 -2.114943 1.7483733 0.083800159 -2.1114807 1.7463838 0.086176671 -2.1120718 1.747961 0.08639241 -2.1118376 1.7468499 0.086216263 -2.0944114 1.7717214 0.09275572 -2.1120718 1.747961 0.08639241 -2.1114807 1.7463838 0.086176671 -2.0944114 1.7717214 0.09275572 -2.1120508 1.7594635 0.088483498 -2.1120718 1.747961 0.08639241 -2.1101177 1.7454557 0.086182103 -2.1114807 1.7463838 0.086176671 -2.1111274 1.7459226 0.086137019 -2.1101177 1.7454557 0.086182103 -2.0944114 1.7717214 0.09275572 -2.1114807 1.7463838 0.086176671 -2.0821528 1.7446799 0.089229189 -2.0944114 1.7717214 0.09275572 -2.1101177 1.7454557 0.086182103 -2.1101177 1.7454557 0.086182103 -2.0810261 1.7425828 0.088942401 -2.0821528 1.7446799 0.089229189 -2.079783 1.7405559 0.088676035 -2.0810261 1.7425828 0.088942401 -2.1101177 1.7454557 0.086182103 -2.0811787 1.7451575 0.089708574 -2.0977838 1.7834488 0.094505325 -2.0944114 1.7717214 0.09275572 -2.0808187 1.7453334 0.089884773 -2.0968385 1.7837495 0.095341183 -2.0977838 1.7834488 0.094505325 -2.0803089 1.745536 0.090539001 -2.0968385 1.7837495 0.095341183 -2.0808187 1.7453334 0.089884773 -2.0977838 1.7834488 0.094505325 -2.098577 1.783172 0.094066896 -2.0944114 1.7717214 0.09275572 -2.1035116 1.7967429 0.095621184 -2.098577 1.783172 0.094066896 -2.0977838 1.7834488 0.094505325 -2.0798001 1.7457384 0.091191873 -2.0968385 1.7837495 0.095341183 -2.0803089 1.745536 0.090539001 -2.0798001 1.7457384 0.091191873 -2.0961699 1.7839094 0.09650483 -2.0968385 1.7837495 0.095341183 -2.0796633 1.7457585 0.091650777 -2.0961699 1.7839094 0.09650483 -2.0798001 1.7457384 0.091191873 -2.0796633 1.7457585 0.091650777 -2.0874739 1.7632146 0.095238738 -2.0961699 1.7839094 0.09650483 -2.1142383 1.7481796 0.085030727 -2.1135736 1.8187433 0.096995197 -2.1141474 1.8188242 0.096280903 -2.1131356 1.8187224 0.097179599 -2.1135736 1.8187433 0.096995197 -2.1142383 1.7481796 0.085030727 -2.1147225 1.8189052 0.095565185 -2.114943 1.7483733 0.083800159 -2.1141474 1.8188242 0.096280903 -2.1119995 1.7967193 0.094262213 -2.1131356 1.8187224 0.097179599 -2.1132371 1.7480389 0.085908949 -2.098577 1.783172 0.094066896 -2.1120508 1.7594635 0.088483498 -2.0944114 1.7717214 0.09275572 -2.098577 1.783172 0.094066896 -2.1119995 1.7967193 0.094262213 -2.1120508 1.7594635 0.088483498 -2.1035116 1.7967429 0.095621184 -2.1119995 1.7967193 0.094262213 -2.098577 1.783172 0.094066896 -2.115629 1.8229905 0.095656648 -2.117794 1.8264163 0.095854744 -2.1180747 1.82614 0.094479367 -2.1159515 1.8225513 0.094208933 -2.1148388 1.8189615 0.095062554 -2.115629 1.8229905 0.095656648 -2.117794 1.8264163 0.095854744 -2.1186576 1.8268907 0.094506688 -2.1180747 1.82614 0.094479367 -2.117794 1.8264163 0.095854744 -2.1211936 1.8281637 0.094232179 -2.1186576 1.8268907 0.094506688 -2.1210742 1.8286768 0.095641658 -2.1211936 1.8281637 0.094232179 -2.117794 1.8264163 0.095854744 -2.1210742 1.8286768 0.095641658 -2.1215301 1.8283327 0.094195299 -2.1211936 1.8281637 0.094232179 -2.1226983 1.8289198 0.094068259 -2.1215301 1.8283327 0.094195299 -2.1210742 1.8286768 0.095641658 -2.1226983 1.8289198 0.094068259 -2.1249206 1.8294845 0.09501747 -2.1247654 1.8291384 0.093678981 -2.1210742 1.8286768 0.095641658 -2.1249206 1.8294845 0.09501747 -2.1226983 1.8289198 0.094068259 -2.1159515 1.8225513 0.094208933 -2.1151571 1.8191155 0.093696736 -2.1148388 1.8189615 0.095062554 -2.115629 1.8229905 0.095656648 -2.1160395 1.8229337 0.094266348 -2.1159515 1.8225513 0.094208933 -2.115629 1.8229905 0.095656648 -2.11623 1.8237588 0.0943892 -2.1160395 1.8229337 0.094266348 -2.1180747 1.82614 0.094479367 -2.11623 1.8237588 0.0943892 -2.115629 1.8229905 0.095656648 -2.1249795 1.8296148 0.095520109 -2.1249206 1.8294845 0.09501747 -2.1210742 1.8286768 0.095641658 -2.1151571 1.8191155 0.093696736 -2.1152008 1.7837887 0.088532656 -2.1148388 1.8189615 0.095062554 -2.1252296 1.8324817 0.097574256 -2.1442351 1.8323648 0.094529882 -2.1251695 1.8312714 0.097100355 -2.1626079 1.85346 0.09360522 -2.1224332 1.8540686 0.10045883 -2.1610711 1.8636622 0.094976522 -2.1626079 1.85346 0.09360522 -2.1252296 1.8324817 0.097574256 -2.1224332 1.8540686 0.10045883 -2.1101658 1.8232281 0.0987202 -2.0977838 1.7834488 0.094505325 -2.0968385 1.7837495 0.095341183 -2.0961699 1.7839094 0.09650483 -2.0982518 1.7905247 0.098542638 -2.0993006 1.7939252 0.098904595 -2.0956755 1.7839965 0.097753219 -2.0982518 1.7905247 0.098542638 -2.0961699 1.7839094 0.09650483 -2.0968385 1.7837495 0.095341183 -2.0961699 1.7839094 0.09650483 -2.108505 1.8235245 0.1007252 -2.0874739 1.7632146 0.095238738 -2.0956755 1.7839965 0.097753219 -2.0961699 1.7839094 0.09650483 -2.0982518 1.7905247 0.098542638 -2.0983386 1.7942986 0.11092228 -2.0993006 1.7939252 0.098904595 -2.0982518 1.7905247 0.098542638 -2.0948541 1.7845379 0.10921776 -2.0983386 1.7942986 0.11092228 -2.0956755 1.7839965 0.097753219 -2.0948541 1.7845379 0.10921776 -2.0982518 1.7905247 0.098542638 -2.0956755 1.7839965 0.097753219 -2.0909133 1.7734921 0.1072906 -2.0948541 1.7845379 0.10921776 -2.0874739 1.7632146 0.095238738 -2.0909133 1.7734921 0.1072906 -2.0956755 1.7839965 0.097753219 -2.0874739 1.7632146 0.095238738 -2.0790877 1.7461782 0.097403526 -2.0909133 1.7734921 0.1072906 -2.0839474 1.7641714 0.1089596 -2.0932794 1.7846787 0.11243149 -2.0770686 1.7469615 0.10497279 -2.0785108 1.7465285 0.10308801 -2.0947986 1.7843648 0.11048792 -2.0909133 1.7734921 0.1072906 -2.0783751 1.7465225 0.10351823 -2.0941639 1.7844483 0.11160112 -2.0947986 1.7843648 0.11048792 -2.084487 1.798099 0.098192953 -2.0854566 1.7991078 0.11229488 -2.0847881 1.7979457 0.1121201 -2.0993006 1.7939252 0.098904595 -2.0983386 1.7942986 0.11092228 -2.1009407 1.8015918 0.11219387 -2.1172805 1.8646082 0.1031809 -2.108505 1.8235245 0.1007252 -2.1165879 1.8646376 0.10435411 -2.109189 1.8234285 0.099557474 -2.108505 1.8235245 0.1007252 -2.1172805 1.8646082 0.1031809 -2.109189 1.8234285 0.099557474 -2.0968385 1.7837495 0.095341183 -2.108505 1.8235245 0.1007252 -2.1101658 1.8232281 0.0987202 -2.0968385 1.7837495 0.095341183 -2.109189 1.8234285 0.099557474 -2.1035116 1.7967429 0.095621184 -2.0977838 1.7834488 0.094505325 -2.1101658 1.8232281 0.0987202 -2.108505 1.8235245 0.1007252 -2.1069856 1.8188353 0.10155013 -2.1080513 1.8235475 0.10198857 -2.108505 1.8235245 0.1007252 -2.0993006 1.7939252 0.098904595 -2.1069856 1.8188353 0.10155013 -2.0961699 1.7839094 0.09650483 -2.0993006 1.7939252 0.098904595 -2.108505 1.8235245 0.1007252 -2.1165879 1.8646376 0.10435411 -2.1143973 1.8536679 0.10471749 -2.1160154 1.8646482 0.10560662 -2.1135139 1.8476722 0.10423255 -2.1143973 1.8536679 0.10471749 -2.1165879 1.8646376 0.10435411 -2.1101658 1.8232281 0.0987202 -2.1045563 1.7996153 0.095948972 -2.1035116 1.7967429 0.095621184 -2.1101658 1.8232281 0.0987202 -2.1110888 1.8230152 0.098300882 -2.1045563 1.7996153 0.095948972 -2.1125665 1.8283077 0.098833553 -2.1110888 1.8230152 0.098300882 -2.1101658 1.8232281 0.0987202 -2.1125665 1.8283077 0.098833553 -2.118279 1.8645117 0.10234233 -2.1176851 1.8541336 0.10110079 -2.1101658 1.8232281 0.0987202 -2.118279 1.8645117 0.10234233 -2.1125665 1.8283077 0.098833553 -2.1101658 1.8232281 0.0987202 -2.1172805 1.8646082 0.1031809 -2.118279 1.8645117 0.10234233 -2.109189 1.8234285 0.099557474 -2.1172805 1.8646082 0.1031809 -2.1101658 1.8232281 0.0987202 -2.118397 1.8577262 0.1014163 -2.1176851 1.8541336 0.10110079 -2.118279 1.8645117 0.10234233 -2.1165879 1.8646376 0.10435411 -2.1080513 1.8235475 0.10198857 -2.1135139 1.8476722 0.10423255 -2.108505 1.8235245 0.1007252 -2.1080513 1.8235475 0.10198857 -2.1165879 1.8646376 0.10435411 -2.1173289 1.8269095 0.097088084 -2.117794 1.8264163 0.095854744 -2.115629 1.8229905 0.095656648 -2.1173289 1.8269095 0.097088084 -2.1210742 1.8286768 0.095641658 -2.117794 1.8264163 0.095854744 -2.1208913 1.8293618 0.096879132 -2.1210742 1.8286768 0.095641658 -2.1173289 1.8269095 0.097088084 -2.1208913 1.8293618 0.096879132 -2.1249795 1.8296148 0.095520109 -2.1210742 1.8286768 0.095641658 -2.1250629 1.8302155 0.096220717 -2.1249795 1.8296148 0.095520109 -2.1208913 1.8293618 0.096879132 -2.11498 1.8231894 0.09690775 -2.1147225 1.8189052 0.095565185 -2.1141474 1.8188242 0.096280903 -2.11498 1.8231894 0.09690775 -2.1148388 1.8189615 0.095062554 -2.1147225 1.8189052 0.095565185 -2.115629 1.8229905 0.095656648 -2.1148388 1.8189615 0.095062554 -2.11498 1.8231894 0.09690775 -2.1205597 1.8303642 0.097768269 -2.1197591 1.8312781 0.098217562 -2.120178 1.8313706 0.09816841 -2.1205597 1.8303642 0.097768269 -2.1166263 1.8276491 0.097982652 -2.1197591 1.8312781 0.098217562 -2.1173289 1.8269095 0.097088084 -2.1166263 1.8276491 0.097982652 -2.1205597 1.8303642 0.097768269 -2.1173289 1.8269095 0.097088084 -2.1140201 1.8235453 0.097807869 -2.1166263 1.8276491 0.097982652 -2.11498 1.8231894 0.09690775 -2.1140201 1.8235453 0.097807869 -2.1173289 1.8269095 0.097088084 -2.11498 1.8231894 0.09690775 -2.1141474 1.8188242 0.096280903 -2.1140201 1.8235453 0.097807869 -2.1208913 1.8293618 0.096879132 -2.1251464 1.8308173 0.096921444 -2.1250629 1.8302155 0.096220717 -2.1205597 1.8303642 0.097768269 -2.1251464 1.8308173 0.096921444 -2.1208913 1.8293618 0.096879132 -2.1205597 1.8303642 0.097768269 -2.1251695 1.8312714 0.097100355 -2.1251464 1.8308173 0.096921444 -2.1131356 1.8187224 0.097179599 -2.1140201 1.8235453 0.097807869 -2.1135736 1.8187433 0.096995197 -2.1131356 1.8187224 0.097179599 -2.1121981 1.8212494 0.097975865 -2.1140201 1.8235453 0.097807869 -2.1119699 1.8186659 0.097665772 -2.1121981 1.8212494 0.097975865 -2.1131356 1.8187224 0.097179599 -2.1141474 1.8188242 0.096280903 -2.1135736 1.8187433 0.096995197 -2.1140201 1.8235453 0.097807869 -2.1166263 1.8276491 0.097982652 -2.1160135 1.8282404 0.098355524 -2.1197591 1.8312781 0.098217562 -2.1166263 1.8276491 0.097982652 -2.1148353 1.8272846 0.098399252 -2.1160135 1.8282404 0.098355524 -2.1140201 1.8235453 0.097807869 -2.1148353 1.8272846 0.098399252 -2.1166263 1.8276491 0.097982652 -2.1140201 1.8235453 0.097807869 -2.113317 1.8238094 0.098156139 -2.1148353 1.8272846 0.098399252 -2.1121981 1.8212494 0.097975865 -2.113317 1.8238094 0.098156139 -2.1140201 1.8235453 0.097807869 -2.1224108 1.8318611 0.097904816 -2.1205597 1.8303642 0.097768269 -2.120178 1.8313706 0.09816841 -2.1224108 1.8318611 0.097904816 -2.1251695 1.8312714 0.097100355 -2.1205597 1.8303642 0.097768269 -2.1252296 1.8324817 0.097574256 -2.1251695 1.8312714 0.097100355 -2.1224108 1.8318611 0.097904816 -2.1205597 1.8303642 0.097768269 -2.1208913 1.8293618 0.096879132 -2.1173289 1.8269095 0.097088084 -2.115629 1.8229905 0.095656648 -2.11498 1.8231894 0.09690775 -2.1173289 1.8269095 0.097088084 -2.1119699 1.8186659 0.097665772 -2.1131356 1.8187224 0.097179599 -2.1119995 1.7967193 0.094262213 -2.0948794 1.8431256 0.09819296 -2.0955384 1.8431249 0.11966341 -2.0936947 1.8276082 0.098193012 -2.0936947 1.8276082 0.098193012 -2.0878727 1.8053288 0.11328375 -2.084487 1.798099 0.098192953 -2.1069856 1.8188353 0.10155013 -2.1070111 1.8239011 0.11559606 -2.1080513 1.8235475 0.10198857 -2.0993006 1.7939252 0.098904595 -2.1009407 1.8015918 0.11219387 -2.1069856 1.8188353 0.10155013 -2.1035116 1.7967429 0.095621184 -2.1119699 1.8186659 0.097665772 -2.1119995 1.7967193 0.094262213 -2.1045563 1.7996153 0.095948972 -2.1119699 1.8186659 0.097665772 -2.1035116 1.7967429 0.095621184 -2.1045563 1.7996153 0.095948972 -2.1121981 1.8212494 0.097975865 -2.1119699 1.8186659 0.097665772 -2.1110888 1.8230152 0.098300882 -2.1121981 1.8212494 0.097975865 -2.1045563 1.7996153 0.095948972 -2.1110888 1.8230152 0.098300882 -2.113317 1.8238094 0.098156139 -2.1121981 1.8212494 0.097975865 -2.1125665 1.8283077 0.098833553 -2.113317 1.8238094 0.098156139 -2.1110888 1.8230152 0.098300882 -2.1125665 1.8283077 0.098833553 -2.1148353 1.8272846 0.098399252 -2.113317 1.8238094 0.098156139 -2.1160135 1.8282404 0.098355524 -2.1148353 1.8272846 0.098399252 -2.1125665 1.8283077 0.098833553 -2.1176851 1.8541336 0.10110079 -2.1160135 1.8282404 0.098355524 -2.1125665 1.8283077 0.098833553 -2.1176851 1.8541336 0.10110079 -2.1197591 1.8312781 0.098217562 -2.1160135 1.8282404 0.098355524 -2.120178 1.8313706 0.09816841 -2.1197591 1.8312781 0.098217562 -2.1176851 1.8541336 0.10110079 -2.1224332 1.8540686 0.10045883 -2.1176851 1.8541336 0.10110079 -2.118397 1.8577262 0.1014163 -2.1224332 1.8540686 0.10045883 -2.120178 1.8313706 0.09816841 -2.1176851 1.8541336 0.10110079 -2.1224108 1.8318611 0.097904816 -2.120178 1.8313706 0.09816841 -2.1224332 1.8540686 0.10045883 -2.1224332 1.8540686 0.10045883 -2.118397 1.8577262 0.1014163 -2.1191957 1.8643967 0.10192437 -2.1252296 1.8324817 0.097574256 -2.1224108 1.8318611 0.097904816 -2.1224332 1.8540686 0.10045883 -2.084487 1.798099 0.098192953 -2.0878727 1.8053288 0.11328375 -2.0854566 1.7991078 0.11229488 -2.0936947 1.8276082 0.098193012 -2.0910327 1.8134631 0.11457717 -2.0878727 1.8053288 0.11328375 -2.1080513 1.8235475 0.10198857 -2.1087687 1.8303573 0.11657944 -2.1135139 1.8476722 0.10423255 -2.0947986 1.7843648 0.11048792 -2.0948541 1.7845379 0.10921776 -2.0909133 1.7734921 0.1072906 -2.1518297 1.936945 0.086404704 -2.1512773 1.8877834 0.085944496 -2.1451993 1.9364237 0.092057787 -2.1544869 1.8843611 0.082214445 -2.1512773 1.8877834 0.085944496 -2.1518297 1.936945 0.086404704 -2.1565037 1.8822094 0.079870738 -2.1518297 1.936945 0.086404704 -2.1563647 1.9374822 0.078522705 -2.1544869 1.8843611 0.082214445 -2.1518297 1.936945 0.086404704 -2.1565037 1.8822094 0.079870738 -2.1462803 1.8931929 0.089567974 -2.1451993 1.9364237 0.092057787 -2.1474228 1.8919563 0.088738903 -2.1428189 1.8968939 0.090959691 -2.1451993 1.9364237 0.092057787 -2.1462803 1.8931929 0.089567974 -2.1512773 1.8877834 0.085944496 -2.1474228 1.8919563 0.088738903 -2.1451993 1.9364237 0.092057787 -2.1591644 1.8762102 0.09319146 -2.1565037 1.8822094 0.079870738 -2.1595552 1.8792439 0.073904909 -2.1591644 1.8762102 0.09319146 -2.1544869 1.8843611 0.082214445 -2.1565037 1.8822094 0.079870738 -2.1512773 1.8877834 0.085944496 -2.1544869 1.8843611 0.082214445 -2.1591644 1.8762102 0.09319146 -2.1512773 1.8877834 0.085944496 -2.1591644 1.8762102 0.09319146 -2.1474228 1.8919563 0.088738903 -2.1618388 1.8717939 0.092426583 -2.1589587 1.8757902 0.094445273 -2.1591644 1.8762102 0.09319146 -2.1618388 1.8717939 0.092426583 -2.1620955 1.8703877 0.093505554 -2.1589587 1.8757902 0.094445273 -2.1621859 1.8706321 0.092272222 -2.1620955 1.8703877 0.093505554 -2.1618388 1.8717939 0.092426583 -2.1621859 1.8706321 0.092272222 -2.1636665 1.8643168 0.092656009 -2.1620955 1.8703877 0.093505554 -2.1606219 1.8694321 0.095412247 -2.1624887 1.8639505 0.094349675 -2.1621082 1.8638731 0.094518974 -2.1615009 1.8699492 0.09462548 -2.1624887 1.8639505 0.094349675 -2.1606219 1.8694321 0.095412247 -2.1615009 1.8699492 0.09462548 -2.1630123 1.8640993 0.093724065 -2.1624887 1.8639505 0.094349675 -2.1635356 1.8642492 0.093098573 -2.1630123 1.8640993 0.093724065 -2.1615009 1.8699492 0.09462548 -2.1635356 1.8642492 0.093098573 -2.1620955 1.8703877 0.093505554 -2.1636665 1.8643168 0.092656009 -2.1615009 1.8699492 0.09462548 -2.1620955 1.8703877 0.093505554 -2.1635356 1.8642492 0.093098573 -2.1615009 1.8699492 0.09462548 -2.1588819 1.8756336 0.094912328 -2.1620955 1.8703877 0.093505554 -2.1621859 1.8706321 0.092272222 -2.1640196 1.8645009 0.091451406 -2.1636665 1.8643168 0.092656009 -2.1588819 1.8756336 0.094912328 -2.1589587 1.8757902 0.094445273 -2.1620955 1.8703877 0.093505554 -2.1428189 1.8968939 0.090959691 -2.1379013 1.9360195 0.094497159 -2.1451993 1.9364237 0.092057787 -2.1394403 1.9005058 0.092317306 -2.1379013 1.9360195 0.094497159 -2.1428189 1.8968939 0.090959691 -2.1428189 1.8968939 0.090959691 -2.1422892 1.8963852 0.097806521 -2.1394403 1.9005058 0.092317306 -2.1462803 1.8931929 0.089567974 -2.1426811 1.8959898 0.09771771 -2.1428189 1.8968939 0.090959691 -2.1474228 1.8919563 0.088738903 -2.1426811 1.8959898 0.09771771 -2.1462803 1.8931929 0.089567974 -2.1474228 1.8919563 0.088738903 -2.1591644 1.8762102 0.09319146 -2.1426811 1.8959898 0.09771771 -2.1506855 1.9998484 0.08808469 -2.1451993 1.9364237 0.092057787 -2.1440437 1.999855 0.093745977 -2.1518297 1.936945 0.086404704 -2.1451993 1.9364237 0.092057787 -2.1506855 1.9998484 0.08808469 -2.1506855 1.9998484 0.08808469 -2.1552334 1.9998438 0.080194473 -2.1563647 1.9374822 0.078522705 -2.1563647 1.9374822 0.078522705 -2.1518297 1.936945 0.086404704 -2.1506855 1.9998484 0.08808469 -2.1451993 1.9364237 0.092057787 -2.1372163 1.9518073 0.095466897 -2.1440437 1.999855 0.093745977 -2.1451993 1.9364237 0.092057787 -2.1373115 1.9496148 0.095331647 -2.1372163 1.9518073 0.095466897 -2.1379013 1.9360195 0.094497159 -2.1373115 1.9496148 0.095331647 -2.1451993 1.9364237 0.092057787 -2.1394403 1.9005058 0.092317306 -2.1290221 1.9109802 0.094704732 -2.1379013 1.9360195 0.094497159 -2.1400476 1.8955433 0.10129611 -2.1577547 1.8744168 0.096323222 -2.1569018 1.8736287 0.096722059 -2.1400476 1.8955433 0.10129611 -2.158072 1.87471 0.0961757 -2.1577547 1.8744168 0.096323222 -2.1407564 1.8964043 0.10051354 -2.158072 1.87471 0.0961757 -2.1400476 1.8955433 0.10129611 -2.1407564 1.8964043 0.10051354 -2.1584768 1.8751724 0.095543303 -2.158072 1.87471 0.0961757 -2.1588819 1.8756336 0.094912328 -2.1584768 1.8751724 0.095543303 -2.1407564 1.8964043 0.10051354 -2.1422892 1.8963852 0.097806521 -2.1412013 1.8970798 0.099353962 -2.1412723 1.8974134 0.09803459 -2.1426811 1.8959898 0.09771771 -2.1412013 1.8970798 0.099353962 -2.1422892 1.8963852 0.097806521 -2.1426811 1.8959898 0.09771771 -2.1589587 1.8757902 0.094445273 -2.1412013 1.8970798 0.099353962 -2.1591644 1.8762102 0.09319146 -2.1589587 1.8757902 0.094445273 -2.1426811 1.8959898 0.09771771 -2.1412721 1.8924203 0.10108445 -2.1400476 1.8955433 0.10129611 -2.1569018 1.8736287 0.096722059 -2.139138 1.8945785 0.10157204 -2.1400476 1.8955433 0.10129611 -2.1412721 1.8924203 0.10108445 -2.1412013 1.8970798 0.099353962 -2.1588819 1.8756336 0.094912328 -2.1407564 1.8964043 0.10051354 -2.1589587 1.8757902 0.094445273 -2.1588819 1.8756336 0.094912328 -2.1412013 1.8970798 0.099353962 -2.1577547 1.8744168 0.096323222 -2.1594474 1.8688213 0.095787831 -2.1569018 1.8736287 0.096722059 -2.1577547 1.8744168 0.096323222 -2.1606219 1.8694321 0.095412247 -2.1594474 1.8688213 0.095787831 -2.158072 1.87471 0.0961757 -2.1606219 1.8694321 0.095412247 -2.1577547 1.8744168 0.096323222 -2.158072 1.87471 0.0961757 -2.1615009 1.8699492 0.09462548 -2.1606219 1.8694321 0.095412247 -2.1584768 1.8751724 0.095543303 -2.1615009 1.8699492 0.09462548 -2.158072 1.87471 0.0961757 -2.1606219 1.8694321 0.095412247 -2.1621082 1.8638731 0.094518974 -2.1610711 1.8636622 0.094976522 -2.1601806 1.8674345 0.095517397 -2.1606219 1.8694321 0.095412247 -2.1610711 1.8636622 0.094976522 -2.1584768 1.8751724 0.095543303 -2.1588819 1.8756336 0.094912328 -2.1615009 1.8699492 0.09462548 -2.1601806 1.8674345 0.095517397 -2.1594474 1.8688213 0.095787831 -2.1606219 1.8694321 0.095412247 -2.1610711 1.8636622 0.094976522 -2.1594474 1.8688213 0.095787831 -2.1601806 1.8674345 0.095517397 -2.1610711 1.8636622 0.094976522 -2.1224332 1.8540686 0.10045883 -2.1594474 1.8688213 0.095787831 -2.1569018 1.8736287 0.096722059 -2.1224332 1.8540686 0.10045883 -2.1412721 1.8924203 0.10108445 -2.1594474 1.8688213 0.095787831 -2.1224332 1.8540686 0.10045883 -2.1569018 1.8736287 0.096722059 -2.1394403 1.9005058 0.092317306 -2.1422892 1.8963852 0.097806521 -2.1412723 1.8974134 0.09803459 -2.1428189 1.8968939 0.090959691 -2.1426811 1.8959898 0.09771771 -2.1422892 1.8963852 0.097806521 -2.1440437 1.999855 0.093745977 -2.1372163 1.9518073 0.095466897 -2.1365867 1.9999478 0.096403778 -2.139138 1.8945785 0.10157204 -2.1226182 1.912764 0.10510128 -2.1400476 1.8955433 0.10129611 -2.1412013 1.8970798 0.099353962 -2.1407564 1.8964043 0.10051354 -2.1219554 1.9159591 0.10372721 -2.1400476 1.8955433 0.10129611 -2.1221807 1.914583 0.10467648 -2.1407564 1.8964043 0.10051354 -2.1412723 1.8974134 0.09803459 -2.1412013 1.8970798 0.099353962 -2.1253831 1.9134598 0.10160892 -2.139138 1.8945785 0.10157204 -2.1412721 1.8924203 0.10108445 -2.1224761 1.8966297 0.10429404 -2.1290221 1.9109802 0.094704732 -2.1412723 1.8974134 0.09803459 -2.1253831 1.9134598 0.10160892 -2.1394403 1.9005058 0.092317306 -2.1412723 1.8974134 0.09803459 -2.1290221 1.9109802 0.094704732 -2.1379013 1.9360195 0.094497159 -2.1290221 1.9109802 0.094704732 -2.1240602 1.9156134 0.095744111 -2.1211314 1.9178313 0.10229997 -2.1210518 1.9196374 0.099674866 -2.1213279 1.9184871 0.098274991 -2.121541 1.9182097 0.097958118 -2.1211314 1.9178313 0.10229997 -2.1213279 1.9184871 0.098274991 -2.1220722 1.9175155 0.097164564 -2.1211314 1.9178313 0.10229997 -2.121541 1.9182097 0.097958118 -2.1220722 1.9175155 0.097164564 -2.1220448 1.9165109 0.10227264 -2.1211314 1.9178313 0.10229997 -2.1225002 1.9169557 0.096523985 -2.1220448 1.9165109 0.10227264 -2.1220722 1.9175155 0.097164564 -2.1211314 1.9178313 0.10229997 -2.1208344 1.9194269 0.1024161 -2.1210518 1.9196374 0.099674866 -2.1204042 1.9106841 0.10764709 -2.1208673 1.915367 0.10593849 -2.1208999 1.913113 0.10656263 -2.1204898 1.915834 0.10674018 -2.1208673 1.915367 0.10593849 -2.1204042 1.9106841 0.10764709 -2.1204898 1.915834 0.10674018 -2.1205728 1.9183912 0.10537986 -2.1208673 1.915367 0.10593849 -2.1205463 1.9182683 0.10568441 -2.1205728 1.9183912 0.10537986 -2.1204898 1.915834 0.10674018 -2.1208999 1.913113 0.10656263 -2.1210883 1.9107186 0.10652581 -2.1205399 1.9107041 0.10717455 -2.1216574 1.9107343 0.1058524 -2.1210883 1.9107186 0.10652581 -2.1208999 1.913113 0.10656263 -2.1216774 1.9129142 0.10574318 -2.1223218 1.9138654 0.10503838 -2.1225836 1.9128932 0.10509302 -2.1216774 1.9129142 0.10574318 -2.1221807 1.914583 0.10467648 -2.1223218 1.9138654 0.10503838 -2.121443 1.91495 0.1052665 -2.1221807 1.914583 0.10467648 -2.1216774 1.9129142 0.10574318 -2.121443 1.91495 0.1052665 -2.1221426 1.9147812 0.10457675 -2.1221807 1.914583 0.10467648 -2.1213787 1.9165078 0.1040701 -2.1221426 1.9147812 0.10457675 -2.121443 1.91495 0.1052665 -2.1213787 1.9165078 0.1040701 -2.1219742 1.9156468 0.10414103 -2.1221426 1.9147812 0.10457675 -2.1219554 1.9159591 0.10372721 -2.1219742 1.9156468 0.10414103 -2.1213787 1.9165078 0.1040701 -2.1216774 1.9129142 0.10574318 -2.1231706 1.9107165 0.10521735 -2.1220677 1.9107301 0.10568033 -2.1226182 1.912764 0.10510128 -2.1231706 1.9107165 0.10521735 -2.1216774 1.9129142 0.10574318 -2.1209447 1.9171178 0.10446753 -2.1205728 1.9183912 0.10537986 -2.1207898 1.9193617 0.10296789 -2.1209447 1.9171178 0.10446753 -2.1208673 1.915367 0.10593849 -2.1205728 1.9183912 0.10537986 -2.121443 1.91495 0.1052665 -2.1208673 1.915367 0.10593849 -2.1209447 1.9171178 0.10446753 -2.121443 1.91495 0.1052665 -2.1208999 1.913113 0.10656263 -2.1208673 1.915367 0.10593849 -2.1216774 1.9129142 0.10574318 -2.1208999 1.913113 0.10656263 -2.121443 1.91495 0.1052665 -2.1216774 1.9129142 0.10574318 -2.1216574 1.9107343 0.1058524 -2.1208999 1.913113 0.10656263 -2.1220677 1.9107301 0.10568033 -2.1216574 1.9107343 0.1058524 -2.1216774 1.9129142 0.10574318 -2.1213787 1.9165078 0.1040701 -2.1219494 1.9160757 0.1035729 -2.1219554 1.9159591 0.10372721 -2.1213787 1.9165078 0.1040701 -2.1219366 1.9162991 0.10327656 -2.1219494 1.9160757 0.1035729 -2.1209447 1.9171178 0.10446753 -2.1219366 1.9162991 0.10327656 -2.1213787 1.9165078 0.1040701 -2.1209447 1.9171178 0.10446753 -2.1211314 1.9178313 0.10229997 -2.1219366 1.9162991 0.10327656 -2.1207898 1.9193617 0.10296789 -2.1211314 1.9178313 0.10229997 -2.1209447 1.9171178 0.10446753 -2.1211314 1.9178313 0.10229997 -2.1220448 1.9165109 0.10227264 -2.1219366 1.9162991 0.10327656 -2.1209447 1.9171178 0.10446753 -2.1213787 1.9165078 0.1040701 -2.121443 1.91495 0.1052665 -2.1207898 1.9193617 0.10296789 -2.1208344 1.9194269 0.1024161 -2.1211314 1.9178313 0.10229997 -2.1204898 1.915834 0.10674018 -2.1203449 1.9161803 0.10740262 -2.1205463 1.9182683 0.10568441 -2.1225836 1.9128932 0.10509302 -2.1226182 1.912764 0.10510128 -2.1216774 1.9129142 0.10574318 -2.1231706 1.9107165 0.10521735 -2.1226182 1.912764 0.10510128 -2.139138 1.8945785 0.10157204 -2.1219554 1.9159591 0.10372721 -2.1407564 1.8964043 0.10051354 -2.1219742 1.9156468 0.10414103 -2.1407564 1.8964043 0.10051354 -2.1221426 1.9147812 0.10457675 -2.1219742 1.9156468 0.10414103 -2.1407564 1.8964043 0.10051354 -2.1221807 1.914583 0.10467648 -2.1221426 1.9147812 0.10457675 -2.1400476 1.8955433 0.10129611 -2.1223218 1.9138654 0.10503838 -2.1221807 1.914583 0.10467648 -2.1225836 1.9128932 0.10509302 -2.1223218 1.9138654 0.10503838 -2.1400476 1.8955433 0.10129611 -2.1220448 1.9165109 0.10227264 -2.1219494 1.9160757 0.1035729 -2.1219366 1.9162991 0.10327656 -2.1253831 1.9134598 0.10160892 -2.1219494 1.9160757 0.1035729 -2.1220448 1.9165109 0.10227264 -2.1253831 1.9134598 0.10160892 -2.1412013 1.8970798 0.099353962 -2.1219494 1.9160757 0.1035729 -2.1219554 1.9159591 0.10372721 -2.1219494 1.9160757 0.1035729 -2.1412013 1.8970798 0.099353962 -2.1226182 1.912764 0.10510128 -2.1225836 1.9128932 0.10509302 -2.1400476 1.8955433 0.10129611 -2.1219449 1.9067944 0.10543721 -2.1216574 1.9107343 0.1058524 -2.1220677 1.9107301 0.10568033 -2.1215355 1.9067999 0.10560793 -2.1216574 1.9107343 0.1058524 -2.1219449 1.9067944 0.10543721 -2.1215355 1.9067999 0.10560793 -2.1210883 1.9107186 0.10652581 -2.1216574 1.9107343 0.1058524 -2.1209764 1.9067841 0.106269 -2.1210883 1.9107186 0.10652581 -2.1215355 1.9067999 0.10560793 -2.1205399 1.9107041 0.10717455 -2.1210883 1.9107186 0.10652581 -2.1209764 1.9067841 0.106269 -2.1204171 1.9067684 0.10693002 -2.1205399 1.9107041 0.10717455 -2.1209764 1.9067841 0.106269 -2.1231101 1.9087486 0.10509709 -2.1220677 1.9107301 0.10568033 -2.1231706 1.9107165 0.10521735 -2.1231101 1.9087486 0.10509709 -2.1219449 1.9067944 0.10543721 -2.1220677 1.9107301 0.10568033 -2.1230478 1.9067808 0.10497288 -2.1219449 1.9067944 0.10543721 -2.1231101 1.9087486 0.10509709 -2.1202815 1.9067472 0.10740126 -2.1165879 1.8646376 0.10435411 -2.1178367 1.8770056 0.10660771 -2.1172805 1.8646082 0.1031809 -2.1165879 1.8646376 0.10435411 -2.1202815 1.9067472 0.10740126 -2.118279 1.8645117 0.10234233 -2.1215355 1.9067999 0.10560793 -2.1219449 1.9067944 0.10543721 -2.118279 1.8645117 0.10234233 -2.1209764 1.9067841 0.106269 -2.1215355 1.9067999 0.10560793 -2.1172805 1.8646082 0.1031809 -2.1209764 1.9067841 0.106269 -2.118279 1.8645117 0.10234233 -2.1172805 1.8646082 0.1031809 -2.1204171 1.9067684 0.10693002 -2.1209764 1.9067841 0.106269 -2.1202815 1.9067472 0.10740126 -2.1204171 1.9067684 0.10693002 -2.1172805 1.8646082 0.1031809 -2.1165879 1.8646376 0.10435411 -2.1160154 1.8646482 0.10560662 -2.1178367 1.8770056 0.10660771 -2.118279 1.8645117 0.10234233 -2.1191957 1.8643967 0.10192437 -2.118397 1.8577262 0.1014163 -2.118279 1.8645117 0.10234233 -2.1219652 1.8875408 0.10368625 -2.1191957 1.8643967 0.10192437 -2.1219449 1.9067944 0.10543721 -2.1219652 1.8875408 0.10368625 -2.118279 1.8645117 0.10234233 -2.1219449 1.9067944 0.10543721 -2.1224761 1.8966297 0.10429404 -2.1219652 1.8875408 0.10368625 -2.1230478 1.9067808 0.10497288 -2.1224761 1.8966297 0.10429404 -2.1219449 1.9067944 0.10543721 -2.1219652 1.8875408 0.10368625 -2.1224332 1.8540686 0.10045883 -2.1191957 1.8643967 0.10192437 -2.1224761 1.8966297 0.10429404 -2.1224332 1.8540686 0.10045883 -2.1219652 1.8875408 0.10368625 -2.1224761 1.8966297 0.10429404 -2.1412721 1.8924203 0.10108445 -2.1224332 1.8540686 0.10045883 -2.139138 1.8945785 0.10157204 -2.1231101 1.9087486 0.10509709 -2.1231706 1.9107165 0.10521735 -2.139138 1.8945785 0.10157204 -2.1230478 1.9067808 0.10497288 -2.1231101 1.9087486 0.10509709 -2.1224761 1.8966297 0.10429404 -2.1230478 1.9067808 0.10497288 -2.139138 1.8945785 0.10157204 -2.1240602 1.9156134 0.095744111 -2.1229846 1.9165425 0.096260376 -2.1238313 1.9158205 0.095798753 -2.1240602 1.9156134 0.095744111 -2.1253831 1.9134598 0.10160892 -2.1229846 1.9165425 0.096260376 -2.1290221 1.9109802 0.094704732 -2.1253831 1.9134598 0.10160892 -2.1240602 1.9156134 0.095744111 -2.1253831 1.9134598 0.10160892 -2.1225002 1.9169557 0.096523985 -2.1229846 1.9165425 0.096260376 -2.1220448 1.9165109 0.10227264 -2.1225002 1.9169557 0.096523985 -2.1253831 1.9134598 0.10160892 -2.1204042 1.9106841 0.10764709 -2.1208999 1.913113 0.10656263 -2.1205399 1.9107041 0.10717455 -2.1202648 1.9153361 0.10809644 -2.1204042 1.9106841 0.10764709 -2.1200392 1.9106318 0.10891867 -2.1202648 1.9153361 0.10809644 -2.1204898 1.915834 0.10674018 -2.1204042 1.9106841 0.10764709 -2.1203449 1.9161803 0.10740262 -2.1204898 1.915834 0.10674018 -2.1202648 1.9153361 0.10809644 -2.1204171 1.9067684 0.10693002 -2.1204042 1.9106841 0.10764709 -2.1205399 1.9107041 0.10717455 -2.1202815 1.9067472 0.10740126 -2.1204042 1.9106841 0.10764709 -2.1204171 1.9067684 0.10693002 -2.1199164 1.9066924 0.10867283 -2.1204042 1.9106841 0.10764709 -2.1202815 1.9067472 0.10740126 -2.1199164 1.9066924 0.10867283 -2.1200392 1.9106318 0.10891867 -2.1204042 1.9106841 0.10764709 -2.1199784 1.9086615 0.1087971 -2.1200392 1.9106318 0.10891867 -2.1199164 1.9066924 0.10867283 -2.1202815 1.9067472 0.10740126 -2.1178367 1.8770056 0.10660771 -2.1199164 1.9066924 0.10867283 -2.1247225 1.9499172 0.097042955 -2.1373115 1.9496148 0.095331647 -2.1379013 1.9360195 0.094497159 -2.1247225 1.9499172 0.097042955 -2.1372163 1.9518073 0.095466897 -2.1373115 1.9496148 0.095331647 -2.1251733 1.9733244 0.097930804 -2.1365867 1.9999478 0.096403778 -2.1372163 1.9518073 0.095466897 -2.121541 1.9182097 0.097958118 -2.1231825 1.999876 0.099399053 -2.1220722 1.9175155 0.097164564 -2.1213279 1.9184871 0.098274991 -2.1231825 1.999876 0.099399053 -2.121541 1.9182097 0.097958118 -2.1213279 1.9184871 0.098274991 -2.1224887 1.9998767 0.10057905 -2.1231825 1.999876 0.099399053 -2.1213279 1.9184871 0.098274991 -2.1220639 1.9998771 0.10160615 -2.1224887 1.9998767 0.10057905 -2.1219552 1.9646195 0.10145178 -2.1220639 1.9998771 0.10160615 -2.1213279 1.9184871 0.098274991 -2.1213279 1.9184871 0.098274991 -2.1210518 1.9196374 0.099674866 -2.1219552 1.9646195 0.10145178 -2.1225002 1.9169557 0.096523985 -2.1231825 1.999876 0.099399053 -2.1241894 1.9998751 0.098559067 -2.1241894 1.9998751 0.098559067 -2.1251798 1.999874 0.097888507 -2.1251733 1.9733244 0.097930804 -2.1238313 1.9158205 0.095798753 -2.1247225 1.9499172 0.097042955 -2.1240602 1.9156134 0.095744111 -2.1229846 1.9165425 0.096260376 -2.1247225 1.9499172 0.097042955 -2.1238313 1.9158205 0.095798753 -2.1229846 1.9165425 0.096260376 -2.1241894 1.9998751 0.098559067 -2.1247225 1.9499172 0.097042955 -2.1225002 1.9169557 0.096523985 -2.1241894 1.9998751 0.098559067 -2.1229846 1.9165425 0.096260376 -2.1251733 1.9733244 0.097930804 -2.1247225 1.9499172 0.097042955 -2.1241894 1.9998751 0.098559067 -2.1225002 1.9169557 0.096523985 -2.1220722 1.9175155 0.097164564 -2.1231825 1.999876 0.099399053 -2.1208344 1.9194269 0.1024161 -2.1219552 1.9646195 0.10145178 -2.1210518 1.9196374 0.099674866 -2.1208344 1.9194269 0.1024161 -2.1220639 1.9998771 0.10160615 -2.1219552 1.9646195 0.10145178 -2.1251733 1.9733244 0.097930804 -2.1372163 1.9518073 0.095466897 -2.1247225 1.9499172 0.097042955 -2.1251798 1.999874 0.097888507 -2.1365867 1.9999478 0.096403778 -2.1251733 1.9733244 0.097930804 -2.1379013 1.9360195 0.094497159 -2.1240602 1.9156134 0.095744111 -2.1247225 1.9499172 0.097042955 -2.0792949 1.7458154 0.092896394 -2.0874739 1.7632146 0.095238738 -2.0796633 1.7457585 0.091650777 -2.0810261 1.7425828 0.088942401 -2.0811787 1.7451575 0.089708574 -2.0821528 1.7446799 0.089229189 -2.0788858 1.741145 0.089160912 -2.0811787 1.7451575 0.089708574 -2.0810261 1.7425828 0.088942401 -2.0788858 1.741145 0.089160912 -2.0808187 1.7453334 0.089884773 -2.0811787 1.7451575 0.089708574 -2.0785546 1.7413611 0.089338467 -2.0808187 1.7453334 0.089884773 -2.0788858 1.741145 0.089160912 -2.0785546 1.7413611 0.089338467 -2.0803089 1.745536 0.090539001 -2.0808187 1.7453334 0.089884773 -2.0780845 1.7416275 0.089987211 -2.0803089 1.745536 0.090539001 -2.0785546 1.7413611 0.089338467 -2.0780845 1.7416275 0.089987211 -2.0798001 1.7457384 0.091191873 -2.0803089 1.745536 0.090539001 -2.0776131 1.7418938 0.090635948 -2.0798001 1.7457384 0.091191873 -2.0780845 1.7416275 0.089987211 -2.0776131 1.7418938 0.090635948 -2.0796633 1.7457585 0.091650777 -2.0798001 1.7457384 0.091191873 -2.0774846 1.7419354 0.091089427 -2.0796633 1.7457585 0.091650777 -2.0776131 1.7418938 0.090635948 -2.0774846 1.7419354 0.091089427 -2.0792949 1.7458154 0.092896394 -2.0796633 1.7457585 0.091650777 -2.0771368 1.742051 0.092321351 -2.0792949 1.7458154 0.092896394 -2.0774846 1.7419354 0.091089427 -2.0810261 1.7425828 0.088942401 -2.079783 1.7405559 0.088676035 -2.0788858 1.741145 0.089160912 -2.0747266 1.7372999 0.087196931 -2.076051 1.7378367 0.087532863 -2.0753484 1.7373258 0.086810365 -2.0747266 1.7372999 0.087196931 -2.0759304 1.7384138 0.088326409 -2.076051 1.7378367 0.087532863 -2.0753112 1.7384784 0.088946477 -2.0759304 1.7384138 0.088326409 -2.0747266 1.7372999 0.087196931 -2.0753112 1.7384784 0.088946477 -2.0766654 1.7400247 0.089701787 -2.0759304 1.7384138 0.088326409 -2.0747855 1.7383962 0.089666262 -2.0766654 1.7400247 0.089701787 -2.0753112 1.7384784 0.088946477 -2.0747855 1.7383962 0.089666262 -2.0774846 1.7419354 0.091089427 -2.0766654 1.7400247 0.089701787 -2.07693 1.7417364 0.092268124 -2.0774846 1.7419354 0.091089427 -2.0747855 1.7383962 0.089666262 -2.0773792 1.739748 0.08893007 -2.0785546 1.7413611 0.089338467 -2.0788858 1.741145 0.089160912 -2.0773792 1.739748 0.08893007 -2.0780845 1.7416275 0.089987211 -2.0785546 1.7413611 0.089338467 -2.0766654 1.7400247 0.089701787 -2.0780845 1.7416275 0.089987211 -2.0773792 1.739748 0.08893007 -2.0766654 1.7400247 0.089701787 -2.0776131 1.7418938 0.090635948 -2.0780845 1.7416275 0.089987211 -2.0774846 1.7419354 0.091089427 -2.0776131 1.7418938 0.090635948 -2.0766654 1.7400247 0.089701787 -2.0731163 1.7364813 0.08801496 -2.0737033 1.736492 0.085522383 -2.0727749 1.7358333 0.085594788 -2.0741744 1.7371888 0.087565616 -2.0737033 1.736492 0.085522383 -2.0731163 1.7364813 0.08801496 -2.0741744 1.7371888 0.087565616 -2.0750158 1.7370839 0.086467579 -2.0737033 1.736492 0.085522383 -2.0752079 1.7372242 0.086665556 -2.0750158 1.7370839 0.086467579 -2.0741744 1.7371888 0.087565616 -2.0747855 1.7383962 0.089666262 -2.0731163 1.7364813 0.08801496 -2.0743616 1.7381444 0.090372361 -2.0747855 1.7383962 0.089666262 -2.0741744 1.7371888 0.087565616 -2.0731163 1.7364813 0.08801496 -2.0753112 1.7384784 0.088946477 -2.0741744 1.7371888 0.087565616 -2.0747855 1.7383962 0.089666262 -2.0747855 1.7383962 0.089666262 -2.0743616 1.7381444 0.090372361 -2.07693 1.7417364 0.092268124 -2.0759304 1.7384138 0.088326409 -2.076606 1.7382325 0.087745942 -2.0763657 1.7380608 0.087654419 -2.0759304 1.7384138 0.088326409 -2.0780592 1.7392695 0.088301867 -2.076606 1.7382325 0.087745942 -2.0773792 1.739748 0.08893007 -2.0780592 1.7392695 0.088301867 -2.0759304 1.7384138 0.088326409 -2.0773792 1.739748 0.08893007 -2.0781674 1.7393472 0.088342756 -2.0780592 1.7392695 0.088301867 -2.0786996 1.7397267 0.088546276 -2.0781674 1.7393472 0.088342756 -2.0773792 1.739748 0.08893007 -2.0737033 1.736492 0.085522383 -2.0747995 1.7368684 0.085776411 -2.0747933 1.7368271 0.085504681 -2.0750158 1.7370839 0.086467579 -2.0747995 1.7368684 0.085776411 -2.0737033 1.736492 0.085522383 -2.0747266 1.7372999 0.087196931 -2.0741744 1.7371888 0.087565616 -2.0753112 1.7384784 0.088946477 -2.0747266 1.7372999 0.087196931 -2.0752079 1.7372242 0.086665556 -2.0741744 1.7371888 0.087565616 -2.0753484 1.7373258 0.086810365 -2.0752079 1.7372242 0.086665556 -2.0747266 1.7372999 0.087196931 -2.0763657 1.7380608 0.087654419 -2.076051 1.7378367 0.087532863 -2.0759304 1.7384138 0.088326409 -2.0788858 1.741145 0.089160912 -2.0786996 1.7397267 0.088546276 -2.0773792 1.739748 0.08893007 -2.0788858 1.741145 0.089160912 -2.0788352 1.7398281 0.088569529 -2.0786996 1.7397267 0.088546276 -2.0789709 1.7399309 0.088591419 -2.0788352 1.7398281 0.088569529 -2.0788858 1.741145 0.089160912 -2.0788858 1.741145 0.089160912 -2.0795126 1.7403455 0.088656917 -2.0793781 1.7402415 0.08864329 -2.0788858 1.741145 0.089160912 -2.0796485 1.7404507 0.088666536 -2.0795126 1.7403455 0.088656917 -2.079783 1.7405559 0.088676035 -2.0796485 1.7404507 0.088666536 -2.0788858 1.741145 0.089160912 -2.0788858 1.741145 0.089160912 -2.0791068 1.7400336 0.088610478 -2.0789709 1.7399309 0.088591419 -2.0788858 1.741145 0.089160912 -2.0792425 1.7401375 0.08862824 -2.0791068 1.7400336 0.088610478 -2.0793781 1.7402415 0.08864329 -2.0792425 1.7401375 0.08862824 -2.0788858 1.741145 0.089160912 -2.0766654 1.7400247 0.089701787 -2.0773792 1.739748 0.08893007 -2.0759304 1.7384138 0.088326409 -2.07693 1.7417364 0.092268124 -2.0771368 1.742051 0.092321351 -2.0774846 1.7419354 0.091089427 -2.0747995 1.7368684 0.085776411 -2.0750158 1.7370839 0.086467579 -2.0752079 1.7372242 0.086665556 -2.0731163 1.7364813 0.08801496 -2.0670621 1.732746 0.099711768 -2.0743616 1.7381444 0.090372361 -2.0727749 1.7358333 0.085594788 -2.0670621 1.732746 0.099711768 -2.0731163 1.7364813 0.08801496 -2.0771368 1.742051 0.092321351 -2.0790877 1.7461782 0.097403526 -2.0792949 1.7458154 0.092896394 -2.07693 1.7417364 0.092268124 -2.0738714 1.7389615 0.10058314 -2.0771368 1.742051 0.092321351 -2.07693 1.7417364 0.092268124 -2.0743616 1.7381444 0.090372361 -2.0738714 1.7389615 0.10058314 -2.0524919 1.7235271 0.057933144 -2.0503814 1.7266986 0.099620245 -2.0589685 1.7285713 0.099394888 -2.0792949 1.7458154 0.092896394 -2.0790877 1.7461782 0.097403526 -2.0874739 1.7632146 0.095238738 -2.0669472 1.7329694 0.10086586 -2.0735893 1.7389956 0.10173995 -2.0670621 1.732746 0.099711768 -2.0665817 1.7334238 0.10192842 -2.0735893 1.7389956 0.10173995 -2.0669472 1.7329694 0.10086586 -2.0669472 1.7329694 0.10086586 -2.0590432 1.728861 0.10054491 -2.0665817 1.7334238 0.10192842 -2.0670621 1.732746 0.099711768 -2.0591221 1.7286251 0.099394888 -2.0669472 1.7329694 0.10086586 -2.0735893 1.7389956 0.10173995 -2.07375 1.7387785 0.10055169 -2.0670621 1.732746 0.099711768 -2.0735893 1.7389956 0.10173995 -2.0738714 1.7389615 0.10058314 -2.07375 1.7387785 0.10055169 -2.0738714 1.7389615 0.10058314 -2.0743616 1.7381444 0.090372361 -2.07375 1.7387785 0.10055169 -2.0670621 1.732746 0.099711768 -2.07375 1.7387785 0.10055169 -2.0743616 1.7381444 0.090372361 -2.0723817 1.7398247 0.10363708 -2.0655282 1.7349137 0.10323824 -2.0712969 1.7400942 0.10404547 -2.0723817 1.7398247 0.10363708 -2.0660865 1.7341079 0.1027493 -2.0655282 1.7349137 0.10323824 -2.0665817 1.7334238 0.10192842 -2.0660865 1.7341079 0.1027493 -2.0723817 1.7398247 0.10363708 -2.0665817 1.7334238 0.10192842 -2.0585909 1.7302147 0.10243383 -2.0660865 1.7341079 0.1027493 -2.0665817 1.7334238 0.10192842 -2.0730748 1.7393072 0.10281485 -2.0735893 1.7389956 0.10173995 -2.0723817 1.7398247 0.10363708 -2.0730748 1.7393072 0.10281485 -2.0665817 1.7334238 0.10192842 -2.0783751 1.7465225 0.10351823 -2.0735893 1.7389956 0.10173995 -2.0730748 1.7393072 0.10281485 -2.0785108 1.7465285 0.10308801 -2.0738714 1.7389615 0.10058314 -2.0735893 1.7389956 0.10173995 -2.0655282 1.7349137 0.10323824 -2.0660865 1.7341079 0.1027493 -2.0582762 1.7311469 0.10292956 -2.0715661 1.7404964 0.10412602 -2.0723817 1.7398247 0.10363708 -2.0712969 1.7400942 0.10404547 -2.07407 1.7442528 0.10487177 -2.0723817 1.7398247 0.10363708 -2.0715661 1.7404964 0.10412602 -2.0771368 1.742051 0.092321351 -2.0738714 1.7389615 0.10058314 -2.0790877 1.7461782 0.097403526 -2.0738714 1.7389615 0.10058314 -2.0788815 1.746542 0.10190931 -2.0790877 1.7461782 0.097403526 -2.0839474 1.7641714 0.1089596 -2.0770686 1.7469615 0.10497279 -2.0761447 1.747365 0.10548912 -2.0785108 1.7465285 0.10308801 -2.0909133 1.7734921 0.1072906 -2.0788815 1.746542 0.10190931 -2.0723817 1.7398247 0.10363708 -2.0774069 1.7468144 0.10478432 -2.0730748 1.7393072 0.10281485 -2.0770686 1.7469615 0.10497279 -2.0774069 1.7468144 0.10478432 -2.0723817 1.7398247 0.10363708 -2.0778904 1.7466685 0.10415057 -2.0730748 1.7393072 0.10281485 -2.0774069 1.7468144 0.10478432 -2.0783751 1.7465225 0.10351823 -2.0730748 1.7393072 0.10281485 -2.0778904 1.7466685 0.10415057 -2.0785108 1.7465285 0.10308801 -2.0735893 1.7389956 0.10173995 -2.0783751 1.7465225 0.10351823 -2.0788815 1.746542 0.10190931 -2.0738714 1.7389615 0.10058314 -2.0785108 1.7465285 0.10308801 -2.07407 1.7442528 0.10487177 -2.0770686 1.7469615 0.10497279 -2.0723817 1.7398247 0.10363708 -2.0761447 1.747365 0.10548912 -2.0770686 1.7469615 0.10497279 -2.07407 1.7442528 0.10487177 -2.0790877 1.7461782 0.097403526 -2.0788815 1.746542 0.10190931 -2.0909133 1.7734921 0.1072906 -2.0665817 1.7334238 0.10192842 -2.0590432 1.728861 0.10054491 -2.0588589 1.729413 0.10160889 -2.0669472 1.7329694 0.10086586 -2.0591221 1.7286251 0.099394888 -2.0590432 1.728861 0.10054491 -2.0504177 1.7270159 0.10076884 -2.0589685 1.7285713 0.099394888 -2.0503814 1.7266986 0.099620245 -2.0504177 1.7270159 0.10076884 -2.0590432 1.728861 0.10054491 -2.0589685 1.7285713 0.099394888 -2.0504298 1.7271312 0.10118545 -2.0590432 1.728861 0.10054491 -2.0504177 1.7270159 0.10076884 -2.0504298 1.7271312 0.10118545 -2.0588589 1.729413 0.10160889 -2.0590432 1.728861 0.10054491 -2.0504267 1.7276105 0.10181513 -2.0588589 1.729413 0.10160889 -2.0504298 1.7271312 0.10118545 -2.0590432 1.728861 0.10054491 -2.0591221 1.7286251 0.099394888 -2.0589685 1.7285713 0.099394888 -2.0503814 1.7266986 0.099620245 -2.0339456 1.7255613 0.10054349 -2.0504177 1.7270159 0.10076884 -2.0588589 1.729413 0.10160889 -2.0585909 1.7302147 0.10243383 -2.0665817 1.7334238 0.10192842 -2.0588589 1.729413 0.10160889 -2.0504236 1.7280883 0.10244469 -2.0585909 1.7302147 0.10243383 -2.0504267 1.7276105 0.10181513 -2.0504236 1.7280883 0.10244469 -2.0588589 1.729413 0.10160889 -2.0582762 1.7311469 0.10292956 -2.0585909 1.7302147 0.10243383 -2.0503614 1.7294203 0.10319593 -2.0582762 1.7311469 0.10292956 -2.0660865 1.7341079 0.1027493 -2.0585909 1.7302147 0.10243383 -2.0585909 1.7302147 0.10243383 -2.0504072 1.7284433 0.10264414 -2.0503614 1.7294203 0.10319593 -2.0504236 1.7280883 0.10244469 -2.0504072 1.7284433 0.10264414 -2.0585909 1.7302147 0.10243383 -2.0504072 1.7284433 0.10264414 -2.030853 1.7283576 0.10406866 -2.0503614 1.7294203 0.10319593 -2.0429564 1.7547871 0.098192945 -2.0448451 1.7555302 0.10609142 -2.0430114 1.754693 0.10598491 -2.0429564 1.7547871 0.098192945 -2.0528209 1.7608364 0.10679345 -2.0448451 1.7555302 0.10609142 -2.0783751 1.7465225 0.10351823 -2.0947986 1.7843648 0.11048792 -2.0785108 1.7465285 0.10308801 -2.0778904 1.7466685 0.10415057 -2.0941639 1.7844483 0.11160112 -2.0783751 1.7465225 0.10351823 -2.0670044 1.7730057 0.098192945 -2.0684853 1.7741041 0.10860313 -2.067349 1.7730581 0.10845838 -2.0670044 1.7730057 0.098192945 -2.0777557 1.785719 0.1102749 -2.0684853 1.7741041 0.10860313 -2.084487 1.798099 0.098192953 -2.0777557 1.785719 0.1102749 -2.0670044 1.7730057 0.098192945 -2.084487 1.798099 0.098192953 -2.0791442 1.7881345 0.11063957 -2.0777557 1.785719 0.1102749 -2.0670044 1.7730057 0.098192945 -2.0528209 1.7608364 0.10679345 -2.0429564 1.7547871 0.098192945 -2.0670044 1.7730057 0.098192945 -2.057338 1.7638407 0.10719093 -2.0528209 1.7608364 0.10679345 -2.0671446 1.7728701 0.10843241 -2.057338 1.7638407 0.10719093 -2.0670044 1.7730057 0.098192945 -2.067349 1.7730581 0.10845838 -2.0671446 1.7728701 0.10843241 -2.0670044 1.7730057 0.098192945 -2.0524919 1.7235271 0.057933144 -1.9998281 1.7246324 0.10131249 -2.0503814 1.7266986 0.099620245 -2.0504072 1.7284433 0.10264414 -1.9998299 1.7263495 0.10440466 -2.030853 1.7283576 0.10406866 -2.0504236 1.7280883 0.10244469 -1.9998299 1.7263495 0.10440466 -2.0504072 1.7284433 0.10264414 -2.0504236 1.7280883 0.10244469 -1.9998291 1.7254827 0.1035688 -1.9998299 1.7263495 0.10440466 -2.0504267 1.7276105 0.10181513 -1.9998291 1.7254827 0.1035688 -2.0504236 1.7280883 0.10244469 -1.9998281 1.7246324 0.10131249 -1.9998285 1.7248895 0.10248434 -2.0339456 1.7255613 0.10054349 -2.0504298 1.7271312 0.10118545 -1.9998291 1.7254827 0.1035688 -2.0504267 1.7276105 0.10181513 -2.0504298 1.7271312 0.10118545 -1.9998285 1.7248895 0.10248434 -1.9998291 1.7254827 0.1035688 -2.0504177 1.7270159 0.10076884 -1.9998285 1.7248895 0.10248434 -2.0504298 1.7271312 0.10118545 -2.0504177 1.7270159 0.10076884 -2.0339456 1.7255613 0.10054349 -1.9998285 1.7248895 0.10248434 -1.9998299 1.7263495 0.10440466 -1.9998311 1.7275974 0.10470649 -2.0163271 1.727567 0.1047174 -1.9998299 1.7263495 0.10440466 -2.0163271 1.727567 0.1047174 -2.030853 1.7283576 0.10406866 -1.9997739 1.743422 0.10628267 -1.9997828 1.7439814 0.10462452 -2.0023079 1.7438421 0.10460812 -2.0364749 1.750982 0.10722775 -2.0313027 1.7493467 0.10529787 -2.0362835 1.7516205 0.10559014 -2.0364749 1.750982 0.10722775 -2.0184674 1.7458189 0.10485537 -2.0313027 1.7493467 0.10529787 -2.0185366 1.7453246 0.10651894 -2.0184674 1.7458189 0.10485537 -2.0364749 1.750982 0.10722775 -2.0185366 1.7453246 0.10651894 -2.0170088 1.745419 0.1048048 -2.0184674 1.7458189 0.10485537 -2.0147161 1.745173 0.1047734 -2.0170088 1.745419 0.1048048 -2.0185366 1.7453246 0.10651894 -2.0430114 1.754693 0.10598491 -2.0364749 1.750982 0.10722775 -2.0362835 1.7516205 0.10559014 -2.0448451 1.7555302 0.10609142 -2.0364749 1.750982 0.10722775 -2.0430114 1.754693 0.10598491 -1.9997739 1.743422 0.10628267 -2.0147161 1.745173 0.1047734 -2.0185366 1.7453246 0.10651894 -2.0023079 1.7438421 0.10460812 -2.0147161 1.745173 0.1047734 -1.9997739 1.743422 0.10628267 -2.0146992 1.7452244 0.098192945 -2.0170088 1.745419 0.1048048 -2.0147161 1.745173 0.1047734 -2.0146992 1.7452244 0.098192945 -2.0184674 1.7458189 0.10485537 -2.0170088 1.745419 0.1048048 -2.0429564 1.7547871 0.098192945 -2.0184674 1.7458189 0.10485537 -2.0146992 1.7452244 0.098192945 -2.0429564 1.7547871 0.098192945 -2.0313027 1.7493467 0.10529787 -2.0184674 1.7458189 0.10485537 -2.0362835 1.7516205 0.10559014 -2.0313027 1.7493467 0.10529787 -2.0429564 1.7547871 0.098192945 -2.0429564 1.7547871 0.098192945 -2.0430114 1.754693 0.10598491 -2.0362835 1.7516205 0.10559014 -2.0146992 1.7452244 0.098192945 -2.0023079 1.7438421 0.10460812 -1.9997828 1.7439814 0.10462452 -2.0147161 1.745173 0.1047734 -2.0023079 1.7438421 0.10460812 -2.0146992 1.7452244 0.098192945 -2.0503814 1.7266986 0.099620245 -1.9998281 1.7246324 0.10131249 -2.0339456 1.7255613 0.10054349 -2.0163271 1.727567 0.1047174 -2.0192575 1.7413255 0.1086878 -2.030853 1.7283576 0.10406866 -1.9998311 1.7275974 0.10470649 -1.9997602 1.7393395 0.10844875 -2.0163271 1.727567 0.1047174 -2.0778904 1.7466685 0.10415057 -2.0774069 1.7468144 0.10478432 -2.0941639 1.7844483 0.11160112 -2.0774069 1.7468144 0.10478432 -2.0770686 1.7469615 0.10497279 -2.0932794 1.7846787 0.11243149 -2.0536175 1.7592465 0.10988969 -2.0364749 1.750982 0.10722775 -2.0530915 1.7602278 0.10842421 -2.036835 1.7499168 0.10869735 -2.0364749 1.750982 0.10722775 -2.0536175 1.7592465 0.10988969 -2.036835 1.7499168 0.10869735 -2.0185366 1.7453246 0.10651894 -2.0364749 1.750982 0.10722775 -2.018719 1.7442082 0.1079912 -2.0185366 1.7453246 0.10651894 -2.036835 1.7499168 0.10869735 -2.018719 1.7442082 0.1079912 -1.9997739 1.743422 0.10628267 -2.0185366 1.7453246 0.10651894 -1.9997716 1.7422882 0.10775635 -1.9997739 1.743422 0.10628267 -2.018719 1.7442082 0.1079912 -2.0530915 1.7602278 0.10842421 -2.057338 1.7638407 0.10719093 -2.0671446 1.7728701 0.10843241 -2.0528209 1.7608364 0.10679345 -2.057338 1.7638407 0.10719093 -2.0530915 1.7602278 0.10842421 -2.0448451 1.7555302 0.10609142 -2.0530915 1.7602278 0.10842421 -2.0364749 1.750982 0.10722775 -2.0528209 1.7608364 0.10679345 -2.0530915 1.7602278 0.10842421 -2.0448451 1.7555302 0.10609142 -2.0190079 1.7426113 0.10873973 -2.0192575 1.7413255 0.1086878 -2.0097282 1.7395754 0.10847749 -2.0190079 1.7426113 0.10873973 -2.0246055 1.7423072 0.10880528 -2.0192575 1.7413255 0.1086878 -2.036835 1.7499168 0.10869735 -2.0374 1.7484074 0.10944854 -2.018719 1.7442082 0.1079912 -1.9997699 1.7406615 0.10850481 -2.0097282 1.7395754 0.10847749 -1.9997602 1.7393395 0.10844875 -1.9997699 1.7406615 0.10850481 -2.0190079 1.7426113 0.10873973 -2.0097282 1.7395754 0.10847749 -1.9997716 1.7422882 0.10775635 -2.0190079 1.7426113 0.10873973 -1.9997699 1.7406615 0.10850481 -2.0190079 1.7426113 0.10873973 -2.018719 1.7442082 0.1079912 -2.0374 1.7484074 0.10944854 -1.9997716 1.7422882 0.10775635 -2.018719 1.7442082 0.1079912 -2.0190079 1.7426113 0.10873973 -2.0847881 1.7979457 0.1121201 -2.0791442 1.7881345 0.11063957 -2.084487 1.798099 0.098192953 -2.07407 1.7442528 0.10487177 -2.0741007 1.773721 0.11284532 -2.0761447 1.747365 0.10548912 -2.030853 1.7283576 0.10406866 -2.0246055 1.7423072 0.10880528 -2.0308824 1.7445158 0.10907436 -2.030853 1.7283576 0.10406866 -2.0192575 1.7413255 0.1086878 -2.0246055 1.7423072 0.10880528 -2.0163271 1.727567 0.1047174 -2.0097282 1.7395754 0.10847749 -2.0192575 1.7413255 0.1086878 -1.9997602 1.7393395 0.10844875 -2.0097282 1.7395754 0.10847749 -2.0163271 1.727567 0.1047174 -2.0675886 1.7726113 0.11010005 -2.067349 1.7730581 0.10845838 -2.0684853 1.7741041 0.10860313 -2.0671446 1.7728701 0.10843241 -2.067349 1.7730581 0.10845838 -2.0675886 1.7726113 0.11010005 -2.0530915 1.7602278 0.10842421 -2.0671446 1.7728701 0.10843241 -2.0675886 1.7726113 0.11010005 -2.0374 1.7484074 0.10944854 -2.0246055 1.7423072 0.10880528 -2.0190079 1.7426113 0.10873973 -2.0374 1.7484074 0.10944854 -2.0308824 1.7445158 0.10907436 -2.0246055 1.7423072 0.10880528 -2.0761447 1.747365 0.10548912 -2.0751364 1.7747873 0.1129887 -2.0839474 1.7641714 0.1089596 -2.07407 1.7442528 0.10487177 -2.0551574 1.7567414 0.11059998 -2.0643749 1.7637146 0.11149997 -2.07407 1.7442528 0.10487177 -2.0715661 1.7404964 0.10412602 -2.0551574 1.7567414 0.11059998 -2.0715661 1.7404964 0.10412602 -2.0712969 1.7400942 0.10404547 -2.0551574 1.7567414 0.11059998 -2.0712969 1.7400942 0.10404547 -2.0655282 1.7349137 0.10323824 -2.0551574 1.7567414 0.11059998 -2.0655282 1.7349137 0.10323824 -2.0522554 1.7545457 0.11031726 -2.0551574 1.7567414 0.11059998 -2.0655282 1.7349137 0.10323824 -2.0582762 1.7311469 0.10292956 -2.0522554 1.7545457 0.11031726 -2.0522554 1.7545457 0.11031726 -2.0582762 1.7311469 0.10292956 -2.0388165 1.7473085 0.10941437 -2.0582762 1.7311469 0.10292956 -2.0503614 1.7294203 0.10319593 -2.0388165 1.7473085 0.10941437 -2.0503614 1.7294203 0.10319593 -2.030853 1.7283576 0.10406866 -2.0388165 1.7473085 0.10941437 -2.0388165 1.7473085 0.10941437 -2.030853 1.7283576 0.10406866 -2.0379615 1.7470071 0.10937755 -2.0379615 1.7470071 0.10937755 -2.030853 1.7283576 0.10406866 -2.0308824 1.7445158 0.10907436 -2.1132467 1.86472 0.12429488 -2.1083927 1.8431157 0.12190474 -2.1095066 1.8481165 0.12261219 -2.1132467 1.86472 0.12429488 -2.10535 1.8239403 0.11881664 -2.1083927 1.8431157 0.12190474 -2.1062608 1.823794 0.1179835 -2.10535 1.8239403 0.11881664 -2.1132467 1.86472 0.12429488 -2.1062608 1.823794 0.1179835 -2.0932794 1.7846787 0.11243149 -2.10535 1.8239403 0.11881664 -2.0941639 1.7844483 0.11160112 -2.0932794 1.7846787 0.11243149 -2.1062608 1.823794 0.1179835 -2.0941639 1.7844483 0.11160112 -2.0774069 1.7468144 0.10478432 -2.0932794 1.7846787 0.11243149 -2.1069031 1.8237619 0.1168608 -2.1087687 1.8303573 0.11657944 -2.1070111 1.8239011 0.11559606 -2.1069031 1.8237619 0.1168608 -2.1148236 1.8646845 0.12232677 -2.1087687 1.8303573 0.11657944 -2.1062608 1.823794 0.1179835 -2.1148236 1.8646845 0.12232677 -2.1069031 1.8237619 0.1168608 -2.1062608 1.823794 0.1179835 -2.1141768 1.8646638 0.12345903 -2.1148236 1.8646845 0.12232677 -2.1132467 1.86472 0.12429488 -2.1141768 1.8646638 0.12345903 -2.1062608 1.823794 0.1179835 -2.0947986 1.7843648 0.11048792 -2.0983386 1.7942986 0.11092228 -2.0948541 1.7845379 0.10921776 -2.1069031 1.8237619 0.1168608 -2.0983386 1.7942986 0.11092228 -2.0947986 1.7843648 0.11048792 -2.1069031 1.8237619 0.1168608 -2.1009407 1.8015918 0.11219387 -2.0983386 1.7942986 0.11092228 -2.1070111 1.8239011 0.11559606 -2.1009407 1.8015918 0.11219387 -2.1069031 1.8237619 0.1168608 -2.10535 1.8239403 0.11881664 -2.1031373 1.8195364 0.11856538 -2.1041789 1.8242086 0.11922775 -2.10535 1.8239403 0.11881664 -2.0946426 1.791607 0.11404042 -2.1031373 1.8195364 0.11856538 -2.0932794 1.7846787 0.11243149 -2.0946426 1.791607 0.11404042 -2.10535 1.8239403 0.11881664 -2.0932794 1.7846787 0.11243149 -2.0921061 1.7850988 0.1128344 -2.0946426 1.791607 0.11404042 -2.0913696 1.7832106 0.11248478 -2.0921061 1.7850988 0.1128344 -2.0932794 1.7846787 0.11243149 -2.0913696 1.7832106 0.11248478 -2.0932794 1.7846787 0.11243149 -2.0839474 1.7641714 0.1089596 -2.10535 1.8239403 0.11881664 -2.1041789 1.8242086 0.11922775 -2.1083927 1.8431157 0.12190474 -2.1148236 1.8646845 0.12232677 -2.1132765 1.8538934 0.11970573 -2.1087687 1.8303573 0.11657944 -2.1148236 1.8646845 0.12232677 -2.1143262 1.8593696 0.12043242 -2.1132765 1.8538934 0.11970573 -2.0947986 1.7843648 0.11048792 -2.1062608 1.823794 0.1179835 -2.1069031 1.8237619 0.1168608 -2.0941639 1.7844483 0.11160112 -2.1062608 1.823794 0.1179835 -2.0947986 1.7843648 0.11048792 -2.1095066 1.8481165 0.12261219 -2.1119277 1.8648881 0.12467454 -2.1132467 1.86472 0.12429488 -2.0959065 1.8428812 0.12131193 -2.0970657 1.8819857 0.12859172 -2.0968437 1.8426809 0.12264364 -2.0959065 1.8428812 0.12131193 -2.0955384 1.8431249 0.11966341 -2.0960972 1.8821448 0.12717946 -2.0996997 1.8434581 0.12365299 -2.0981855 1.8425566 0.12342486 -2.0984771 1.8818902 0.12939753 -2.0996952 1.8425324 0.12351774 -2.0981855 1.8425566 0.12342486 -2.0996997 1.8434581 0.12365299 -2.0981855 1.8425566 0.12342486 -2.0968437 1.8426809 0.12264364 -2.0970657 1.8819857 0.12859172 -2.0959065 1.8428812 0.12131193 -2.0943565 1.8281142 0.11702744 -2.0955384 1.8431249 0.11966341 -2.0959065 1.8428812 0.12131193 -2.0938959 1.8234577 0.11788377 -2.0943565 1.8281142 0.11702744 -2.0948389 1.8230629 0.11930422 -2.0938959 1.8234577 0.11788377 -2.0959065 1.8428812 0.12131193 -2.0948389 1.8230629 0.11930422 -2.0883944 1.804903 0.11487492 -2.0938959 1.8234577 0.11788377 -2.0892773 1.8043327 0.11631172 -2.0883944 1.804903 0.11487492 -2.0948389 1.8230629 0.11930422 -2.0892773 1.8043327 0.11631172 -2.0795076 1.7876978 0.112258 -2.0883944 1.804903 0.11487492 -2.0962391 1.8226539 0.12009229 -2.0968437 1.8426809 0.12264364 -2.0981855 1.8425566 0.12342486 -2.0948389 1.8230629 0.11930422 -2.0968437 1.8426809 0.12264364 -2.0962391 1.8226539 0.12009229 -2.0948389 1.8230629 0.11930422 -2.0959065 1.8428812 0.12131193 -2.0968437 1.8426809 0.12264364 -2.0990527 1.831398 0.12161925 -2.0981855 1.8425566 0.12342486 -2.0996952 1.8425324 0.12351774 -2.0990527 1.831398 0.12161925 -2.0962391 1.8226539 0.12009229 -2.0981855 1.8425566 0.12342486 -2.0973995 1.8223906 0.12014693 -2.0962391 1.8226539 0.12009229 -2.0990527 1.831398 0.12161925 -2.0938959 1.8234577 0.11788377 -2.0942216 1.8275236 0.11692771 -2.0943565 1.8281142 0.11702744 -2.0938959 1.8234577 0.11788377 -2.0933752 1.823788 0.11630358 -2.0942216 1.8275236 0.11692771 -2.0910327 1.8134631 0.11457717 -2.0933752 1.823788 0.11630358 -2.0938959 1.8234577 0.11788377 -2.0883944 1.804903 0.11487492 -2.0854566 1.7991078 0.11229488 -2.0878727 1.8053288 0.11328375 -2.0883944 1.804903 0.11487492 -2.0847881 1.7979457 0.1121201 -2.0854566 1.7991078 0.11229488 -2.0883944 1.804903 0.11487492 -2.0910327 1.8134631 0.11457717 -2.0938959 1.8234577 0.11788377 -2.0883944 1.804903 0.11487492 -2.0878727 1.8053288 0.11328375 -2.0910327 1.8134631 0.11457717 -2.0906112 1.8036504 0.11708751 -2.0841017 1.7873093 0.11475065 -2.0815101 1.786025 0.11447337 -2.0906112 1.8036504 0.11708751 -2.0912173 1.8012053 0.11680344 -2.0841017 1.7873093 0.11475065 -2.0918589 1.8030947 0.11709706 -2.0912173 1.8012053 0.11680344 -2.0906112 1.8036504 0.11708751 -2.0906112 1.8036504 0.11708751 -2.0962179 1.8159525 0.11909521 -2.0918589 1.8030947 0.11709706 -2.0906112 1.8036504 0.11708751 -2.0962391 1.8226539 0.12009229 -2.0962179 1.8159525 0.11909521 -2.0892773 1.8043327 0.11631172 -2.0962391 1.8226539 0.12009229 -2.0906112 1.8036504 0.11708751 -2.0962391 1.8226539 0.12009229 -2.0973995 1.8223906 0.12014693 -2.0962179 1.8159525 0.11909521 -2.0892773 1.8043327 0.11631172 -2.0906112 1.8036504 0.11708751 -2.0802989 1.7869682 0.11370713 -2.0892773 1.8043327 0.11631172 -2.0948389 1.8230629 0.11930422 -2.0962391 1.8226539 0.12009229 -2.0936947 1.8276082 0.098193012 -2.0943565 1.8281142 0.11702744 -2.0942216 1.8275236 0.11692771 -2.0936947 1.8276082 0.098193012 -2.0955384 1.8431249 0.11966341 -2.0943565 1.8281142 0.11702744 -2.0933752 1.823788 0.11630358 -2.0910327 1.8134631 0.11457717 -2.0936947 1.8276082 0.098193012 -2.0936947 1.8276082 0.098193012 -2.0942216 1.8275236 0.11692771 -2.0933752 1.823788 0.11630358 -2.0957446 1.882377 0.12510477 -2.0955384 1.8431249 0.11966341 -2.0948794 1.8431256 0.09819296 -2.1143973 1.8536679 0.10471749 -2.1143262 1.8593696 0.12043242 -2.1160154 1.8646482 0.10560662 -2.1143973 1.8536679 0.10471749 -2.1132765 1.8538934 0.11970573 -2.1143262 1.8593696 0.12043242 -2.1135139 1.8476722 0.10423255 -2.1132765 1.8538934 0.11970573 -2.1143973 1.8536679 0.10471749 -2.1135139 1.8476722 0.10423255 -2.1087687 1.8303573 0.11657944 -2.1132765 1.8538934 0.11970573 -2.1080513 1.8235475 0.10198857 -2.1070111 1.8239011 0.11559606 -2.1087687 1.8303573 0.11657944 -2.1069856 1.8188353 0.10155013 -2.1009407 1.8015918 0.11219387 -2.1070111 1.8239011 0.11559606 -2.1095066 1.8481165 0.12261219 -2.0996997 1.8434581 0.12365299 -2.0999115 1.8818988 0.12927456 -2.1083927 1.8431157 0.12190474 -2.0996997 1.8434581 0.12365299 -2.1095066 1.8481165 0.12261219 -2.1083927 1.8431157 0.12190474 -2.0996952 1.8425324 0.12351774 -2.0996997 1.8434581 0.12365299 -2.0990527 1.831398 0.12161925 -2.0996952 1.8425324 0.12351774 -2.1083927 1.8431157 0.12190474 -2.1041789 1.8242086 0.11922775 -2.0990527 1.831398 0.12161925 -2.1083927 1.8431157 0.12190474 -2.1041789 1.8242086 0.11922775 -2.0973995 1.8223906 0.12014693 -2.0990527 1.831398 0.12161925 -2.1031373 1.8195364 0.11856538 -2.0973995 1.8223906 0.12014693 -2.1041789 1.8242086 0.11922775 -2.1031373 1.8195364 0.11856538 -2.0962179 1.8159525 0.11909521 -2.0973995 1.8223906 0.12014693 -2.0918589 1.8030947 0.11709706 -2.0962179 1.8159525 0.11909521 -2.1031373 1.8195364 0.11856538 -2.0946426 1.791607 0.11404042 -2.0918589 1.8030947 0.11709706 -2.1031373 1.8195364 0.11856538 -2.0946426 1.791607 0.11404042 -2.0912173 1.8012053 0.11680344 -2.0918589 1.8030947 0.11709706 -2.0921061 1.7850988 0.1128344 -2.0912173 1.8012053 0.11680344 -2.0946426 1.791607 0.11404042 -2.0921061 1.7850988 0.1128344 -2.0841017 1.7873093 0.11475065 -2.0912173 1.8012053 0.11680344 -2.0913696 1.7832106 0.11248478 -2.0841017 1.7873093 0.11475065 -2.0921061 1.7850988 0.1128344 -2.0913696 1.7832106 0.11248478 -2.082628 1.7852514 0.11446109 -2.0841017 1.7873093 0.11475065 -2.0813286 1.7834377 0.1142057 -2.082628 1.7852514 0.11446109 -2.0913696 1.7832106 0.11248478 -2.1132467 1.86472 0.12429488 -2.1171041 1.9065485 0.12859856 -2.1141768 1.8646638 0.12345903 -2.1167202 1.9065464 0.12878154 -2.1171041 1.9065485 0.12859856 -2.1132467 1.86472 0.12429488 -2.117625 1.9065856 0.1279484 -2.1141768 1.8646638 0.12345903 -2.1171041 1.9065485 0.12859856 -2.1181474 1.9066215 0.12729967 -2.1141768 1.8646638 0.12345903 -2.117625 1.9065856 0.1279484 -2.1181474 1.9066215 0.12729967 -2.1148236 1.8646845 0.12232677 -2.1141768 1.8646638 0.12345903 -2.1182733 1.9066552 0.12684895 -2.1148236 1.8646845 0.12232677 -2.1181474 1.9066215 0.12729967 -2.1182733 1.9066552 0.12684895 -2.1176939 1.8890463 0.12383869 -2.1148236 1.8646845 0.12232677 -2.1186142 1.9067439 0.12562518 -2.1176939 1.8890463 0.12383869 -2.1182733 1.9066552 0.12684895 -2.1136949 1.8771352 0.12617968 -2.1132467 1.86472 0.12429488 -2.1119277 1.8648881 0.12467454 -2.1154871 1.9037055 0.12898235 -2.1132467 1.86472 0.12429488 -2.1136949 1.8771352 0.12617968 -2.1154871 1.9037055 0.12898235 -2.1167202 1.9065464 0.12878154 -2.1132467 1.86472 0.12429488 -2.1156783 1.9065386 0.1292814 -2.1167202 1.9065464 0.12878154 -2.1154871 1.9037055 0.12898235 -2.1149414 1.8647972 0.12105519 -2.1143262 1.8593696 0.12043242 -2.1148236 1.8646845 0.12232677 -2.1176939 1.8890463 0.12383869 -2.1149414 1.8647972 0.12105519 -2.1148236 1.8646845 0.12232677 -2.1191018 1.9998802 0.13252248 -2.1177838 1.953209 0.13223846 -2.1181607 1.9998811 0.13336383 -2.1187248 1.9532281 0.13139707 -2.1177838 1.953209 0.13223846 -2.1191018 1.9998802 0.13252248 -2.1187248 1.9532281 0.13139707 -2.1171041 1.9065485 0.12859856 -2.1177838 1.953209 0.13223846 -2.117625 1.9065856 0.1279484 -2.1171041 1.9065485 0.12859856 -2.1187248 1.9532281 0.13139707 -2.1193717 1.9532639 0.13025254 -2.1199934 1.9998792 0.13002306 -2.1196799 1.9554672 0.12910387 -2.1197474 1.9998795 0.13137659 -2.1199934 1.9998792 0.13002306 -2.1193717 1.9532639 0.13025254 -2.1181607 1.9998811 0.13336383 -2.1170847 1.9958498 0.13378721 -2.117065 1.9998809 0.13370258 -2.1181607 1.9998811 0.13336383 -2.1167872 1.9648894 0.13287623 -2.1170847 1.9958498 0.13378721 -2.1177838 1.953209 0.13223846 -2.1167872 1.9648894 0.13287623 -2.1181607 1.9998811 0.13336383 -2.1177838 1.953209 0.13223846 -2.1166747 1.9532139 0.1325321 -2.1167872 1.9648894 0.13287623 -2.1166143 1.9469842 0.13234904 -2.1166747 1.9532139 0.1325321 -2.1177838 1.953209 0.13223846 -2.1177838 1.953209 0.13223846 -2.1156783 1.9065386 0.1292814 -2.1166143 1.9469842 0.13234904 -2.1177838 1.953209 0.13223846 -2.1167202 1.9065464 0.12878154 -2.1156783 1.9065386 0.1292814 -2.1171041 1.9065485 0.12859856 -2.1167202 1.9065464 0.12878154 -2.1177838 1.953209 0.13223846 -2.1182733 1.9066552 0.12684895 -2.1193717 1.9532639 0.13025254 -2.1186142 1.9067439 0.12562518 -2.1181474 1.9066215 0.12729967 -2.1193717 1.9532639 0.13025254 -2.1182733 1.9066552 0.12684895 -2.1181474 1.9066215 0.12729967 -2.1187248 1.9532281 0.13139707 -2.1193717 1.9532639 0.13025254 -2.117625 1.9065856 0.1279484 -2.1187248 1.9532281 0.13139707 -2.1181474 1.9066215 0.12729967 -2.1193717 1.9532639 0.13025254 -2.1191018 1.9998802 0.13252248 -2.1197474 1.9998795 0.13137659 -2.1187248 1.9532281 0.13139707 -2.1191018 1.9998802 0.13252248 -2.1193717 1.9532639 0.13025254 -2.1193717 1.9532639 0.13025254 -2.1196322 1.953315 0.12894957 -2.1186142 1.9067439 0.12562518 -2.1196799 1.9554672 0.12910387 -2.1196322 1.953315 0.12894957 -2.1193717 1.9532639 0.13025254 -2.0960972 1.8821448 0.12717946 -2.0970657 1.8819857 0.12859172 -2.0959065 1.8428812 0.12131193 -2.0960972 1.8821448 0.12717946 -2.0972359 1.9212906 0.13281886 -2.0970657 1.8819857 0.12859172 -2.0962663 1.921397 0.13140118 -2.0972359 1.9212906 0.13281886 -2.0960972 1.8821448 0.12717946 -2.0962663 1.921397 0.13140118 -2.0973525 1.9605969 0.13534839 -2.0972359 1.9212906 0.13281886 -2.096384 1.9606506 0.13392788 -2.0973525 1.9605969 0.13534839 -2.0962663 1.921397 0.13140118 -2.096384 1.9606506 0.13392788 -2.0974185 1.999902 0.13618968 -2.0973525 1.9605969 0.13534839 -2.0964487 1.999903 0.13476788 -2.0974185 1.999902 0.13618968 -2.096384 1.9606506 0.13392788 -2.0987639 1.9605641 0.13616107 -2.1001947 1.9605677 0.13591789 -2.1001482 1.939607 0.13509703 -2.0987639 1.9605641 0.13616107 -2.1002071 1.9659622 0.1361282 -2.1001947 1.9605677 0.13591789 -2.09883 1.9999006 0.1370023 -2.1002071 1.9659622 0.1361282 -2.0987639 1.9605641 0.13616107 -2.09883 1.9999006 0.1370023 -2.1002562 1.9883363 0.13700372 -2.1002071 1.9659622 0.1361282 -2.1002629 1.9998965 0.1368425 -2.1002562 1.9883363 0.13700372 -2.09883 1.9999006 0.1370023 -2.0964487 1.999903 0.13476788 -2.0960984 1.9893891 0.13311251 -2.0960982 1.9998907 0.13275197 -2.0964487 1.999903 0.13476788 -2.0960193 1.9607513 0.13145991 -2.0960984 1.9893891 0.13311251 -2.096384 1.9606506 0.13392788 -2.0960193 1.9607513 0.13145991 -2.0964487 1.999903 0.13476788 -2.096384 1.9606506 0.13392788 -2.0959101 1.9215441 0.12919815 -2.0960193 1.9607513 0.13145991 -2.0962663 1.921397 0.13140118 -2.0959101 1.9215441 0.12919815 -2.096384 1.9606506 0.13392788 -2.0962663 1.921397 0.13140118 -2.0958648 1.905036 0.12824616 -2.0959101 1.9215441 0.12919815 -2.0957446 1.882377 0.12510477 -2.0958648 1.905036 0.12824616 -2.0962663 1.921397 0.13140118 -2.0960972 1.8821448 0.12717946 -2.0957446 1.882377 0.12510477 -2.0962663 1.921397 0.13140118 -2.0960972 1.8821448 0.12717946 -2.0955384 1.8431249 0.11966341 -2.0957446 1.882377 0.12510477 -2.0970657 1.8819857 0.12859172 -2.0984771 1.8818902 0.12939753 -2.0981855 1.8425566 0.12342486 -2.0970657 1.8819857 0.12859172 -2.0986462 1.9212265 0.13362876 -2.0984771 1.8818902 0.12939753 -2.0972359 1.9212906 0.13281886 -2.0986462 1.9212265 0.13362876 -2.0970657 1.8819857 0.12859172 -2.0972359 1.9212906 0.13281886 -2.0987639 1.9605641 0.13616107 -2.0986462 1.9212265 0.13362876 -2.0973525 1.9605969 0.13534839 -2.0987639 1.9605641 0.13616107 -2.0972359 1.9212906 0.13281886 -2.0973525 1.9605969 0.13534839 -2.09883 1.9999006 0.1370023 -2.0987639 1.9605641 0.13616107 -2.0974185 1.999902 0.13618968 -2.09883 1.9999006 0.1370023 -2.0973525 1.9605969 0.13534839 -2.0984771 1.8818902 0.12939753 -2.0999115 1.8818988 0.12927456 -2.0996997 1.8434581 0.12365299 -2.0984771 1.8818902 0.12939753 -2.0999613 1.8909631 0.13060078 -2.0999115 1.8818988 0.12927456 -2.0986462 1.9212265 0.13362876 -2.0999613 1.8909631 0.13060078 -2.0984771 1.8818902 0.12939753 -2.0986462 1.9212265 0.13362876 -2.1000133 1.9045401 0.13185595 -2.0999613 1.8909631 0.13060078 -2.1000781 1.9212401 0.13339932 -2.1000133 1.9045401 0.13185595 -2.0986462 1.9212265 0.13362876 -2.1001482 1.939607 0.13509703 -2.0986462 1.9212265 0.13362876 -2.0987639 1.9605641 0.13616107 -2.1000781 1.9212401 0.13339932 -2.0986462 1.9212265 0.13362876 -2.1001482 1.939607 0.13509703 -2.0960193 1.9607513 0.13145991 -2.0960982 1.9998907 0.13275197 -2.0960984 1.9893891 0.13311251 -2.0948794 1.8431256 0.09819296 -2.0960968 2.0390718 0.13140941 -2.0960193 1.9607513 0.13145991 -2.0948794 1.8431256 0.09819296 -2.0960951 2.0730751 0.13024434 -2.0960968 2.0390718 0.13140941 -2.0960798 2.078269 0.12958735 -2.0960951 2.0730751 0.13024434 -2.0948794 1.8431256 0.09819296 -2.0959101 1.9215441 0.12919815 -2.0948794 1.8431256 0.09819296 -2.0960193 1.9607513 0.13145991 -2.0959101 1.9215441 0.12919815 -2.0957446 1.882377 0.12510477 -2.0948794 1.8431256 0.09819296 -2.0958648 1.905036 0.12824616 -2.0957446 1.882377 0.12510477 -2.0959101 1.9215441 0.12919815 -2.1199164 1.9066924 0.10867283 -2.1176939 1.8890463 0.12383869 -2.1186142 1.9067439 0.12562518 -2.1178367 1.8770056 0.10660771 -2.1176939 1.8890463 0.12383869 -2.1199164 1.9066924 0.10867283 -2.1178367 1.8770056 0.10660771 -2.1149414 1.8647972 0.12105519 -2.1176939 1.8890463 0.12383869 -2.1160154 1.8646482 0.10560662 -2.1149414 1.8647972 0.12105519 -2.1178367 1.8770056 0.10660771 -2.1160154 1.8646482 0.10560662 -2.1143262 1.8593696 0.12043242 -2.1149414 1.8647972 0.12105519 -2.1199934 1.9998792 0.13002306 -2.1220639 1.9998771 0.10160615 -2.1208344 1.9194269 0.1024161 -2.1186142 1.9067439 0.12562518 -2.1200392 1.9106318 0.10891867 -2.1199784 1.9086615 0.1087971 -2.1186142 1.9067439 0.12562518 -2.1202648 1.9153361 0.10809644 -2.1200392 1.9106318 0.10891867 -2.1196322 1.953315 0.12894957 -2.1202648 1.9153361 0.10809644 -2.1186142 1.9067439 0.12562518 -2.1196322 1.953315 0.12894957 -2.1203449 1.9161803 0.10740262 -2.1202648 1.9153361 0.10809644 -2.1205463 1.9182683 0.10568441 -2.1203449 1.9161803 0.10740262 -2.1196322 1.953315 0.12894957 -2.1207898 1.9193617 0.10296789 -2.1199934 1.9998792 0.13002306 -2.1208344 1.9194269 0.1024161 -2.1207898 1.9193617 0.10296789 -2.1196799 1.9554672 0.12910387 -2.1199934 1.9998792 0.13002306 -2.1205728 1.9183912 0.10537986 -2.1196799 1.9554672 0.12910387 -2.1207898 1.9193617 0.10296789 -2.1205728 1.9183912 0.10537986 -2.1196322 1.953315 0.12894957 -2.1196799 1.9554672 0.12910387 -2.1205463 1.9182683 0.10568441 -2.1196322 1.953315 0.12894957 -2.1205728 1.9183912 0.10537986 -2.1199784 1.9086615 0.1087971 -2.1199164 1.9066924 0.10867283 -2.1186142 1.9067439 0.12562518 -2.0999115 1.8818988 0.12927456 -2.1119277 1.8648881 0.12467454 -2.1095066 1.8481165 0.12261219 -2.0999115 1.8818988 0.12927456 -2.1136949 1.8771352 0.12617968 -2.1119277 1.8648881 0.12467454 -2.0999613 1.8909631 0.13060078 -2.1136949 1.8771352 0.12617968 -2.0999115 1.8818988 0.12927456 -2.0999613 1.8909631 0.13060078 -2.1154871 1.9037055 0.12898235 -2.1136949 1.8771352 0.12617968 -2.1000133 1.9045401 0.13185595 -2.1154871 1.9037055 0.12898235 -2.0999613 1.8909631 0.13060078 -2.1000133 1.9045401 0.13185595 -2.1156783 1.9065386 0.1292814 -2.1154871 1.9037055 0.12898235 -2.1000781 1.9212401 0.13339932 -2.1156783 1.9065386 0.1292814 -2.1000133 1.9045401 0.13185595 -2.1000781 1.9212401 0.13339932 -2.1166143 1.9469842 0.13234904 -2.1156783 1.9065386 0.1292814 -2.1001482 1.939607 0.13509703 -2.1166143 1.9469842 0.13234904 -2.1000781 1.9212401 0.13339932 -2.1001482 1.939607 0.13509703 -2.1166747 1.9532139 0.1325321 -2.1166143 1.9469842 0.13234904 -2.1001947 1.9605677 0.13591789 -2.1166747 1.9532139 0.1325321 -2.1001482 1.939607 0.13509703 -2.1001947 1.9605677 0.13591789 -2.1167872 1.9648894 0.13287623 -2.1166747 1.9532139 0.1325321 -2.1002071 1.9659622 0.1361282 -2.1167872 1.9648894 0.13287623 -2.1001947 1.9605677 0.13591789 -2.1002071 1.9659622 0.1361282 -2.1170847 1.9958498 0.13378721 -2.1167872 1.9648894 0.13287623 -2.1002562 1.9883363 0.13700372 -2.1170847 1.9958498 0.13378721 -2.1002071 1.9659622 0.1361282 -2.1002562 1.9883363 0.13700372 -2.117065 1.9998809 0.13370258 -2.1170847 1.9958498 0.13378721 -2.1002629 1.9998965 0.1368425 -2.117065 1.9998809 0.13370258 -2.1002562 1.9883363 0.13700372 -2.0802989 1.7869682 0.11370713 -2.0795076 1.7876978 0.112258 -2.0892773 1.8043327 0.11631172 -2.0802989 1.7869682 0.11370713 -2.0675886 1.7726113 0.11010005 -2.0795076 1.7876978 0.112258 -2.0682597 1.7717427 0.11155875 -2.0675886 1.7726113 0.11010005 -2.0802989 1.7869682 0.11370713 -2.0682597 1.7717427 0.11155875 -2.0530915 1.7602278 0.10842421 -2.0675886 1.7726113 0.11010005 -2.0536175 1.7592465 0.10988969 -2.0530915 1.7602278 0.10842421 -2.0682597 1.7717427 0.11155875 -2.0795076 1.7876978 0.112258 -2.0847881 1.7979457 0.1121201 -2.0883944 1.804903 0.11487492 -2.0795076 1.7876978 0.112258 -2.0791442 1.7881345 0.11063957 -2.0847881 1.7979457 0.1121201 -2.0777557 1.785719 0.1102749 -2.0791442 1.7881345 0.11063957 -2.0795076 1.7876978 0.112258 -2.0795076 1.7876978 0.112258 -2.0684853 1.7741041 0.10860313 -2.0777557 1.785719 0.1102749 -2.0675886 1.7726113 0.11010005 -2.0684853 1.7741041 0.10860313 -2.0795076 1.7876978 0.112258 -2.0544372 1.7578822 0.11064364 -2.0551574 1.7567414 0.11059998 -2.0522554 1.7545457 0.11031726 -2.0544372 1.7578822 0.11064364 -2.0643749 1.7637146 0.11149997 -2.0551574 1.7567414 0.11059998 -2.0692966 1.770569 0.11231813 -2.0643749 1.7637146 0.11149997 -2.0544372 1.7578822 0.11064364 -2.0692966 1.770569 0.11231813 -2.0701611 1.7696675 0.11230037 -2.0643749 1.7637146 0.11149997 -2.0741007 1.773721 0.11284532 -2.0701611 1.7696675 0.11230037 -2.0692966 1.770569 0.11231813 -2.0815101 1.786025 0.11447337 -2.082628 1.7852514 0.11446109 -2.0813286 1.7834377 0.1142057 -2.0815101 1.786025 0.11447337 -2.0841017 1.7873093 0.11475065 -2.082628 1.7852514 0.11446109 -2.0682597 1.7717427 0.11155875 -2.0692966 1.770569 0.11231813 -2.0536175 1.7592465 0.10988969 -2.0815101 1.786025 0.11447337 -2.0692966 1.770569 0.11231813 -2.0682597 1.7717427 0.11155875 -2.0815101 1.786025 0.11447337 -2.0741007 1.773721 0.11284532 -2.0692966 1.770569 0.11231813 -2.0751364 1.7747873 0.1129887 -2.0741007 1.773721 0.11284532 -2.0815101 1.786025 0.11447337 -2.0815101 1.786025 0.11447337 -2.0813286 1.7834377 0.1142057 -2.0751364 1.7747873 0.1129887 -2.0379615 1.7470071 0.10937755 -2.0308824 1.7445158 0.10907436 -2.0374 1.7484074 0.10944854 -2.0544372 1.7578822 0.11064364 -2.0374 1.7484074 0.10944854 -2.036835 1.7499168 0.10869735 -2.0544372 1.7578822 0.11064364 -2.0388165 1.7473085 0.10941437 -2.0374 1.7484074 0.10944854 -2.0522554 1.7545457 0.11031726 -2.0388165 1.7473085 0.10941437 -2.0544372 1.7578822 0.11064364 -2.0544372 1.7578822 0.11064364 -2.0536175 1.7592465 0.10988969 -2.0692966 1.770569 0.11231813 -2.0802989 1.7869682 0.11370713 -2.0815101 1.786025 0.11447337 -2.0682597 1.7717427 0.11155875 -2.0802989 1.7869682 0.11370713 -2.0906112 1.8036504 0.11708751 -2.0815101 1.786025 0.11447337 -2.036835 1.7499168 0.10869735 -2.0536175 1.7592465 0.10988969 -2.0544372 1.7578822 0.11064364 -2.0388165 1.7473085 0.10941437 -2.0379615 1.7470071 0.10937755 -2.0374 1.7484074 0.10944854 -2.0839474 1.7641714 0.1089596 -2.0751364 1.7747873 0.1129887 -2.0913696 1.7832106 0.11248478 -2.0761447 1.747365 0.10548912 -2.0741007 1.773721 0.11284532 -2.0751364 1.7747873 0.1129887 -2.0751364 1.7747873 0.1129887 -2.0813286 1.7834377 0.1142057 -2.0913696 1.7832106 0.11248478 -2.07407 1.7442528 0.10487177 -2.0701611 1.7696675 0.11230037 -2.0741007 1.773721 0.11284532 -2.07407 1.7442528 0.10487177 -2.0643749 1.7637146 0.11149997 -2.0701611 1.7696675 0.11230037 -2.1506855 1.9998484 0.08808469 -2.1440437 1.999855 0.093745977 -2.1453269 2.0632839 0.092057802 -2.1506855 1.9998484 0.08808469 -2.1564903 2.0622029 0.078522705 -2.1552334 1.9998438 0.080194473 -2.1519563 2.062748 0.086404778 -2.1564903 2.0622029 0.078522705 -2.1506855 1.9998484 0.08808469 -2.1453269 2.0632839 0.092057802 -2.1519563 2.062748 0.086404778 -2.1506855 1.9998484 0.08808469 -2.1453269 2.0632839 0.092057802 -2.1373849 2.0502367 0.095369898 -2.1380057 2.0637052 0.094531268 -2.1453269 2.0632839 0.092057802 -2.1440437 1.999855 0.093745977 -2.1373849 2.0502367 0.095369898 -2.1629941 2.1300166 0.092108384 -2.1639392 2.1353536 0.092656039 -2.1642919 2.1351688 0.091451444 -2.1624746 2.1290662 0.092265464 -2.1639392 2.1353536 0.092656039 -2.1629941 2.1300166 0.092108384 -2.1549454 2.115597 0.08232104 -2.1587167 2.1194525 0.076438472 -2.1519563 2.062748 0.086404778 -2.1453269 2.0632839 0.092057802 -2.1476736 2.1077831 0.088808559 -2.1482468 2.1083982 0.088479407 -2.1453269 2.0632839 0.092057802 -2.1448236 2.1047194 0.090448938 -2.1476736 2.1077831 0.088808559 -2.1430297 2.1028135 0.091094963 -2.1448236 2.1047194 0.090448938 -2.1453269 2.0632839 0.092057802 -2.1453269 2.0632839 0.092057802 -2.1396403 2.0992134 0.092317387 -2.1430297 2.1028135 0.091094963 -2.1453269 2.0632839 0.092057802 -2.1540453 2.114641 0.083383605 -2.1519563 2.062748 0.086404778 -2.1482468 2.1083982 0.088479407 -2.1540453 2.114641 0.083383605 -2.1453269 2.0632839 0.092057802 -2.1540453 2.114641 0.083383605 -2.1549454 2.115597 0.08232104 -2.1519563 2.062748 0.086404778 -2.1424458 2.1033747 0.097792856 -2.1476736 2.1077831 0.088808559 -2.1448236 2.1047194 0.090448938 -2.1568198 2.1201293 0.093963139 -2.1482468 2.1083982 0.088479407 -2.1476736 2.1077831 0.088808559 -2.1540453 2.114641 0.083383605 -2.1482468 2.1083982 0.088479407 -2.1568198 2.1201293 0.093963139 -2.1568198 2.1201293 0.093963139 -2.1549454 2.115597 0.08232104 -2.1540453 2.114641 0.083383605 -2.1594131 2.1234691 0.093191482 -2.1549454 2.115597 0.08232104 -2.1568198 2.1201293 0.093963139 -2.1594131 2.1234691 0.093191482 -2.1587167 2.1194525 0.076438472 -2.1549454 2.115597 0.08232104 -2.1596789 2.1202731 0.073878974 -2.1587167 2.1194525 0.076438472 -2.1594131 2.1234691 0.093191482 -2.1594131 2.1234691 0.093191482 -2.1568198 2.1201293 0.093963139 -2.1592083 2.1238894 0.094445243 -2.1627622 2.1357222 0.094349645 -2.1608686 2.1302054 0.095419064 -2.1623819 2.1358004 0.094519004 -2.1627622 2.1357222 0.094349645 -2.1617467 2.129684 0.094632357 -2.1608686 2.1302054 0.095419064 -2.1632853 2.1355724 0.093724094 -2.1617467 2.129684 0.094632357 -2.1627622 2.1357222 0.094349645 -2.1624746 2.1290662 0.092265464 -2.1623392 2.1292446 0.093512431 -2.1639392 2.1353536 0.092656039 -2.1624746 2.1290662 0.092265464 -2.1592083 2.1238894 0.094445243 -2.1623392 2.1292446 0.093512431 -2.1594131 2.1234691 0.093191482 -2.1592083 2.1238894 0.094445243 -2.1624746 2.1290662 0.092265464 -2.1591318 2.1240463 0.094912358 -2.1623392 2.1292446 0.093512431 -2.1592083 2.1238894 0.094445243 -2.1617467 2.129684 0.094632357 -2.1623392 2.1292446 0.093512431 -2.1591318 2.1240463 0.094912358 -2.1617467 2.129684 0.094632357 -2.1638086 2.1354213 0.093098603 -2.1623392 2.1292446 0.093512431 -2.1632853 2.1355724 0.093724094 -2.1638086 2.1354213 0.093098603 -2.1617467 2.129684 0.094632357 -2.1638086 2.1354213 0.093098603 -2.1639392 2.1353536 0.092656039 -2.1623392 2.1292446 0.093512431 -2.1380057 2.0637052 0.094531268 -2.1396403 2.0992134 0.092317387 -2.1453269 2.0632839 0.092057802 -2.1424458 2.1033747 0.097792856 -2.1448236 2.1047194 0.090448938 -2.1430297 2.1028135 0.091094963 -2.1568198 2.1201293 0.093963139 -2.1476736 2.1077831 0.088808559 -2.1424458 2.1033747 0.097792856 -2.1415038 2.1022768 0.098042756 -2.1430297 2.1028135 0.091094963 -2.1396403 2.0992134 0.092317387 -2.1292009 2.0887599 0.094704755 -2.1396403 2.0992134 0.092317387 -2.1380057 2.0637052 0.094531268 -2.1373849 2.0502367 0.095369898 -2.1365867 1.9999478 0.096403778 -2.1365733 2.0009825 0.096424311 -2.1440437 1.999855 0.093745977 -2.1365867 1.9999478 0.096403778 -2.1373849 2.0502367 0.095369898 -2.1373849 2.0502367 0.095369898 -2.1248345 2.0506444 0.097066216 -2.1380057 2.0637052 0.094531268 -2.1365733 2.0009825 0.096424311 -2.12518 2.0002692 0.097887076 -2.1373849 2.0502367 0.095369898 -2.1365733 2.0009825 0.096424311 -2.1365867 1.9999478 0.096403778 -2.12518 2.0002692 0.097887076 -2.1580071 2.1252654 0.096323252 -2.1405249 2.10624 0.10132618 -2.1571558 2.1260552 0.096722089 -2.1580071 2.1252654 0.096323252 -2.1402597 2.104177 0.10129613 -2.1405249 2.10624 0.10132618 -2.1583238 2.1249716 0.09617573 -2.1402597 2.104177 0.10129613 -2.1580071 2.1252654 0.096323252 -2.1583238 2.1249716 0.09617573 -2.1409671 2.1033146 0.1005135 -2.1402597 2.104177 0.10129613 -2.1587276 2.1245084 0.095543332 -2.1409671 2.1033146 0.1005135 -2.1583238 2.1249716 0.09617573 -2.1414092 2.1026382 0.099352568 -2.1415038 2.1022768 0.098042756 -2.1408296 2.1014912 0.098223098 -2.1414092 2.1026382 0.099352568 -2.1424458 2.1033747 0.097792856 -2.1415038 2.1022768 0.098042756 -2.1592083 2.1238894 0.094445243 -2.1424458 2.1033747 0.097792856 -2.1414092 2.1026382 0.099352568 -2.1592083 2.1238894 0.094445243 -2.1568198 2.1201293 0.093963139 -2.1424458 2.1033747 0.097792856 -2.1402597 2.104177 0.10129613 -2.1393919 2.1051035 0.10158299 -2.1405249 2.10624 0.10132618 -2.1402597 2.104177 0.10129613 -2.1228163 2.0870016 0.10498926 -2.1393919 2.1051035 0.10158299 -2.1409671 2.1033146 0.1005135 -2.1228163 2.0870016 0.10498926 -2.1402597 2.104177 0.10129613 -2.1409671 2.1033146 0.1005135 -2.1414092 2.1026382 0.099352568 -2.1221063 2.0837526 0.10376417 -2.1409671 2.1033146 0.1005135 -2.1591318 2.1240463 0.094912358 -2.1414092 2.1026382 0.099352568 -2.1587276 2.1245084 0.095543332 -2.1591318 2.1240463 0.094912358 -2.1409671 2.1033146 0.1005135 -2.1221383 2.0832984 0.10280947 -2.1414092 2.1026382 0.099352568 -2.1408296 2.1014912 0.098223098 -2.1591318 2.1240463 0.094912358 -2.1592083 2.1238894 0.094445243 -2.1414092 2.1026382 0.099352568 -2.1623819 2.1358004 0.094519004 -2.1596942 2.1307824 0.095798783 -2.161345 2.1360133 0.094976552 -2.1623819 2.1358004 0.094519004 -2.1608686 2.1302054 0.095419064 -2.1596942 2.1307824 0.095798783 -2.1608686 2.1302054 0.095419064 -2.1580071 2.1252654 0.096323252 -2.1571558 2.1260552 0.096722089 -2.1608686 2.1302054 0.095419064 -2.1583238 2.1249716 0.09617573 -2.1580071 2.1252654 0.096323252 -2.1617467 2.129684 0.094632357 -2.1583238 2.1249716 0.09617573 -2.1608686 2.1302054 0.095419064 -2.1617467 2.129684 0.094632357 -2.1587276 2.1245084 0.095543332 -2.1583238 2.1249716 0.09617573 -2.1591318 2.1240463 0.094912358 -2.1587276 2.1245084 0.095543332 -2.1617467 2.129684 0.094632357 -2.159256 2.1293955 0.09601593 -2.1608686 2.1302054 0.095419064 -2.1571558 2.1260552 0.096722089 -2.159256 2.1293955 0.09601593 -2.1596942 2.1307824 0.095798783 -2.1608686 2.1302054 0.095419064 -2.1396403 2.0992134 0.092317387 -2.1408296 2.1014912 0.098223098 -2.1415038 2.1022768 0.098042756 -2.1396403 2.0992134 0.092317387 -2.1222126 2.0832434 0.10227274 -2.1408296 2.1014912 0.098223098 -2.1292009 2.0887599 0.094704755 -2.1222126 2.0832434 0.10227274 -2.1396403 2.0992134 0.092317387 -2.1424458 2.1033747 0.097792856 -2.1430297 2.1028135 0.091094963 -2.1415038 2.1022768 0.098042756 -2.1380057 2.0637052 0.094531268 -2.1242299 2.0841367 0.095744148 -2.1292009 2.0887599 0.094704755 -2.1596942 2.1307824 0.095798783 -2.122725 2.1451278 0.10051899 -2.161345 2.1360133 0.094976552 -2.1596942 2.1307824 0.095798783 -2.1571558 2.1260552 0.096722089 -2.122725 2.1451278 0.10051899 -2.159256 2.1293955 0.09601593 -2.1571558 2.1260552 0.096722089 -2.1596942 2.1307824 0.095798783 -2.1571558 2.1260552 0.096722089 -2.1405249 2.10624 0.10132618 -2.122725 2.1451278 0.10051899 -2.1393919 2.1051035 0.10158299 -2.1226807 2.1011531 0.10441015 -2.1405249 2.10624 0.10132618 -2.1221344 2.0223906 0.10170317 -2.1224887 1.9998767 0.10057905 -2.1220639 1.9998771 0.10160615 -2.1221344 2.0223906 0.10170317 -2.1214905 2.0812347 0.098317318 -2.1224887 1.9998767 0.10057905 -2.1212132 2.0801187 0.099674925 -2.1214905 2.0812347 0.098317318 -2.1221344 2.0223906 0.10170317 -2.1231825 1.999876 0.099399053 -2.1222343 2.0822399 0.097161874 -2.1226671 2.0827975 0.096524008 -2.1231825 1.999876 0.099399053 -2.1216984 2.0815494 0.097952649 -2.1222343 2.0822399 0.097161874 -2.1224887 1.9998767 0.10057905 -2.1216984 2.0815494 0.097952649 -2.1231825 1.999876 0.099399053 -2.1224887 1.9998767 0.10057905 -2.121506 2.0813024 0.098235413 -2.1216984 2.0815494 0.097952649 -2.1214905 2.0812347 0.098317318 -2.121506 2.0813024 0.098235413 -2.1224887 1.9998767 0.10057905 -2.1241894 1.9998751 0.098559067 -2.1226671 2.0827975 0.096524008 -2.1228857 2.0829742 0.09635058 -2.1241894 1.9998751 0.098559067 -2.1231825 1.999876 0.099399053 -2.1226671 2.0827975 0.096524008 -2.1231403 2.0831947 0.096235849 -2.1251881 2.0310555 0.097839281 -2.12518 2.0002692 0.097887076 -2.1231403 2.0831947 0.096235849 -2.1248345 2.0506444 0.097066216 -2.1251881 2.0310555 0.097839281 -2.1241894 1.9998751 0.098559067 -2.12518 2.0002692 0.097887076 -2.1251798 1.999874 0.097888507 -2.1231403 2.0831947 0.096235849 -2.12518 2.0002692 0.097887076 -2.1241894 1.9998751 0.098559067 -2.1228857 2.0829742 0.09635058 -2.1231403 2.0831947 0.096235849 -2.1241894 1.9998751 0.098559067 -2.1380057 2.0637052 0.094531268 -2.1248345 2.0506444 0.097066216 -2.1242299 2.0841367 0.095744148 -2.1373849 2.0502367 0.095369898 -2.1251881 2.0310555 0.097839281 -2.1248345 2.0506444 0.097066216 -2.1373849 2.0502367 0.095369898 -2.12518 2.0002692 0.097887076 -2.1251881 2.0310555 0.097839281 -2.12518 2.0002692 0.097887076 -2.1365867 1.9999478 0.096403778 -2.1251798 1.999874 0.097888507 -2.0959668 2.1173847 0.12463635 -2.0948794 1.8431256 0.09819296 -2.0951948 2.1566832 0.098193012 -2.1211636 2.092972 0.10626902 -2.1175528 2.1351554 0.10318093 -2.1217229 2.0929554 0.10560796 -2.1206045 2.092989 0.10693004 -2.1175528 2.1351554 0.10318093 -2.1211636 2.092972 0.10626902 -2.1206045 2.092989 0.10693004 -2.1168602 2.1351275 0.10435416 -2.1175528 2.1351554 0.10318093 -2.1204689 2.0930104 0.1074013 -2.1168602 2.1351275 0.10435416 -2.1206045 2.092989 0.10693004 -2.1204689 2.0930104 0.1074013 -2.1191299 2.1113513 0.10744089 -2.1168602 2.1351275 0.10435416 -2.1212153 2.1227462 0.10292277 -2.1185515 2.1352499 0.10234236 -2.1193941 2.1353443 0.1019148 -2.1226807 2.1011531 0.10441015 -2.1185515 2.1352499 0.10234236 -2.1212153 2.1227462 0.10292277 -2.1226807 2.1011531 0.10441015 -2.1221323 2.0929599 0.10543726 -2.1185515 2.1352499 0.10234236 -2.1232352 2.0929713 0.1049729 -2.1221323 2.0929599 0.10543726 -2.1226807 2.1011531 0.10441015 -2.1168602 2.1351275 0.10435416 -2.1163764 2.1351392 0.10561893 -2.1156864 2.1410987 0.1051627 -2.1191299 2.1113513 0.10744089 -2.1163764 2.1351392 0.10561893 -2.1168602 2.1351275 0.10435416 -2.1185515 2.1352499 0.10234236 -2.1217229 2.0929554 0.10560796 -2.1175528 2.1351554 0.10318093 -2.1185515 2.1352499 0.10234236 -2.1221323 2.0929599 0.10543726 -2.1217229 2.0929554 0.10560796 -2.1211636 2.092972 0.10626902 -2.1212678 2.0890374 0.10652577 -2.1206045 2.092989 0.10693004 -2.1211636 2.092972 0.10626902 -2.1218367 2.0890207 0.10585248 -2.1212678 2.0890374 0.10652577 -2.1217229 2.0929554 0.10560796 -2.1218367 2.0890207 0.10585248 -2.1211636 2.092972 0.10626902 -2.1217229 2.0929554 0.10560796 -2.1222401 2.0890241 0.1056845 -2.1218367 2.0890207 0.10585248 -2.1232934 2.0910034 0.10509717 -2.1221323 2.0929599 0.10543726 -2.1232352 2.0929713 0.1049729 -2.1232934 2.0910034 0.10509717 -2.1222401 2.0890241 0.1056845 -2.1221323 2.0929599 0.10543726 -2.1233501 2.0890355 0.10521732 -2.1222401 2.0890241 0.1056845 -2.1232934 2.0910034 0.10509717 -2.1217229 2.0929554 0.10560796 -2.1221323 2.0929599 0.10543726 -2.1222401 2.0890241 0.1056845 -2.1210375 2.0843897 0.10593852 -2.1206589 2.0839221 0.10673885 -2.1210747 2.0866458 0.10656271 -2.1210375 2.0843897 0.10593852 -2.1211114 2.0826373 0.10446615 -2.1206589 2.0839221 0.10673885 -2.1215465 2.0832465 0.10406871 -2.1211114 2.0826373 0.10446615 -2.1210375 2.0843897 0.10593852 -2.1215465 2.0832465 0.10406871 -2.1212955 2.0819159 0.10230134 -2.1211114 2.0826373 0.10446615 -2.122112 2.0836661 0.10358112 -2.1212955 2.0819159 0.10230134 -2.1215465 2.0832465 0.10406871 -2.1210747 2.0866458 0.10656271 -2.1207194 2.0890532 0.10717457 -2.1212678 2.0890374 0.10652577 -2.1228163 2.0870016 0.10498926 -2.1218524 2.0868433 0.1057432 -2.1222401 2.0890241 0.1056845 -2.1228163 2.0870016 0.10498926 -2.121614 2.0848055 0.10526653 -2.1218524 2.0868433 0.1057432 -2.1223249 2.0851333 0.10477894 -2.121614 2.0848055 0.10526653 -2.1228163 2.0870016 0.10498926 -2.1221383 2.0832984 0.10280947 -2.1212955 2.0819159 0.10230134 -2.122112 2.0836661 0.10358112 -2.1222126 2.0832434 0.10227274 -2.1212955 2.0819159 0.10230134 -2.1221383 2.0832984 0.10280947 -2.1215465 2.0832465 0.10406871 -2.1221063 2.0837526 0.10376417 -2.122112 2.0836661 0.10358112 -2.1215465 2.0832465 0.10406871 -2.121614 2.0848055 0.10526653 -2.1221063 2.0837526 0.10376417 -2.1210375 2.0843897 0.10593852 -2.121614 2.0848055 0.10526653 -2.1215465 2.0832465 0.10406871 -2.1222401 2.0890241 0.1056845 -2.1233501 2.0890355 0.10521732 -2.1228163 2.0870016 0.10498926 -2.1210747 2.0866458 0.10656271 -2.121614 2.0848055 0.10526653 -2.1210375 2.0843897 0.10593852 -2.1210747 2.0866458 0.10656271 -2.1218524 2.0868433 0.1057432 -2.121614 2.0848055 0.10526653 -2.1212678 2.0890374 0.10652577 -2.1218524 2.0868433 0.1057432 -2.1210747 2.0866458 0.10656271 -2.1218367 2.0890207 0.10585248 -2.1218524 2.0868433 0.1057432 -2.1212678 2.0890374 0.10652577 -2.1207535 2.0812042 0.10523922 -2.1212955 2.0819159 0.10230134 -2.1209962 2.0803297 0.10241611 -2.1207535 2.0812042 0.10523922 -2.1211114 2.0826373 0.10446615 -2.1212955 2.0819159 0.10230134 -2.1207392 2.081332 0.10537711 -2.1211114 2.0826373 0.10446615 -2.1207535 2.0812042 0.10523922 -2.1207392 2.081332 0.10537711 -2.1206589 2.0839221 0.10673885 -2.1211114 2.0826373 0.10446615 -2.120506 2.0834682 0.10755289 -2.1206589 2.0839221 0.10673885 -2.1207392 2.081332 0.10537711 -2.1218367 2.0890207 0.10585248 -2.1222401 2.0890241 0.1056845 -2.1218524 2.0868433 0.1057432 -2.121614 2.0848055 0.10526653 -2.1223249 2.0851333 0.10477894 -2.1221063 2.0837526 0.10376417 -2.1409671 2.1033146 0.1005135 -2.1223249 2.0851333 0.10477894 -2.1228163 2.0870016 0.10498926 -2.1221063 2.0837526 0.10376417 -2.1223249 2.0851333 0.10477894 -2.1409671 2.1033146 0.1005135 -2.1221063 2.0837526 0.10376417 -2.1414092 2.1026382 0.099352568 -2.122112 2.0836661 0.10358112 -2.1221383 2.0832984 0.10280947 -2.1408296 2.1014912 0.098223098 -2.1222126 2.0832434 0.10227274 -2.122112 2.0836661 0.10358112 -2.1414092 2.1026382 0.099352568 -2.1221383 2.0832984 0.10280947 -2.1228163 2.0870016 0.10498926 -2.1233501 2.0890355 0.10521732 -2.1393919 2.1051035 0.10158299 -2.1222343 2.0822399 0.097161874 -2.1222126 2.0832434 0.10227274 -2.1226671 2.0827975 0.096524008 -2.1222343 2.0822399 0.097161874 -2.1212955 2.0819159 0.10230134 -2.1222126 2.0832434 0.10227274 -2.1216984 2.0815494 0.097952649 -2.1212955 2.0819159 0.10230134 -2.1222343 2.0822399 0.097161874 -2.121506 2.0813024 0.098235413 -2.1212955 2.0819159 0.10230134 -2.1216984 2.0815494 0.097952649 -2.1214905 2.0812347 0.098317318 -2.1212955 2.0819159 0.10230134 -2.121506 2.0813024 0.098235413 -2.1214905 2.0812347 0.098317318 -2.1209962 2.0803297 0.10241611 -2.1212955 2.0819159 0.10230134 -2.1212132 2.0801187 0.099674925 -2.1209962 2.0803297 0.10241611 -2.1214905 2.0812347 0.098317318 -2.1242299 2.0841367 0.095744148 -2.1248345 2.0506444 0.097066216 -2.1231403 2.0831947 0.096235849 -2.1242299 2.0841367 0.095744148 -2.1222126 2.0832434 0.10227274 -2.1292009 2.0887599 0.094704755 -2.1231403 2.0831947 0.096235849 -2.1222126 2.0832434 0.10227274 -2.1242299 2.0841367 0.095744148 -2.1231403 2.0831947 0.096235849 -2.1226671 2.0827975 0.096524008 -2.1222126 2.0832434 0.10227274 -2.1228857 2.0829742 0.09635058 -2.1226671 2.0827975 0.096524008 -2.1231403 2.0831947 0.096235849 -2.122725 2.1451278 0.10051899 -2.1212153 2.1227462 0.10292277 -2.1193941 2.1353443 0.1019148 -2.122725 2.1451278 0.10051899 -2.1226807 2.1011531 0.10441015 -2.1212153 2.1227462 0.10292277 -2.1405249 2.10624 0.10132618 -2.1226807 2.1011531 0.10441015 -2.122725 2.1451278 0.10051899 -2.1393919 2.1051035 0.10158299 -2.1232352 2.0929713 0.1049729 -2.1226807 2.1011531 0.10441015 -2.1232934 2.0910034 0.10509717 -2.1232352 2.0929713 0.1049729 -2.1393919 2.1051035 0.10158299 -2.1393919 2.1051035 0.10158299 -2.1233501 2.0890355 0.10521732 -2.1232934 2.0910034 0.10509717 -2.1201041 2.093066 0.10867286 -2.1191299 2.1113513 0.10744089 -2.1204689 2.0930104 0.1074013 -2.1204689 2.0930104 0.1074013 -2.1207194 2.0890532 0.10717457 -2.1205835 2.0890734 0.10764711 -2.1206045 2.092989 0.10693004 -2.1207194 2.0890532 0.10717457 -2.1204689 2.0930104 0.1074013 -2.1206045 2.092989 0.10693004 -2.1212678 2.0890374 0.10652577 -2.1207194 2.0890532 0.10717457 -2.120162 2.0910969 0.10879708 -2.1205835 2.0890734 0.10764711 -2.120219 2.0891263 0.10891868 -2.120162 2.0910969 0.10879708 -2.1204689 2.0930104 0.1074013 -2.1205835 2.0890734 0.10764711 -2.1201041 2.093066 0.10867286 -2.1204689 2.0930104 0.1074013 -2.120162 2.0910969 0.10879708 -2.1210747 2.0866458 0.10656271 -2.1206589 2.0839221 0.10673885 -2.1205835 2.0890734 0.10764711 -2.1205835 2.0890734 0.10764711 -2.1207194 2.0890532 0.10717457 -2.1210747 2.0866458 0.10656271 -2.1207392 2.081332 0.10537711 -2.1205249 2.0832112 0.10740128 -2.120506 2.0834682 0.10755289 -2.1204469 2.0842383 0.10800907 -2.1206589 2.0839221 0.10673885 -2.120506 2.0834682 0.10755289 -2.1202235 2.0889671 0.10892684 -2.1206589 2.0839221 0.10673885 -2.1204469 2.0842383 0.10800907 -2.1202235 2.0889671 0.10892684 -2.1205835 2.0890734 0.10764711 -2.1206589 2.0839221 0.10673885 -2.120219 2.0891263 0.10891868 -2.1205835 2.0890734 0.10764711 -2.1202235 2.0889671 0.10892684 -2.1632016 2.1703033 0.089017518 -2.1252646 2.1702611 0.09502577 -2.1631248 2.170434 0.088517658 -2.1633089 2.1697025 0.089714117 -2.1253221 2.1701334 0.095520146 -2.1632016 2.1703033 0.089017518 -2.1440439 2.1706877 0.090646982 -2.1631248 2.170434 0.088517658 -2.125109 2.1706102 0.093679078 -2.1440439 2.1706877 0.090646982 -2.1630218 2.1706109 0.087837525 -2.1631248 2.170434 0.088517658 -2.1629236 2.1707802 0.087187424 -2.1630218 2.1706109 0.087837525 -2.1440439 2.1706877 0.090646982 -2.1673265 2.1641736 0.090323262 -2.1677449 2.1660707 0.08962395 -2.1678352 2.1639962 0.089711398 -2.1673265 2.1641736 0.090323262 -2.1668081 2.1679142 0.089576155 -2.1677449 2.1660707 0.08962395 -2.1669486 2.1642692 0.090489902 -2.1668081 2.1679142 0.089576155 -2.1673265 2.1641736 0.090323262 -2.1669486 2.1642692 0.090489902 -2.1661341 2.1672728 0.090381972 -2.1668081 2.1679142 0.089576155 -2.1669486 2.1642692 0.090489902 -2.1659007 2.1655095 0.090828612 -2.1661341 2.1672728 0.090381972 -2.1659191 2.1645262 0.090944678 -2.1659007 2.1655095 0.090828612 -2.1669486 2.1642692 0.090489902 -2.1652443 2.1692138 0.089641772 -2.1634164 2.1691003 0.090410709 -2.1633089 2.1697025 0.089714117 -2.1649313 2.1682534 0.090478987 -2.1634164 2.1691003 0.090410709 -2.1652443 2.1692138 0.089641772 -2.1649313 2.1682534 0.090478987 -2.1634448 2.1686463 0.090588212 -2.1634164 2.1691003 0.090410709 -2.168386 2.166188 0.088546395 -2.1675024 2.1685708 0.0872816 -2.1686993 2.1662052 0.08735542 -2.168386 2.166188 0.088546395 -2.1672719 2.1683764 0.08848355 -2.1675024 2.1685708 0.0872816 -2.1668081 2.1679142 0.089576155 -2.1672719 2.1683764 0.08848355 -2.168386 2.166188 0.088546395 -2.1668081 2.1679142 0.089576155 -2.1654072 2.1698985 0.088486262 -2.1672719 2.1683764 0.08848355 -2.1652443 2.1692138 0.089641772 -2.1654072 2.1698985 0.088486262 -2.1668081 2.1679142 0.089576155 -2.1654072 2.1698985 0.088486262 -2.1675024 2.1685708 0.0872816 -2.1672719 2.1683764 0.08848355 -2.1654072 2.1698985 0.088486262 -2.1654265 2.1701055 0.087853871 -2.1675024 2.1685708 0.0872816 -2.1631248 2.170434 0.088517658 -2.1654265 2.1701055 0.087853871 -2.1654072 2.1698985 0.088486262 -2.1653295 2.1702285 0.087220117 -2.1630218 2.1706109 0.087837525 -2.1629236 2.1707802 0.087187424 -2.1653295 2.1702285 0.087220117 -2.1654265 2.1701055 0.087853871 -2.1630218 2.1706109 0.087837525 -2.1661341 2.1672728 0.090381972 -2.1652443 2.1692138 0.089641772 -2.1668081 2.1679142 0.089576155 -2.1661341 2.1672728 0.090381972 -2.1649313 2.1682534 0.090478987 -2.1652443 2.1692138 0.089641772 -2.1653833 2.1665735 0.090801291 -2.1649313 2.1682534 0.090478987 -2.1661341 2.1672728 0.090381972 -2.1654072 2.1698985 0.088486262 -2.1632016 2.1703033 0.089017518 -2.1631248 2.170434 0.088517658 -2.1654072 2.1698985 0.088486262 -2.1633089 2.1697025 0.089714117 -2.1632016 2.1703033 0.089017518 -2.1652443 2.1692138 0.089641772 -2.1633089 2.1697025 0.089714117 -2.1654072 2.1698985 0.088486262 -2.1654265 2.1701055 0.087853871 -2.1654458 2.170202 0.087221533 -2.1675024 2.1685708 0.0872816 -2.1653295 2.1702285 0.087220117 -2.1654458 2.170202 0.087221533 -2.1654265 2.1701055 0.087853871 -2.1687112 2.1660647 0.087359495 -2.168386 2.166188 0.088546395 -2.1686993 2.1662052 0.08735542 -2.1687112 2.1660647 0.087359495 -2.168489 2.1637297 0.088632427 -2.168386 2.166188 0.088546395 -2.1688333 2.163506 0.087430485 -2.168489 2.1637297 0.088632427 -2.1687112 2.1660647 0.087359495 -2.1683619 2.1638112 0.089074932 -2.168386 2.166188 0.088546395 -2.168489 2.1637297 0.088632427 -2.1683619 2.1638112 0.089074932 -2.1677449 2.1660707 0.08962395 -2.168386 2.166188 0.088546395 -2.1678352 2.1639962 0.089711398 -2.1677449 2.1660707 0.08962395 -2.1683619 2.1638112 0.089074932 -2.1634448 2.1686463 0.090588212 -2.1645823 2.1671977 0.090880536 -2.1635215 2.1674359 0.091058031 -2.1634448 2.1686463 0.090588212 -2.1653833 2.1665735 0.090801291 -2.1645823 2.1671977 0.090880536 -2.1649313 2.1682534 0.090478987 -2.1653833 2.1665735 0.090801291 -2.1634448 2.1686463 0.090588212 -2.1659007 2.1655095 0.090828612 -2.1653833 2.1665735 0.090801291 -2.1661341 2.1672728 0.090381972 -2.168386 2.166188 0.088546395 -2.1677449 2.1660707 0.08962395 -2.1668081 2.1679142 0.089576155 -2.1631248 2.170434 0.088517658 -2.1630218 2.1706109 0.087837525 -2.1654265 2.1701055 0.087853871 -2.1638086 2.1354213 0.093098603 -2.1683619 2.1638112 0.089074932 -2.168489 2.1637297 0.088632427 -2.1638086 2.1354213 0.093098603 -2.1678352 2.1639962 0.089711398 -2.1683619 2.1638112 0.089074932 -2.1627622 2.1357222 0.094349645 -2.1673265 2.1641736 0.090323262 -2.1678352 2.1639962 0.089711398 -2.168489 2.1637297 0.088632427 -2.1639392 2.1353536 0.092656039 -2.1638086 2.1354213 0.093098603 -2.168489 2.1637297 0.088632427 -2.1664581 2.1493671 0.089536555 -2.1639392 2.1353536 0.092656039 -2.1688333 2.163506 0.087430485 -2.1664581 2.1493671 0.089536555 -2.168489 2.1637297 0.088632427 -2.1664581 2.1493671 0.089536555 -2.1642919 2.1351688 0.091451444 -2.1639392 2.1353536 0.092656039 -2.1659191 2.1645262 0.090944678 -2.1653833 2.1665735 0.090801291 -2.1659007 2.1655095 0.090828612 -2.1645823 2.1671977 0.090880536 -2.1653833 2.1665735 0.090801291 -2.1635215 2.1674359 0.091058031 -2.1631248 2.170434 0.088517658 -2.1252646 2.1702611 0.09502577 -2.125109 2.1706102 0.093679078 -2.1632016 2.1703033 0.089017518 -2.1253221 2.1701334 0.095520146 -2.1252646 2.1702611 0.09502577 -2.1633089 2.1697025 0.089714117 -2.1254044 2.1695325 0.096220814 -2.1253221 2.1701334 0.095520146 -2.1633089 2.1697025 0.089714117 -2.1254866 2.1689303 0.096921481 -2.1254044 2.1695325 0.096220814 -2.1634164 2.1691003 0.090410709 -2.1254866 2.1689303 0.096921481 -2.1633089 2.1697025 0.089714117 -2.1634164 2.1691003 0.090410709 -2.1255088 2.1684763 0.097100332 -2.1254866 2.1689303 0.096921481 -2.1634448 2.1686463 0.090588212 -2.1255088 2.1684763 0.097100332 -2.1634164 2.1691003 0.090410709 -2.1634448 2.1686463 0.090588212 -2.1445723 2.1673446 0.094529927 -2.1255088 2.1684763 0.097100332 -2.1635215 2.1674359 0.091058031 -2.1445723 2.1673446 0.094529927 -2.1634448 2.1686463 0.090588212 -2.1632853 2.1355724 0.093724094 -2.1678352 2.1639962 0.089711398 -2.1638086 2.1354213 0.093098603 -2.1627622 2.1357222 0.094349645 -2.1678352 2.1639962 0.089711398 -2.1632853 2.1355724 0.093724094 -2.1623819 2.1358004 0.094519004 -2.1673265 2.1641736 0.090323262 -2.1627622 2.1357222 0.094349645 -2.1623819 2.1358004 0.094519004 -2.1669486 2.1642692 0.090489902 -2.1673265 2.1641736 0.090323262 -2.1624627 2.1433318 0.09399318 -2.1669486 2.1642692 0.090489902 -2.1623819 2.1358004 0.094519004 -2.1624627 2.1433318 0.09399318 -2.1659191 2.1645262 0.090944678 -2.1669486 2.1642692 0.090489902 -2.163527 2.1502993 0.093056239 -2.1659191 2.1645262 0.090944678 -2.1624627 2.1433318 0.09399318 -2.1623819 2.1358004 0.094519004 -2.161345 2.1360133 0.094976552 -2.1624627 2.1433318 0.09399318 -2.1659191 2.1645262 0.090944678 -2.1445723 2.1673446 0.094529927 -2.1653833 2.1665735 0.090801291 -2.163527 2.1502993 0.093056239 -2.1445723 2.1673446 0.094529927 -2.1659191 2.1645262 0.090944678 -2.163527 2.1502993 0.093056239 -2.1255665 2.1672659 0.097574294 -2.1445723 2.1673446 0.094529927 -2.1635215 2.1674359 0.091058031 -2.1653833 2.1665735 0.090801291 -2.1445723 2.1673446 0.094529927 -2.1156356 2.2159789 0.088532709 -2.115521 2.1806524 0.093696781 -2.1152029 2.1808069 0.095062591 -2.1214104 2.171083 0.095643058 -2.1184063 2.1736507 0.09447664 -2.1207736 2.1716681 0.094376974 -2.1214104 2.171083 0.095643058 -2.1181374 2.1733525 0.095854782 -2.1184063 2.1736507 0.09447664 -2.1218235 2.1714113 0.094207615 -2.1252646 2.1702611 0.09502577 -2.1214104 2.171083 0.095643058 -2.1181374 2.1733525 0.095854782 -2.1176784 2.1742611 0.094506733 -2.1184063 2.1736507 0.09447664 -2.1181374 2.1733525 0.095854782 -2.1164606 2.1769137 0.094236299 -2.1176784 2.1742611 0.094506733 -2.1159813 2.1767852 0.095655397 -2.1164606 2.1769137 0.094236299 -2.1181374 2.1733525 0.095854782 -2.1159813 2.1767852 0.095655397 -2.1163013 2.1772625 0.094200775 -2.1164606 2.1769137 0.094236299 -2.1157348 2.1784973 0.094075084 -2.1163013 2.1772625 0.094200775 -2.1159813 2.1767852 0.095655397 -2.1152029 2.1808069 0.095062591 -2.1159813 2.1767852 0.095655397 -2.1150866 2.1808636 0.09556523 -2.1152029 2.1808069 0.095062591 -2.1157348 2.1784973 0.094075084 -2.1159813 2.1767852 0.095655397 -2.115521 2.1806524 0.093696781 -2.1157348 2.1784973 0.094075084 -2.1152029 2.1808069 0.095062591 -2.1218235 2.1714113 0.094207615 -2.125109 2.1706102 0.093679078 -2.1252646 2.1702611 0.09502577 -2.1214104 2.171083 0.095643058 -2.1214552 2.1715019 0.094267689 -2.1218235 2.1714113 0.094207615 -2.1207736 2.1716681 0.094376974 -2.1214552 2.1715019 0.094267689 -2.1214104 2.171083 0.095643058 -2.1039128 2.2027586 0.095636278 -2.1124041 2.2024114 0.094484843 -2.1123705 2.1927626 0.096066445 -2.0803049 2.2592831 0.088676162 -2.1107748 2.2553518 0.085708261 -2.1106296 2.2543221 0.086182162 -2.0786774 2.2605038 0.088366069 -2.1107748 2.2553518 0.085708261 -2.0803049 2.2592831 0.088676162 -2.078536 2.2606106 0.088338748 -2.1107748 2.2553518 0.085708261 -2.0786774 2.2605038 0.088366069 -2.078536 2.2606106 0.088338748 -2.1108315 2.2557554 0.085523807 -2.1107748 2.2553518 0.085708261 -2.1108778 2.2562821 0.084913298 -2.1108315 2.2557554 0.085523807 -2.078536 2.2606106 0.088338748 -2.1109192 2.2569695 0.083849378 -2.0757174 2.2626364 0.086673819 -2.0754092 2.2628825 0.086156256 -2.1109192 2.2569695 0.083849378 -2.0758624 2.2625196 0.08691971 -2.0757174 2.2626364 0.086673819 -2.1109273 2.256829 0.084279604 -2.0758624 2.2625196 0.08691971 -2.1109192 2.2569695 0.083849378 -2.1109273 2.256829 0.084279604 -2.0770032 2.2617133 0.087603971 -2.0758624 2.2625196 0.08691971 -2.1108778 2.2562821 0.084913298 -2.0770032 2.2617133 0.087603971 -2.1109273 2.256829 0.084279604 -2.1108778 2.2562821 0.084913298 -2.0771616 2.2616003 0.08769957 -2.0770032 2.2617133 0.087603971 -2.1108778 2.2562821 0.084913298 -2.0780861 2.260947 0.088254131 -2.0771616 2.2616003 0.08769957 -2.078536 2.2606106 0.088338748 -2.0780861 2.260947 0.088254131 -2.1108778 2.2562821 0.084913298 -2.0754092 2.2628825 0.086156256 -2.1109004 2.2573545 0.082669266 -2.1109192 2.2569695 0.083849378 -2.0754092 2.2628825 0.086156256 -2.0754213 2.2630105 0.085488334 -2.1109004 2.2573545 0.082669266 -2.1128666 2.2540915 0.085734107 -2.1137214 2.251734 0.085918508 -2.1125786 2.2518129 0.086392529 -2.1136246 2.2546628 0.084896952 -2.1137214 2.251734 0.085918508 -2.1128666 2.2540915 0.085734107 -2.1136246 2.2546628 0.084896952 -2.114182 2.2517021 0.085727327 -2.1137214 2.251734 0.085918508 -2.1144598 2.2532358 0.084969357 -2.114182 2.2517021 0.085727327 -2.1136246 2.2546628 0.084896952 -2.1144598 2.2532358 0.084969357 -2.1147449 2.25159 0.085030787 -2.114182 2.2517021 0.085727327 -2.1123919 2.2557402 0.084898315 -2.1108315 2.2557554 0.085523807 -2.1108778 2.2562821 0.084913298 -2.1123919 2.2557402 0.084898315 -2.1136246 2.2546628 0.084896952 -2.1108315 2.2557554 0.085523807 -2.1127105 2.2563155 0.083797447 -2.1136246 2.2546628 0.084896952 -2.1123919 2.2557402 0.084898315 -2.1127105 2.2563155 0.083797447 -2.1141663 2.2550309 0.083760567 -2.1136246 2.2546628 0.084896952 -2.1142695 2.2550874 0.082523219 -2.1141663 2.2550309 0.083760567 -2.1127105 2.2563155 0.083797447 -2.1136246 2.2546628 0.084896952 -2.1107748 2.2553518 0.085708261 -2.1108315 2.2557554 0.085523807 -2.1128666 2.2540915 0.085734107 -2.1107748 2.2553518 0.085708261 -2.1136246 2.2546628 0.084896952 -2.1128666 2.2540915 0.085734107 -2.1115799 2.2538998 0.086137138 -2.1107748 2.2553518 0.085708261 -2.1119969 2.2533939 0.086175315 -2.1115799 2.2538998 0.086137138 -2.1128666 2.2540915 0.085734107 -2.115133 2.2533305 0.083772838 -2.1151397 2.253989 0.082484916 -2.1153047 2.2532463 0.082475297 -2.1141663 2.2550309 0.083760567 -2.1151397 2.253989 0.082484916 -2.115133 2.2533305 0.083772838 -2.1141663 2.2550309 0.083760567 -2.1142695 2.2550874 0.082523219 -2.1151397 2.253989 0.082484916 -2.1127226 2.2565124 0.082591429 -2.1109192 2.2569695 0.083849378 -2.1109004 2.2573545 0.082669266 -2.1127105 2.2563155 0.083797447 -2.1109192 2.2569695 0.083849378 -2.1127226 2.2565124 0.082591429 -2.1127105 2.2563155 0.083797447 -2.1109273 2.256829 0.084279604 -2.1109192 2.2569695 0.083849378 -2.1123919 2.2557402 0.084898315 -2.1109273 2.256829 0.084279604 -2.1127105 2.2563155 0.083797447 -2.1123919 2.2557402 0.084898315 -2.1108778 2.2562821 0.084913298 -2.1109273 2.256829 0.084279604 -2.1127105 2.2563155 0.083797447 -2.1133814 2.2562094 0.082564108 -2.1142695 2.2550874 0.082523219 -2.1127105 2.2563155 0.083797447 -2.1127226 2.2565124 0.082591429 -2.1133814 2.2562094 0.082564108 -2.1154492 2.2513947 0.083800159 -2.1153047 2.2532463 0.082475297 -2.1157646 2.2511814 0.082452171 -2.1154492 2.2513947 0.083800159 -2.115133 2.2533305 0.083772838 -2.1153047 2.2532463 0.082475297 -2.115133 2.2533305 0.083772838 -2.1136246 2.2546628 0.084896952 -2.1141663 2.2550309 0.083760567 -2.115133 2.2533305 0.083772838 -2.1144598 2.2532358 0.084969357 -2.1136246 2.2546628 0.084896952 -2.1153305 2.2514739 0.084306866 -2.1144598 2.2532358 0.084969357 -2.115133 2.2533305 0.083772838 -2.115133 2.2533305 0.083772838 -2.1154492 2.2513947 0.083800159 -2.1153305 2.2514739 0.084306866 -2.1153305 2.2514739 0.084306866 -2.1147449 2.25159 0.085030787 -2.1144598 2.2532358 0.084969357 -2.1123002 2.2530248 0.086203992 -2.1128666 2.2540915 0.085734107 -2.1125786 2.2518129 0.086392529 -2.1115799 2.2538998 0.086137138 -2.1106296 2.2543221 0.086182162 -2.1107748 2.2553518 0.085708261 -2.1123002 2.2530248 0.086203992 -2.1119969 2.2533939 0.086175315 -2.1128666 2.2540915 0.085734107 -2.0982196 2.2163539 0.094505377 -2.081331 2.2545035 0.089884892 -2.0816913 2.2546785 0.089708693 -2.0982196 2.2163539 0.094505377 -2.0808208 2.2543018 0.090539061 -2.081331 2.2545035 0.089884892 -2.1150866 2.1808636 0.09556523 -2.1154492 2.2513947 0.083800159 -2.1152029 2.1808069 0.095062591 -2.1145117 2.1809456 0.096280947 -2.1153305 2.2514739 0.084306866 -2.1154492 2.2513947 0.083800159 -2.1147449 2.25159 0.085030787 -2.1153305 2.2514739 0.084306866 -2.1145117 2.1809456 0.096280947 -2.1152029 2.1808069 0.095062591 -2.1154492 2.2513947 0.083800159 -2.1157646 2.2511814 0.082452171 -2.1135001 2.1810493 0.097179584 -2.114182 2.2517021 0.085727327 -2.1147449 2.25159 0.085030787 -2.1135001 2.1810493 0.097179584 -2.1137214 2.251734 0.085918508 -2.114182 2.2517021 0.085727327 -2.1124041 2.2024114 0.094484843 -2.1125786 2.2518129 0.086392529 -2.1137214 2.251734 0.085918508 -2.1156356 2.2159789 0.088532709 -2.1152029 2.1808069 0.095062591 -2.1157646 2.2511814 0.082452171 -2.1119969 2.2533939 0.086175315 -2.1106296 2.2543221 0.086182162 -2.1115799 2.2538998 0.086137138 -2.1119969 2.2533939 0.086175315 -2.0910475 2.2371864 0.091620803 -2.1106296 2.2543221 0.086182162 -2.1125786 2.2518129 0.086392529 -2.0910475 2.2371864 0.091620803 -2.1119969 2.2533939 0.086175315 -2.1125786 2.2518129 0.086392529 -2.0990648 2.216644 0.094073787 -2.0910475 2.2371864 0.091620803 -2.1124041 2.2024114 0.094484843 -2.0990648 2.216644 0.094073787 -2.1125786 2.2518129 0.086392529 -2.1106296 2.2543221 0.086182162 -2.0815439 2.2572536 0.088942409 -2.0803049 2.2592831 0.088676162 -2.1106296 2.2543221 0.086182162 -2.0826664 2.2551541 0.089229248 -2.0815439 2.2572536 0.088942409 -2.0910475 2.2371864 0.091620803 -2.0826664 2.2551541 0.089229248 -2.1106296 2.2543221 0.086182162 -2.1119969 2.2533939 0.086175315 -2.1123002 2.2530248 0.086203992 -2.1125786 2.2518129 0.086392529 -2.0801749 2.2540805 0.091650844 -2.0966048 2.2158964 0.096504882 -2.0919759 2.2270501 0.0964434 -2.0972733 2.2160552 0.095341235 -2.0966048 2.2158964 0.096504882 -2.0801749 2.2540805 0.091650844 -2.1018877 2.2094104 0.094938323 -2.1039128 2.2027586 0.095636278 -2.0982196 2.2163539 0.094505377 -2.0982196 2.2163539 0.094505377 -2.0990648 2.216644 0.094073787 -2.1018877 2.2094104 0.094938323 -2.0982196 2.2163539 0.094505377 -2.0910475 2.2371864 0.091620803 -2.0990648 2.216644 0.094073787 -2.0816913 2.2546785 0.089708693 -2.0910475 2.2371864 0.091620803 -2.0982196 2.2163539 0.094505377 -2.0972733 2.2160552 0.095341235 -2.0808208 2.2543018 0.090539061 -2.0982196 2.2163539 0.094505377 -2.0972733 2.2160552 0.095341235 -2.0803118 2.2541006 0.091191933 -2.0808208 2.2543018 0.090539061 -2.0801749 2.2540805 0.091650844 -2.0803118 2.2541006 0.091191933 -2.0972733 2.2160552 0.095341235 -2.1145117 2.1809456 0.096280947 -2.1154492 2.2513947 0.083800159 -2.1150866 2.1808636 0.09556523 -2.1123347 2.1811082 0.097665817 -2.1137214 2.251734 0.085918508 -2.1135001 2.1810493 0.097179584 -2.1123347 2.1811082 0.097665817 -2.1124041 2.2024114 0.094484843 -2.1137214 2.251734 0.085918508 -2.1147449 2.25159 0.085030787 -2.1139381 2.1810279 0.096995242 -2.1135001 2.1810493 0.097179584 -2.1147449 2.25159 0.085030787 -2.1145117 2.1809456 0.096280947 -2.1139381 2.1810279 0.096995242 -2.1124041 2.2024114 0.094484843 -2.1018877 2.2094104 0.094938323 -2.0990648 2.216644 0.094073787 -2.1039128 2.2027586 0.095636278 -2.1018877 2.2094104 0.094938323 -2.1124041 2.2024114 0.094484843 -2.1445723 2.1673446 0.094529927 -2.1255665 2.1672659 0.097574294 -2.1255088 2.1684763 0.097100332 -2.122725 2.1451278 0.10051899 -2.1255665 2.1672659 0.097574294 -2.163527 2.1502993 0.093056239 -2.161345 2.1360133 0.094976552 -2.122725 2.1451278 0.10051899 -2.1624627 2.1433318 0.09399318 -2.163527 2.1502993 0.093056239 -2.1624627 2.1433318 0.09399318 -2.122725 2.1451278 0.10051899 -2.1095443 2.1763513 0.099557452 -2.10886 2.1762567 0.10072523 -2.0972733 2.2160552 0.095341235 -2.1095443 2.1763513 0.099557452 -2.1175528 2.1351554 0.10318093 -2.10886 2.1762567 0.10072523 -2.1105213 2.1765499 0.098720238 -2.1175528 2.1351554 0.10318093 -2.1095443 2.1763513 0.099557452 -2.1105213 2.1765499 0.098720238 -2.1185515 2.1352499 0.10234236 -2.1175528 2.1351554 0.10318093 -2.1179531 2.1453056 0.10111724 -2.1185515 2.1352499 0.10234236 -2.1105213 2.1765499 0.098720238 -2.1105213 2.1765499 0.098720238 -2.1114686 2.1767771 0.098304994 -2.1169624 2.1521573 0.10056821 -2.1105213 2.1765499 0.098720238 -2.1105008 2.1811166 0.097906217 -2.1114686 2.1767771 0.098304994 -2.0982196 2.2163539 0.094505377 -2.1105008 2.1811166 0.097906217 -2.1105213 2.1765499 0.098720238 -2.0966048 2.2158964 0.096504882 -2.1083739 2.1762159 0.10198312 -2.1021028 2.1989827 0.099681787 -2.10886 2.1762567 0.10072523 -2.1083739 2.1762159 0.10198312 -2.0966048 2.2158964 0.096504882 -2.10886 2.1762567 0.10072523 -2.1100302 2.1702051 0.10259091 -2.1083739 2.1762159 0.10198312 -2.1147156 2.1460965 0.10472155 -2.1100302 2.1702051 0.10259091 -2.10886 2.1762567 0.10072523 -2.1168602 2.1351275 0.10435416 -2.10886 2.1762567 0.10072523 -2.1175528 2.1351554 0.10318093 -2.1168602 2.1351275 0.10435416 -2.1147156 2.1460965 0.10472155 -2.10886 2.1762567 0.10072523 -2.1156864 2.1410987 0.1051627 -2.1147156 2.1460965 0.10472155 -2.1168602 2.1351275 0.10435416 -2.1169624 2.1521573 0.10056821 -2.1179531 2.1453056 0.10111724 -2.1105213 2.1765499 0.098720238 -2.1095443 2.1763513 0.099557452 -2.0972733 2.2160552 0.095341235 -2.1105213 2.1765499 0.098720238 -2.1179531 2.1453056 0.10111724 -2.1193941 2.1353443 0.1019148 -2.1185515 2.1352499 0.10234236 -2.1123705 2.1927626 0.096066445 -2.1124041 2.2024114 0.094484843 -2.1123347 2.1811082 0.097665817 -2.117671 2.1728613 0.097088061 -2.1181374 2.1733525 0.095854782 -2.1214104 2.171083 0.095643058 -2.117671 2.1728613 0.097088061 -2.1159813 2.1767852 0.095655397 -2.1181374 2.1733525 0.095854782 -2.1153319 2.1765876 0.096906431 -2.1159813 2.1767852 0.095655397 -2.117671 2.1728613 0.097088061 -2.1153319 2.1765876 0.096906431 -2.1150866 2.1808636 0.09556523 -2.1159813 2.1767852 0.095655397 -2.1145117 2.1809456 0.096280947 -2.1150866 2.1808636 0.09556523 -2.1153319 2.1765876 0.096906431 -2.1212261 2.1703982 0.096880473 -2.1253221 2.1701334 0.095520146 -2.1254044 2.1695325 0.096220814 -2.1212261 2.1703982 0.096880473 -2.1252646 2.1702611 0.09502577 -2.1253221 2.1701334 0.095520146 -2.1214104 2.171083 0.095643058 -2.1252646 2.1702611 0.09502577 -2.1212261 2.1703982 0.096880473 -2.1143715 2.1762362 0.097806491 -2.113498 2.1753829 0.098257199 -2.1134071 2.175832 0.098210759 -2.1143715 2.1762362 0.097806491 -2.116967 2.1721234 0.09798269 -2.113498 2.1753829 0.098257199 -2.117671 2.1728613 0.097088061 -2.116967 2.1721234 0.09798269 -2.1143715 2.1762362 0.097806491 -2.117671 2.1728613 0.097088061 -2.1208913 2.1693966 0.09776967 -2.116967 2.1721234 0.09798269 -2.1212261 2.1703982 0.096880473 -2.1208913 2.1693966 0.09776967 -2.117671 2.1728613 0.097088061 -2.1212261 2.1703982 0.096880473 -2.1254044 2.1695325 0.096220814 -2.1208913 2.1693966 0.09776967 -2.1153319 2.1765876 0.096906431 -2.1139381 2.1810279 0.096995242 -2.1145117 2.1809456 0.096280947 -2.1143715 2.1762362 0.097806491 -2.1139381 2.1810279 0.096995242 -2.1153319 2.1765876 0.096906431 -2.1143715 2.1762362 0.097806491 -2.1135001 2.1810493 0.097179584 -2.1139381 2.1810279 0.096995242 -2.1255088 2.1684763 0.097100332 -2.1208913 2.1693966 0.09776967 -2.1254866 2.1689303 0.096921481 -2.1255088 2.1684763 0.097100332 -2.1227477 2.16767 0.09793625 -2.1208913 2.1693966 0.09776967 -2.1231134 2.1674967 0.097906217 -2.1227477 2.16767 0.09793625 -2.1255088 2.1684763 0.097100332 -2.1254044 2.1695325 0.096220814 -2.1254866 2.1689303 0.096921481 -2.1208913 2.1693966 0.09776967 -2.1255088 2.1684763 0.097100332 -2.1255665 2.1672659 0.097574294 -2.1231134 2.1674967 0.097906217 -2.116967 2.1721234 0.09798269 -2.1164033 2.1714842 0.098355569 -2.113498 2.1753829 0.098257199 -2.116967 2.1721234 0.09798269 -2.117331 2.170238 0.098387018 -2.1164033 2.1714842 0.098355569 -2.1208913 2.1693966 0.09776967 -2.117331 2.170238 0.098387018 -2.116967 2.1721234 0.09798269 -2.1208913 2.1693966 0.09776967 -2.1206422 2.168668 0.098111093 -2.117331 2.170238 0.098387018 -2.1227477 2.16767 0.09793625 -2.1206422 2.168668 0.098111093 -2.1208913 2.1693966 0.09776967 -2.1123347 2.1811082 0.097665817 -2.1143715 2.1762362 0.097806491 -2.1134071 2.175832 0.098210759 -2.1135001 2.1810493 0.097179584 -2.1143715 2.1762362 0.097806491 -2.1123347 2.1811082 0.097665817 -2.1143715 2.1762362 0.097806491 -2.1153319 2.1765876 0.096906431 -2.117671 2.1728613 0.097088061 -2.1214104 2.171083 0.095643058 -2.1212261 2.1703982 0.096880473 -2.117671 2.1728613 0.097088061 -2.1083739 2.1762159 0.10198312 -2.1063738 2.1806002 0.11494737 -2.1021028 2.1989827 0.099681787 -2.1100302 2.1702051 0.10259091 -2.107522 2.17539 0.11567666 -2.1083739 2.1762159 0.10198312 -2.122725 2.1451278 0.10051899 -2.1231134 2.1674967 0.097906217 -2.1255665 2.1672659 0.097574294 -2.122725 2.1451278 0.10051899 -2.1227477 2.16767 0.09793625 -2.1231134 2.1674967 0.097906217 -2.1169624 2.1521573 0.10056821 -2.1227477 2.16767 0.09793625 -2.122725 2.1451278 0.10051899 -2.1169624 2.1521573 0.10056821 -2.1206422 2.168668 0.098111093 -2.1227477 2.16767 0.09793625 -2.117331 2.170238 0.098387018 -2.1206422 2.168668 0.098111093 -2.1169624 2.1521573 0.10056821 -2.122725 2.1451278 0.10051899 -2.1179531 2.1453056 0.10111724 -2.1169624 2.1521573 0.10056821 -2.1193941 2.1353443 0.1019148 -2.1179531 2.1453056 0.10111724 -2.122725 2.1451278 0.10051899 -2.113498 2.1753829 0.098257199 -2.1114686 2.1767771 0.098304994 -2.1134071 2.175832 0.098210759 -2.1164033 2.1714842 0.098355569 -2.1114686 2.1767771 0.098304994 -2.113498 2.1753829 0.098257199 -2.1164033 2.1714842 0.098355569 -2.1169624 2.1521573 0.10056821 -2.1114686 2.1767771 0.098304994 -2.117331 2.170238 0.098387018 -2.1169624 2.1521573 0.10056821 -2.1164033 2.1714842 0.098355569 -2.1105008 2.1811166 0.097906217 -2.1134071 2.175832 0.098210759 -2.1114686 2.1767771 0.098304994 -2.1105008 2.1811166 0.097906217 -2.1123347 2.1811082 0.097665817 -2.1134071 2.175832 0.098210759 -2.1123705 2.1927626 0.096066445 -2.1123347 2.1811082 0.097665817 -2.1105008 2.1811166 0.097906217 -2.1039128 2.2027586 0.095636278 -2.1123705 2.1927626 0.096066445 -2.1105008 2.1811166 0.097906217 -2.0882993 2.1944599 0.11328787 -2.0931418 2.1773109 0.098192997 -2.0837383 2.2040305 0.098192997 -2.0931418 2.1773109 0.098192997 -2.0942502 2.1744578 0.1165563 -2.0951948 2.1566832 0.098193012 -2.1021028 2.1989827 0.099681787 -2.1063738 2.1806002 0.11494737 -2.0988376 2.205543 0.11094281 -2.1147156 2.1460965 0.10472155 -2.1127217 2.1517928 0.11898467 -2.1100302 2.1702051 0.10259091 -2.0904546 2.189343 0.11409234 -2.0931418 2.1773109 0.098192997 -2.0882993 2.1944599 0.11328787 -2.0972733 2.2160552 0.095341235 -2.10886 2.1762567 0.10072523 -2.0966048 2.2158964 0.096504882 -2.0982196 2.2163539 0.094505377 -2.1039128 2.2027586 0.095636278 -2.1105008 2.1811166 0.097906217 -2.0966048 2.2158964 0.096504882 -2.1021028 2.1989827 0.099681787 -2.0996299 2.2058346 0.098890953 -2.0966048 2.2158964 0.096504882 -2.0960393 2.2157879 0.097742356 -2.0919759 2.2270501 0.0964434 -2.0996299 2.2058346 0.098890953 -2.0960393 2.2157879 0.097742356 -2.0966048 2.2158964 0.096504882 -2.1105213 2.1765499 0.098720238 -2.0972733 2.2160552 0.095341235 -2.0982196 2.2163539 0.094505377 -2.0790207 2.2533128 0.10308813 -2.0872059 2.2363486 0.10537441 -2.0953233 2.215193 0.11053306 -2.0919759 2.2270501 0.0964434 -2.0872059 2.2363486 0.10537441 -2.0795984 2.2536621 0.097403586 -2.0919759 2.2270501 0.0964434 -2.0954626 2.2150486 0.10928202 -2.0872059 2.2363486 0.10537441 -2.0960393 2.2157879 0.097742356 -2.0954626 2.2150486 0.10928202 -2.0919759 2.2270501 0.0964434 -2.0960393 2.2157879 0.097742356 -2.0977454 2.2091577 0.11036234 -2.0954626 2.2150486 0.10928202 -2.0996299 2.2058346 0.098890953 -2.0977454 2.2091577 0.11036234 -2.0960393 2.2157879 0.097742356 -2.0996299 2.2058346 0.098890953 -2.0988376 2.205543 0.11094281 -2.0977454 2.2091577 0.11036234 -2.1021028 2.1989827 0.099681787 -2.0988376 2.205543 0.11094281 -2.0996299 2.2058346 0.098890953 -2.0788851 2.2533193 0.10351829 -2.0953233 2.215193 0.11053306 -2.0946884 2.215112 0.11164483 -2.0872059 2.2363486 0.10537441 -2.0954626 2.2150486 0.10928202 -2.0953233 2.215193 0.11053306 -2.0882993 2.1944599 0.11328787 -2.0837383 2.2040305 0.098192997 -2.0845227 2.2034316 0.1118784 -2.0770032 2.2617133 0.087603971 -2.075254 2.2625504 0.087194219 -2.0758624 2.2625196 0.08691971 -2.0764556 2.2614341 0.088325121 -2.075254 2.2625504 0.087194219 -2.0770032 2.2617133 0.087603971 -2.0764556 2.2614341 0.088325121 -2.074702 2.2626638 0.087564379 -2.075254 2.2625504 0.087194219 -2.0758362 2.2613707 0.08894518 -2.074702 2.2626638 0.087564379 -2.0764556 2.2614341 0.088325121 -2.0758362 2.2613707 0.08894518 -2.0736094 2.2634249 0.087890811 -2.074702 2.2626638 0.087564379 -2.0753105 2.2614541 0.089664966 -2.0736094 2.2634249 0.087890811 -2.0758362 2.2613707 0.08894518 -2.0753105 2.2614541 0.089664966 -2.0748885 2.2617054 0.090377912 -2.0736094 2.2634249 0.087890811 -2.0742383 2.2633553 0.085522503 -2.0736094 2.2634249 0.087890811 -2.0733063 2.2640197 0.085594848 -2.0742383 2.2633553 0.085522503 -2.074702 2.2626638 0.087564379 -2.0736094 2.2634249 0.087890811 -2.0758362 2.2613707 0.08894518 -2.0780039 2.2579081 0.091089435 -2.0753105 2.2614541 0.089664966 -2.0771873 2.2598205 0.089701846 -2.0780039 2.2579081 0.091089435 -2.0758362 2.2613707 0.08894518 -2.0771873 2.2598205 0.089701846 -2.0781324 2.2579494 0.090636075 -2.0780039 2.2579081 0.091089435 -2.0786042 2.258215 0.089987271 -2.0781324 2.2579494 0.090636075 -2.0771873 2.2598205 0.089701846 -2.075254 2.2625504 0.087194219 -2.0757174 2.2626364 0.086673819 -2.0758624 2.2625196 0.08691971 -2.0754092 2.2628825 0.086156256 -2.0757174 2.2626364 0.086673819 -2.075254 2.2625504 0.087194219 -2.0794065 2.2586956 0.089160971 -2.0786774 2.2605038 0.088366069 -2.0803049 2.2592831 0.088676162 -2.0794065 2.2586956 0.089160971 -2.0779016 2.2600968 0.08893019 -2.0786774 2.2605038 0.088366069 -2.0790751 2.2584803 0.089338534 -2.0779016 2.2600968 0.08893019 -2.0794065 2.2586956 0.089160971 -2.0790751 2.2584803 0.089338534 -2.0771873 2.2598205 0.089701846 -2.0779016 2.2600968 0.08893019 -2.0786042 2.258215 0.089987271 -2.0771873 2.2598205 0.089701846 -2.0790751 2.2584803 0.089338534 -2.0748885 2.2617054 0.090377912 -2.0780039 2.2579081 0.091089435 -2.0776558 2.2577932 0.09232147 -2.0748885 2.2617054 0.090377912 -2.0753105 2.2614541 0.089664966 -2.0780039 2.2579081 0.091089435 -2.0779016 2.2600968 0.08893019 -2.0780861 2.260947 0.088254131 -2.078536 2.2606106 0.088338748 -2.0779016 2.2600968 0.08893019 -2.0771616 2.2616003 0.08769957 -2.0780861 2.260947 0.088254131 -2.0764556 2.2614341 0.088325121 -2.0771616 2.2616003 0.08769957 -2.0779016 2.2600968 0.08893019 -2.0771873 2.2598205 0.089701846 -2.0764556 2.2614341 0.088325121 -2.0779016 2.2600968 0.08893019 -2.0758362 2.2613707 0.08894518 -2.0764556 2.2614341 0.088325121 -2.0771873 2.2598205 0.089701846 -2.074702 2.2626638 0.087564379 -2.0754092 2.2628825 0.086156256 -2.075254 2.2625504 0.087194219 -2.074702 2.2626638 0.087564379 -2.0753229 2.2630231 0.085495122 -2.0754092 2.2628825 0.086156256 -2.0742383 2.2633553 0.085522503 -2.0753229 2.2630231 0.085495122 -2.074702 2.2626638 0.087564379 -2.078536 2.2606106 0.088338748 -2.0786774 2.2605038 0.088366069 -2.0779016 2.2600968 0.08893019 -2.0770032 2.2617133 0.087603971 -2.0771616 2.2616003 0.08769957 -2.0764556 2.2614341 0.088325121 -2.0753229 2.2630231 0.085495122 -2.0754213 2.2630105 0.085488334 -2.0754092 2.2628825 0.086156256 -2.081331 2.2545035 0.089884892 -2.0790751 2.2584803 0.089338534 -2.0794065 2.2586956 0.089160971 -2.081331 2.2545035 0.089884892 -2.0786042 2.258215 0.089987271 -2.0790751 2.2584803 0.089338534 -2.0808208 2.2543018 0.090539061 -2.0786042 2.258215 0.089987271 -2.081331 2.2545035 0.089884892 -2.0808208 2.2543018 0.090539061 -2.0781324 2.2579494 0.090636075 -2.0786042 2.258215 0.089987271 -2.0803118 2.2541006 0.091191933 -2.0781324 2.2579494 0.090636075 -2.0808208 2.2543018 0.090539061 -2.0803118 2.2541006 0.091191933 -2.0780039 2.2579081 0.091089435 -2.0781324 2.2579494 0.090636075 -2.0801749 2.2540805 0.091650844 -2.0780039 2.2579081 0.091089435 -2.0803118 2.2541006 0.091191933 -2.0801749 2.2540805 0.091650844 -2.0776558 2.2577932 0.09232147 -2.0780039 2.2579081 0.091089435 -2.0798063 2.2540245 0.092896454 -2.0776558 2.2577932 0.09232147 -2.0801749 2.2540805 0.091650844 -2.0794065 2.2586956 0.089160971 -2.0816913 2.2546785 0.089708693 -2.081331 2.2545035 0.089884892 -2.0794065 2.2586956 0.089160971 -2.0815439 2.2572536 0.088942409 -2.0816913 2.2546785 0.089708693 -2.0803049 2.2592831 0.088676162 -2.0815439 2.2572536 0.088942409 -2.0794065 2.2586956 0.089160971 -2.0815439 2.2572536 0.088942409 -2.0826664 2.2551541 0.089229248 -2.0816913 2.2546785 0.089708693 -2.0801749 2.2540805 0.091650844 -2.0919759 2.2270501 0.0964434 -2.0798063 2.2540245 0.092896454 -2.0816913 2.2546785 0.089708693 -2.0826664 2.2551541 0.089229248 -2.0910475 2.2371864 0.091620803 -2.0795984 2.2536621 0.097403586 -2.0776558 2.2577932 0.09232147 -2.0798063 2.2540245 0.092896454 -2.0795984 2.2536621 0.097403586 -2.0748885 2.2617054 0.090377912 -2.0776558 2.2577932 0.09232147 -2.0743942 2.260922 0.10057636 -2.0736094 2.2634249 0.087890811 -2.0748885 2.2617054 0.090377912 -2.0675929 2.267097 0.099717259 -2.0736094 2.2634249 0.087890811 -2.0678327 2.266969 0.099726878 -2.0675929 2.267097 0.099717259 -2.0733063 2.2640197 0.085594848 -2.0736094 2.2634249 0.087890811 -2.0512938 2.2731664 0.099601187 -2.0509315 2.2731993 0.099620305 -2.0530481 2.2763667 0.057933211 -2.0795984 2.2536621 0.097403586 -2.0798063 2.2540245 0.092896454 -2.0919759 2.2270501 0.0964434 -2.0793915 2.2532988 0.10190943 -2.0748885 2.2617054 0.090377912 -2.0795984 2.2536621 0.097403586 -2.0678327 2.266969 0.099726878 -2.0736094 2.2634249 0.087890811 -2.0743942 2.260922 0.10057636 -2.0168781 2.275125 0.10113364 -2.0530481 2.2763667 0.057933211 -2.0509315 2.2731993 0.099620305 -2.053462 2.2390854 0.10678802 -2.067461 2.2268589 0.098193064 -2.0456486 2.2439146 0.098193064 -2.0555046 2.2378066 0.10695466 -2.067461 2.2268589 0.098193064 -2.053462 2.2390854 0.10678802 -2.067461 2.2268589 0.098193064 -2.0676184 2.2270308 0.10842698 -2.0678535 2.2267532 0.10846657 -2.067461 2.2268589 0.098193064 -2.0667973 2.2279997 0.10828902 -2.0676184 2.2270308 0.10842698 -2.0555046 2.2378066 0.10695466 -2.0667973 2.2279997 0.10828902 -2.067461 2.2268589 0.098193064 -2.076438 2.216614 0.10991028 -2.079556 2.2115314 0.11066967 -2.0837383 2.2040305 0.098192997 -2.0678535 2.2267532 0.10846657 -2.0837383 2.2040305 0.098192997 -2.067461 2.2268589 0.098193064 -2.076438 2.216614 0.10991028 -2.0837383 2.2040305 0.098192997 -2.0678535 2.2267532 0.10846657 -2.0555046 2.2378066 0.10695466 -2.053462 2.2390854 0.10678802 -2.0536702 2.2395983 0.10843247 -2.0667973 2.2279997 0.10828902 -2.0681059 2.2271893 0.11010967 -2.0676184 2.2270308 0.10842698 -2.0667973 2.2279997 0.10828902 -2.0536702 2.2395983 0.10843247 -2.0681059 2.2271893 0.11010967 -2.0555046 2.2378066 0.10695466 -2.0536702 2.2395983 0.10843247 -2.0667973 2.2279997 0.10828902 -2.0837383 2.2040305 0.098192997 -2.0840507 2.2042007 0.11176368 -2.0845227 2.2034316 0.1118784 -2.0837383 2.2040305 0.098192997 -2.079556 2.2115314 0.11066967 -2.0840507 2.2042007 0.11176368 -2.0788851 2.2533193 0.10351829 -2.0946884 2.215112 0.11164483 -2.0783999 2.2531743 0.10415069 -2.0790207 2.2533128 0.10308813 -2.0953233 2.215193 0.11053306 -2.0788851 2.2533193 0.10351829 -2.053462 2.2390854 0.10678802 -2.0456486 2.2439146 0.098193064 -2.0456653 2.2439647 0.10614884 -2.0793915 2.2532988 0.10190943 -2.0872059 2.2363486 0.10537441 -2.0790207 2.2533128 0.10308813 -2.0736053 2.2605391 0.10281633 -2.0779161 2.2530293 0.10478438 -2.072911 2.2600229 0.1036385 -2.0783999 2.2531743 0.10415069 -2.0779161 2.2530293 0.10478438 -2.0736053 2.2605391 0.10281633 -2.0775776 2.252883 0.10497285 -2.072911 2.2600229 0.1036385 -2.0779161 2.2530293 0.10478438 -2.0775776 2.252883 0.10497285 -2.0745833 2.2556503 0.10485815 -2.072911 2.2600229 0.1036385 -2.076653 2.2524812 0.10548913 -2.0745833 2.2556503 0.10485815 -2.0775776 2.252883 0.10497285 -2.0790207 2.2533128 0.10308813 -2.0743942 2.260922 0.10057636 -2.0793915 2.2532988 0.10190943 -2.0788851 2.2533193 0.10351829 -2.0741193 2.2608495 0.10174137 -2.0790207 2.2533128 0.10308813 -2.0783999 2.2531743 0.10415069 -2.0736053 2.2605391 0.10281633 -2.0788851 2.2533193 0.10351829 -2.0795984 2.2536621 0.097403586 -2.0872059 2.2363486 0.10537441 -2.0793915 2.2532988 0.10190943 -2.0674882 2.2668927 0.10086586 -2.0675929 2.267097 0.099717259 -2.0678327 2.266969 0.099726878 -2.0674882 2.2668927 0.10086586 -2.0595863 2.2710197 0.10054491 -2.0675929 2.267097 0.099717259 -2.0671227 2.2664378 0.10192849 -2.0595863 2.2710197 0.10054491 -2.0674882 2.2668927 0.10086586 -2.0674882 2.2668927 0.10086586 -2.0743942 2.260922 0.10057636 -2.0741193 2.2608495 0.10174137 -2.0678327 2.266969 0.099726878 -2.0743942 2.260922 0.10057636 -2.0674882 2.2668927 0.10086586 -2.0748885 2.2617054 0.090377912 -2.0793915 2.2532988 0.10190943 -2.0743942 2.260922 0.10057636 -2.0591314 2.2696679 0.10243384 -2.0666265 2.2657547 0.10274936 -2.0660663 2.26495 0.1032383 -2.0671227 2.2664378 0.10192849 -2.0666265 2.2657547 0.10274936 -2.0591314 2.2696679 0.10243384 -2.0671227 2.2664378 0.10192849 -2.072911 2.2600229 0.1036385 -2.0666265 2.2657547 0.10274936 -2.0736053 2.2605391 0.10281633 -2.072911 2.2600229 0.1036385 -2.0671227 2.2664378 0.10192849 -2.0671227 2.2664378 0.10192849 -2.0741193 2.2608495 0.10174137 -2.0736053 2.2605391 0.10281633 -2.0674882 2.2668927 0.10086586 -2.0741193 2.2608495 0.10174137 -2.0671227 2.2664378 0.10192849 -2.0666265 2.2657547 0.10274936 -2.07214 2.2593904 0.10411245 -2.0660663 2.26495 0.1032383 -2.072911 2.2600229 0.1036385 -2.07214 2.2593904 0.10411245 -2.0666265 2.2657547 0.10274936 -2.0745833 2.2556503 0.10485815 -2.07214 2.2593904 0.10411245 -2.072911 2.2600229 0.1036385 -2.0790207 2.2533128 0.10308813 -2.0741193 2.2608495 0.10174137 -2.0743942 2.260922 0.10057636 -2.0788851 2.2533193 0.10351829 -2.0736053 2.2605391 0.10281633 -2.0741193 2.2608495 0.10174137 -2.0456486 2.2439146 0.098193064 -2.0429089 2.2456896 0.10592213 -2.0456653 2.2439647 0.10614884 -2.0671227 2.2664378 0.10192849 -2.059401 2.2704692 0.10160895 -2.0595863 2.2710197 0.10054491 -2.0595863 2.2710197 0.10054491 -2.0596621 2.2712276 0.099401742 -2.0599549 2.2711596 0.099394955 -2.0595863 2.2710197 0.10054491 -2.059505 2.2712643 0.09940587 -2.0596621 2.2712276 0.099401742 -2.050967 2.272882 0.10076891 -2.059505 2.2712643 0.09940587 -2.0595863 2.2710197 0.10054491 -2.050967 2.272882 0.10076891 -2.0512938 2.2731664 0.099601187 -2.059505 2.2712643 0.09940587 -2.0509315 2.2731993 0.099620305 -2.0512938 2.2731664 0.099601187 -2.050967 2.272882 0.10076891 -2.0509789 2.2727666 0.10118545 -2.0595863 2.2710197 0.10054491 -2.059401 2.2704692 0.10160895 -2.050967 2.272882 0.10076891 -2.0595863 2.2710197 0.10054491 -2.0509789 2.2727666 0.10118545 -2.0599549 2.2711596 0.099394955 -2.0675929 2.267097 0.099717259 -2.0595863 2.2710197 0.10054491 -2.0591314 2.2696679 0.10243384 -2.0660663 2.26495 0.1032383 -2.059123 2.2686219 0.10293099 -2.0591314 2.2696679 0.10243384 -2.059401 2.2704692 0.10160895 -2.0671227 2.2664378 0.10192849 -2.0591314 2.2696679 0.10243384 -2.0509708 2.2718096 0.10244475 -2.059401 2.2704692 0.10160895 -2.0509536 2.2714548 0.10264415 -2.0509708 2.2718096 0.10244475 -2.0591314 2.2696679 0.10243384 -2.0591314 2.2696679 0.10243384 -2.0509057 2.2704778 0.10319594 -2.0509536 2.2714548 0.10264415 -2.0591314 2.2696679 0.10243384 -2.05881 2.2686925 0.1029419 -2.0509057 2.2704778 0.10319594 -2.059123 2.2686219 0.10293099 -2.05881 2.2686925 0.1029419 -2.0591314 2.2696679 0.10243384 -2.0509748 2.2722876 0.10181519 -2.059401 2.2704692 0.10160895 -2.0509708 2.2718096 0.10244475 -2.0509789 2.2727666 0.10118545 -2.059401 2.2704692 0.10160895 -2.0509748 2.2722876 0.10181519 -2.0509057 2.2704778 0.10319594 -2.0313938 2.2715974 0.10408242 -2.0509536 2.2714548 0.10264415 -2.0775776 2.252883 0.10497285 -2.0779161 2.2530293 0.10478438 -2.0938036 2.2148833 0.11247662 -2.0783999 2.2531743 0.10415069 -2.0946884 2.215112 0.11164483 -2.0779161 2.2530293 0.10478438 -2.076653 2.2524812 0.10548913 -2.0775776 2.252883 0.10497285 -2.088573 2.2256751 0.11088681 -2.0536702 2.2395983 0.10843247 -2.0456653 2.2439647 0.10614884 -2.037097 2.2488911 0.1072346 -2.0536702 2.2395983 0.10843247 -2.053462 2.2390854 0.10678802 -2.0456653 2.2439647 0.10614884 -2.076653 2.2524812 0.10548913 -2.0745523 2.225975 0.11286998 -2.0745833 2.2556503 0.10485815 -2.0509748 2.2722876 0.10181519 -2.0003815 2.2745171 0.10356881 -2.0509789 2.2727666 0.10118545 -2.0509708 2.2718096 0.10244475 -2.0003815 2.2745171 0.10356881 -2.0509748 2.2722876 0.10181519 -2.0509708 2.2718096 0.10244475 -2.0003808 2.2736504 0.10440466 -2.0003815 2.2745171 0.10356881 -2.0509536 2.2714548 0.10264415 -2.0003808 2.2736504 0.10440466 -2.0509708 2.2718096 0.10244475 -2.0509536 2.2714548 0.10264415 -2.0313938 2.2715974 0.10408242 -2.0003808 2.2736504 0.10440466 -2.0168781 2.275125 0.10113364 -2.0003822 2.2751102 0.10248435 -2.0003822 2.2751267 0.10112131 -2.0168781 2.275125 0.10113364 -2.050967 2.272882 0.10076891 -2.0003822 2.2751102 0.10248435 -2.0509315 2.2731993 0.099620305 -2.050967 2.272882 0.10076891 -2.0168781 2.275125 0.10113364 -2.0003808 2.2736504 0.10440466 -2.017941 2.2723684 0.10469428 -2.0003793 2.2724023 0.10470655 -2.0313938 2.2715974 0.10408242 -2.017941 2.2723684 0.10469428 -2.0003808 2.2736504 0.10440466 -2.0509789 2.2727666 0.10118545 -2.0003822 2.2751102 0.10248435 -2.050967 2.272882 0.10076891 -2.0003815 2.2745171 0.10356881 -2.0003822 2.2751102 0.10248435 -2.0509789 2.2727666 0.10118545 -2.0004368 2.2565777 0.10628267 -2.0150239 2.2549901 0.10475028 -2.0004351 2.2561827 0.10460553 -2.0191212 2.2546225 0.10652035 -2.0150239 2.2549901 0.10475028 -2.0004368 2.2565777 0.10628267 -2.0191212 2.2546225 0.10652035 -2.0190256 2.2540016 0.10487319 -2.0150239 2.2549901 0.10475028 -2.0200815 2.253741 0.10490464 -2.0190256 2.2540016 0.10487319 -2.0191212 2.2546225 0.10652035 -2.037097 2.2488911 0.1072346 -2.0429089 2.2456896 0.10592213 -2.0369055 2.2482381 0.10559841 -2.037097 2.2488911 0.1072346 -2.0456653 2.2439647 0.10614884 -2.0429089 2.2456896 0.10592213 -2.037097 2.2488911 0.1072346 -2.0200815 2.253741 0.10490464 -2.0191212 2.2546225 0.10652035 -2.037097 2.2488911 0.1072346 -2.029309 2.2514627 0.10518865 -2.0200815 2.253741 0.10490464 -2.0369055 2.2482381 0.10559841 -2.029309 2.2514627 0.10518865 -2.037097 2.2488911 0.1072346 -2.017941 2.2723684 0.10469428 -2.0198946 2.2588482 0.1086619 -2.0003793 2.2724023 0.10470655 -2.0313938 2.2715974 0.10408242 -2.0313883 2.2554955 0.10906486 -2.017941 2.2723684 0.10469428 -2.0200984 2.2537949 0.098193005 -2.0150239 2.2549901 0.10475028 -2.0190256 2.2540016 0.10487319 -2.0200984 2.2537949 0.098193005 -2.0004351 2.2561827 0.10460553 -2.0150239 2.2549901 0.10475028 -2.0003629 2.2559822 0.098193064 -2.0004351 2.2561827 0.10460553 -2.0200984 2.2537949 0.098193005 -2.0456486 2.2439146 0.098193064 -2.0369055 2.2482381 0.10559841 -2.0429089 2.2456896 0.10592213 -2.0200984 2.2537949 0.098193005 -2.0369055 2.2482381 0.10559841 -2.0456486 2.2439146 0.098193064 -2.0200984 2.2537949 0.098193005 -2.029309 2.2514627 0.10518865 -2.0369055 2.2482381 0.10559841 -2.0200815 2.253741 0.10490464 -2.029309 2.2514627 0.10518865 -2.0200984 2.2537949 0.098193005 -2.0190256 2.2540016 0.10487319 -2.0200815 2.253741 0.10490464 -2.0200984 2.2537949 0.098193005 -2.0004389 2.2577114 0.10775641 -2.0191212 2.2546225 0.10652035 -2.0004368 2.2565777 0.10628267 -2.0193069 2.2557385 0.10799403 -2.0191212 2.2546225 0.10652035 -2.0004389 2.2577114 0.10775641 -2.0193069 2.2557385 0.10799403 -2.037097 2.2488911 0.1072346 -2.0191212 2.2546225 0.10652035 -2.0374606 2.2499557 0.1087042 -2.037097 2.2488911 0.1072346 -2.0193069 2.2557385 0.10799403 -2.0374606 2.2499557 0.1087042 -2.0536702 2.2395983 0.10843247 -2.037097 2.2488911 0.1072346 -2.0055516 2.2607818 0.10843383 -2.0004406 2.2593381 0.10850482 -2.0004504 2.2606602 0.10844887 -2.0055516 2.2607818 0.10843383 -2.019599 2.2573347 0.1087425 -2.0004406 2.2593381 0.10850482 -2.0198946 2.2588482 0.1086619 -2.019599 2.2573347 0.1087425 -2.0055516 2.2607818 0.10843383 -2.0004406 2.2593381 0.10850482 -2.0193069 2.2557385 0.10799403 -2.0004389 2.2577114 0.10775641 -2.019599 2.2573347 0.1087425 -2.0193069 2.2557385 0.10799403 -2.0004406 2.2593381 0.10850482 -2.019599 2.2573347 0.1087425 -2.0374606 2.2499557 0.1087042 -2.0193069 2.2557385 0.10799403 -2.0380311 2.2514627 0.10945544 -2.0374606 2.2499557 0.1087042 -2.019599 2.2573347 0.1087425 -2.0204551 2.2587726 0.10867152 -2.019599 2.2573347 0.1087425 -2.0198946 2.2588482 0.1086619 -2.0204551 2.2587726 0.10867152 -2.0380311 2.2514627 0.10945544 -2.019599 2.2573347 0.1087425 -2.0003793 2.2724023 0.10470655 -2.0055516 2.2607818 0.10843383 -2.0004504 2.2606602 0.10844887 -2.0198946 2.2588482 0.1086619 -2.0055516 2.2607818 0.10843383 -2.0003793 2.2724023 0.10470655 -2.017941 2.2723684 0.10469428 -2.0204551 2.2587726 0.10867152 -2.0198946 2.2588482 0.1086619 -2.0313883 2.2554955 0.10906486 -2.0204551 2.2587726 0.10867152 -2.017941 2.2723684 0.10469428 -2.0313938 2.2715974 0.10408242 -2.0349793 2.2544196 0.10919327 -2.0313883 2.2554955 0.10906486 -2.0313938 2.2715974 0.10408242 -2.0509057 2.2704778 0.10319594 -2.0349793 2.2544196 0.10919327 -2.0349793 2.2544196 0.10919327 -2.0509057 2.2704778 0.10319594 -2.0385256 2.2527177 0.10940357 -2.0385256 2.2527177 0.10940357 -2.0509057 2.2704778 0.10319594 -2.0486145 2.2478776 0.10999909 -2.0486145 2.2478776 0.10999909 -2.0509057 2.2704778 0.10319594 -2.05881 2.2686925 0.1029419 -2.0486145 2.2478776 0.10999909 -2.05881 2.2686925 0.1029419 -2.059123 2.2686219 0.10293099 -2.0486145 2.2478776 0.10999909 -2.059123 2.2686219 0.10293099 -2.0557103 2.2430041 0.11061909 -2.0557103 2.2430041 0.11061909 -2.059123 2.2686219 0.10293099 -2.0660663 2.26495 0.1032383 -2.0557103 2.2430041 0.11061909 -2.0660663 2.26495 0.1032383 -2.0612743 2.2391818 0.11110532 -2.0612743 2.2391818 0.11110532 -2.0660663 2.26495 0.1032383 -2.07214 2.2593904 0.10411245 -2.0612743 2.2391818 0.11110532 -2.07214 2.2593904 0.10411245 -2.0745833 2.2556503 0.10485815 -2.1178777 2.0465539 0.13223842 -2.1169283 2.0262537 0.13314939 -2.1168349 2.044528 0.13276567 -2.1178777 2.0465539 0.13223842 -2.1181607 1.9998811 0.13336383 -2.1169283 2.0262537 0.13314939 -2.1191018 1.9998802 0.13252248 -2.1181607 1.9998811 0.13336383 -2.1178777 2.0465539 0.13223842 -2.1197474 1.9998795 0.13137659 -2.1196983 2.0464442 0.1288567 -2.1200254 2.0043092 0.13011459 -2.1197474 1.9998795 0.13137659 -2.1194654 2.0464957 0.13025254 -2.1196983 2.0464442 0.1288567 -2.1191018 1.9998802 0.13252248 -2.1194654 2.0464957 0.13025254 -2.1197474 1.9998795 0.13137659 -2.1191018 1.9998802 0.13252248 -2.1188185 2.0465329 0.13139708 -2.1194654 2.0464957 0.13025254 -2.1178777 2.0465539 0.13223842 -2.1188185 2.0465329 0.13139708 -2.1191018 1.9998802 0.13252248 -2.1178777 2.0465539 0.13223842 -2.1172922 2.0932155 0.12859854 -2.1188185 2.0465329 0.13139708 -2.1169081 2.0932186 0.12878159 -2.1172922 2.0932155 0.12859854 -2.1178777 2.0465539 0.13223842 -2.1194654 2.0464957 0.13025254 -2.1196473 2.0531192 0.12865725 -2.1196983 2.0464442 0.1288567 -2.1194654 2.0464957 0.13025254 -2.1188018 2.0930171 0.12562521 -2.1196473 2.0531192 0.12865725 -2.1184609 2.0931065 0.12684894 -2.1188018 2.0930171 0.12562521 -2.1194654 2.0464957 0.13025254 -2.1167939 2.0465512 0.13262086 -2.1178777 2.0465539 0.13223842 -2.1168349 2.044528 0.13276567 -2.115977 2.0876281 0.12968165 -2.1178777 2.0465539 0.13223842 -2.1167939 2.0465512 0.13262086 -2.115977 2.0876281 0.12968165 -2.1169081 2.0932186 0.12878159 -2.1178777 2.0465539 0.13223842 -2.1158662 2.0932283 0.12928145 -2.1169081 2.0932186 0.12878159 -2.115977 2.0876281 0.12968165 -2.1181607 1.9998811 0.13336383 -2.117065 1.9998809 0.13370258 -2.1169283 2.0262537 0.13314939 -2.1178129 2.0931776 0.12794845 -2.1188185 2.0465329 0.13139708 -2.1172922 2.0932155 0.12859854 -2.118335 2.0931394 0.1272997 -2.1188185 2.0465329 0.13139708 -2.1178129 2.0931776 0.12794845 -2.118335 2.0931394 0.1272997 -2.1194654 2.0464957 0.13025254 -2.1188185 2.0465329 0.13139708 -2.1184609 2.0931065 0.12684894 -2.1194654 2.0464957 0.13025254 -2.118335 2.0931394 0.1272997 -2.1200254 2.0043092 0.13011459 -2.1199934 1.9998792 0.13002306 -2.1197474 1.9998795 0.13137659 -2.1144845 2.1348414 0.12349041 -2.1172922 2.0932155 0.12859854 -2.1135542 2.1347871 0.12432633 -2.1178129 2.0931776 0.12794845 -2.1172922 2.0932155 0.12859854 -2.1144845 2.1348414 0.12349041 -2.1151316 2.1348193 0.12235821 -2.1151516 2.1346827 0.12106615 -2.1168704 2.1225815 0.12253988 -2.1123157 2.134644 0.12472375 -2.1116245 2.1407731 0.12401216 -2.1135542 2.1347871 0.12432633 -2.1149542 2.1112564 0.12744032 -2.1169081 2.0932186 0.12878159 -2.1158662 2.0932283 0.12928145 -2.1149542 2.1112564 0.12744032 -2.1135542 2.1347871 0.12432633 -2.1169081 2.0932186 0.12878159 -2.1123157 2.134644 0.12472375 -2.1135542 2.1347871 0.12432633 -2.1149542 2.1112564 0.12744032 -2.1184609 2.0931065 0.12684894 -2.1168704 2.1225815 0.12253988 -2.1188018 2.0930171 0.12562521 -2.1184609 2.0931065 0.12684894 -2.1151316 2.1348193 0.12235821 -2.1168704 2.1225815 0.12253988 -2.118335 2.0931394 0.1272997 -2.1151316 2.1348193 0.12235821 -2.1184609 2.0931065 0.12684894 -2.118335 2.0931394 0.1272997 -2.1144845 2.1348414 0.12349041 -2.1151316 2.1348193 0.12235821 -2.1178129 2.0931776 0.12794845 -2.1144845 2.1348414 0.12349041 -2.118335 2.0931394 0.1272997 -2.1172922 2.0932155 0.12859854 -2.1169081 2.0932186 0.12878159 -2.1135542 2.1347871 0.12432633 -2.0964487 1.999903 0.13476788 -2.0974317 2.039207 0.13534835 -2.0974185 1.999902 0.13618968 -2.096463 2.0391552 0.1339279 -2.0974317 2.039207 0.13534835 -2.0964487 1.999903 0.13476788 -2.096463 2.0391552 0.1339279 -2.0973942 2.0785134 0.13281889 -2.0974317 2.039207 0.13534835 -2.0964243 2.078409 0.13140115 -2.0973942 2.0785134 0.13281889 -2.096463 2.0391552 0.1339279 -2.0964243 2.078409 0.13140115 -2.0973032 2.1178186 0.12859176 -2.0973942 2.0785134 0.13281889 -2.0963342 2.1176617 0.1271795 -2.0973032 2.1178186 0.12859176 -2.0964243 2.078409 0.13140115 -2.0963342 2.1176617 0.1271795 -2.0962226 2.1569254 0.12131197 -2.0973032 2.1178186 0.12859176 -2.0988047 2.0785747 0.13362885 -2.1002243 2.0889821 0.13267544 -2.1002331 2.0860009 0.13303605 -2.0988047 2.0785747 0.13362885 -2.1001463 2.1178949 0.1291776 -2.1002243 2.0889821 0.13267544 -2.0987146 2.1179113 0.12939753 -2.1001463 2.1178949 0.1291776 -2.0988047 2.0785747 0.13362885 -2.0987146 2.1179113 0.12939753 -2.1001008 2.1346602 0.12715083 -2.1001463 2.1178949 0.1291776 -2.0985718 2.1572466 0.12342902 -2.1001008 2.1346602 0.12715083 -2.0987146 2.1179113 0.12939753 -2.0960951 2.0730751 0.13024434 -2.0964243 2.078409 0.13140115 -2.0960968 2.0390718 0.13140941 -2.0960798 2.078269 0.12958735 -2.0964243 2.078409 0.13140115 -2.0960951 2.0730751 0.13024434 -2.0960798 2.078269 0.12958735 -2.0963342 2.1176617 0.1271795 -2.0964243 2.078409 0.13140115 -2.0959668 2.1173847 0.12463635 -2.0963342 2.1176617 0.1271795 -2.0960798 2.078269 0.12958735 -2.0959668 2.1173847 0.12463635 -2.0962226 2.1569254 0.12131197 -2.0963342 2.1176617 0.1271795 -2.096463 2.0391552 0.1339279 -2.0960968 2.0390718 0.13140941 -2.0964243 2.078409 0.13140115 -2.096463 2.0391552 0.1339279 -2.0960982 1.9998907 0.13275197 -2.0960968 2.0390718 0.13140941 -2.0964487 1.999903 0.13476788 -2.0960982 1.9998907 0.13275197 -2.096463 2.0391552 0.1339279 -2.0974185 1.999902 0.13618968 -2.0988431 2.039237 0.13616101 -2.09883 1.9999006 0.1370023 -2.0974317 2.039207 0.13534835 -2.0988431 2.039237 0.13616101 -2.0974185 1.999902 0.13618968 -2.0974317 2.039207 0.13534835 -2.0988047 2.0785747 0.13362885 -2.0988431 2.039237 0.13616101 -2.0973942 2.0785134 0.13281889 -2.0988047 2.0785747 0.13362885 -2.0974317 2.039207 0.13534835 -2.0973942 2.0785134 0.13281889 -2.0987146 2.1179113 0.12939753 -2.0988047 2.0785747 0.13362885 -2.0973032 2.1178186 0.12859176 -2.0987146 2.1179113 0.12939753 -2.0973942 2.0785134 0.13281889 -2.0973032 2.1178186 0.12859176 -2.0985718 2.1572466 0.12342902 -2.0987146 2.1179113 0.12939753 -2.0988431 2.039237 0.13616101 -2.1002822 2.039238 0.13618013 -2.1002848 2.0371008 0.13632359 -2.0988431 2.039237 0.13616101 -2.10024 2.0785732 0.13353455 -2.1002822 2.039238 0.13618013 -2.0988047 2.0785747 0.13362885 -2.10024 2.0785732 0.13353455 -2.0988431 2.039237 0.13616101 -2.1002331 2.0860009 0.13303605 -2.10024 2.0785732 0.13353455 -2.0988047 2.0785747 0.13362885 -2.1002786 2.0275159 0.13645735 -2.0988431 2.039237 0.13616101 -2.1002848 2.0371008 0.13632359 -2.1002786 2.0275159 0.13645735 -2.09883 1.9999006 0.1370023 -2.0988431 2.039237 0.13616101 -2.1002629 1.9998965 0.1368425 -2.09883 1.9999006 0.1370023 -2.1002786 2.0275159 0.13645735 -2.0960193 1.9607513 0.13145991 -2.0960968 2.0390718 0.13140941 -2.0960982 1.9998907 0.13275197 -2.0960798 2.078269 0.12958735 -2.0948794 1.8431256 0.09819296 -2.0959668 2.1173847 0.12463635 -2.1163764 2.1351392 0.10561893 -2.1151516 2.1346827 0.12106615 -2.1156864 2.1410987 0.1051627 -2.1163764 2.1351392 0.10561893 -2.1168704 2.1225815 0.12253988 -2.1151516 2.1346827 0.12106615 -2.1191299 2.1113513 0.10744089 -2.1168704 2.1225815 0.12253988 -2.1163764 2.1351392 0.10561893 -2.1191299 2.1113513 0.10744089 -2.1188018 2.0930171 0.12562521 -2.1168704 2.1225815 0.12253988 -2.1201041 2.093066 0.10867286 -2.1188018 2.0930171 0.12562521 -2.1191299 2.1113513 0.10744089 -2.1221344 2.0223906 0.10170317 -2.1220639 1.9998771 0.10160615 -2.1199934 1.9998792 0.13002306 -2.1199934 1.9998792 0.13002306 -2.1212132 2.0801187 0.099674925 -2.1221344 2.0223906 0.10170317 -2.1199934 1.9998792 0.13002306 -2.1209962 2.0803297 0.10241611 -2.1212132 2.0801187 0.099674925 -2.1199934 1.9998792 0.13002306 -2.1199954 2.023164 0.12944399 -2.1209962 2.0803297 0.10241611 -2.1200254 2.0043092 0.13011459 -2.1199954 2.023164 0.12944399 -2.1199934 1.9998792 0.13002306 -2.1196983 2.0464442 0.1288567 -2.1199954 2.023164 0.12944399 -2.1200254 2.0043092 0.13011459 -2.1196983 2.0464442 0.1288567 -2.1207535 2.0812042 0.10523922 -2.1199954 2.023164 0.12944399 -2.1207392 2.081332 0.10537711 -2.1207535 2.0812042 0.10523922 -2.1196983 2.0464442 0.1288567 -2.1207535 2.0812042 0.10523922 -2.1209962 2.0803297 0.10241611 -2.1199954 2.023164 0.12944399 -2.1196473 2.0531192 0.12865725 -2.1207392 2.081332 0.10537711 -2.1196983 2.0464442 0.1288567 -2.1196473 2.0531192 0.12865725 -2.1205249 2.0832112 0.10740128 -2.1207392 2.081332 0.10537711 -2.120506 2.0834682 0.10755289 -2.1205249 2.0832112 0.10740128 -2.1196473 2.0531192 0.12865725 -2.1196473 2.0531192 0.12865725 -2.1204469 2.0842383 0.10800907 -2.120506 2.0834682 0.10755289 -2.1196473 2.0531192 0.12865725 -2.1202235 2.0889671 0.10892684 -2.1204469 2.0842383 0.10800907 -2.1188018 2.0930171 0.12562521 -2.1202235 2.0889671 0.10892684 -2.1196473 2.0531192 0.12865725 -2.1188018 2.0930171 0.12562521 -2.120219 2.0891263 0.10891868 -2.1202235 2.0889671 0.10892684 -2.120162 2.0910969 0.10879708 -2.120219 2.0891263 0.10891868 -2.1188018 2.0930171 0.12562521 -2.1188018 2.0930171 0.12562521 -2.1201041 2.093066 0.10867286 -2.120162 2.0910969 0.10879708 -2.115977 2.0876281 0.12968165 -2.1002331 2.0860009 0.13303605 -2.1002243 2.0889821 0.13267544 -2.115977 2.0876281 0.12968165 -2.10024 2.0785732 0.13353455 -2.1002331 2.0860009 0.13303605 -2.1167939 2.0465512 0.13262086 -2.10024 2.0785732 0.13353455 -2.115977 2.0876281 0.12968165 -2.1167939 2.0465512 0.13262086 -2.1002822 2.039238 0.13618013 -2.10024 2.0785732 0.13353455 -2.1168349 2.044528 0.13276567 -2.1002822 2.039238 0.13618013 -2.1167939 2.0465512 0.13262086 -2.1168349 2.044528 0.13276567 -2.1002848 2.0371008 0.13632359 -2.1002822 2.039238 0.13618013 -2.1169283 2.0262537 0.13314939 -2.1002848 2.0371008 0.13632359 -2.1168349 2.044528 0.13276567 -2.1169283 2.0262537 0.13314939 -2.1002786 2.0275159 0.13645735 -2.1002848 2.0371008 0.13632359 -2.1002629 1.9998965 0.1368425 -2.1002786 2.0275159 0.13645735 -2.1169283 2.0262537 0.13314939 -2.1169283 2.0262537 0.13314939 -2.117065 1.9998809 0.13370258 -2.1002629 1.9998965 0.1368425 -2.1123157 2.134644 0.12472375 -2.1001008 2.1346602 0.12715083 -2.1116245 2.1407731 0.12401216 -2.1123157 2.134644 0.12472375 -2.1001463 2.1178949 0.1291776 -2.1001008 2.1346602 0.12715083 -2.1149542 2.1112564 0.12744032 -2.1001463 2.1178949 0.1291776 -2.1123157 2.134644 0.12472375 -2.1158662 2.0932283 0.12928145 -2.1001463 2.1178949 0.1291776 -2.1149542 2.1112564 0.12744032 -2.1158662 2.0932283 0.12928145 -2.1002243 2.0889821 0.13267544 -2.1001463 2.1178949 0.1291776 -2.115977 2.0876281 0.12968165 -2.1002243 2.0889821 0.13267544 -2.1158662 2.0932283 0.12928145 -2.0938036 2.2148833 0.11247662 -2.0984075 2.1980157 0.11575998 -2.0936933 2.2112751 0.11342312 -2.0938036 2.2148833 0.11247662 -2.1058297 2.175338 0.1188918 -2.0984075 2.1980157 0.11575998 -2.1067421 2.1754813 0.11805866 -2.1058297 2.175338 0.1188918 -2.0938036 2.2148833 0.11247662 -2.1067421 2.1754813 0.11805866 -2.1135542 2.1347871 0.12432633 -2.1058297 2.175338 0.1188918 -2.1144845 2.1348414 0.12349041 -2.1135542 2.1347871 0.12432633 -2.1067421 2.1754813 0.11805866 -2.1073842 2.1755118 0.11693596 -2.1063738 2.1806002 0.11494737 -2.107522 2.17539 0.11567666 -2.1073842 2.1755118 0.11693596 -2.0953233 2.215193 0.11053306 -2.1063738 2.1806002 0.11494737 -2.1067421 2.1754813 0.11805866 -2.0953233 2.215193 0.11053306 -2.1073842 2.1755118 0.11693596 -2.1067421 2.1754813 0.11805866 -2.0946884 2.215112 0.11164483 -2.0953233 2.215193 0.11053306 -2.0938036 2.2148833 0.11247662 -2.0946884 2.215112 0.11164483 -2.1067421 2.1754813 0.11805866 -2.0938036 2.2148833 0.11247662 -2.0779161 2.2530293 0.10478438 -2.0946884 2.215112 0.11164483 -2.1151316 2.1348193 0.12235821 -2.1135607 2.1458857 0.11970306 -2.1151516 2.1346827 0.12106615 -2.1073842 2.1755118 0.11693596 -2.1135607 2.1458857 0.11970306 -2.1151316 2.1348193 0.12235821 -2.1073842 2.1755118 0.11693596 -2.1127217 2.1517928 0.11898467 -2.1135607 2.1458857 0.11970306 -2.107522 2.17539 0.11567666 -2.1127217 2.1517928 0.11898467 -2.1073842 2.1755118 0.11693596 -2.1058297 2.175338 0.1188918 -2.1061096 2.1696396 0.1201333 -2.1046388 2.1750581 0.11929744 -2.1058297 2.175338 0.1188918 -2.1100173 2.1491892 0.12288131 -2.1061096 2.1696396 0.1201333 -2.1135542 2.1347871 0.12432633 -2.1100173 2.1491892 0.12288131 -2.1058297 2.175338 0.1188918 -2.1135542 2.1347871 0.12432633 -2.1116245 2.1407731 0.12401216 -2.1100173 2.1491892 0.12288131 -2.0925658 2.214447 0.11286449 -2.0938036 2.2148833 0.11247662 -2.0936933 2.2112751 0.11342312 -2.088573 2.2256751 0.11088681 -2.0938036 2.2148833 0.11247662 -2.0925658 2.214447 0.11286449 -2.088573 2.2256751 0.11088681 -2.0775776 2.252883 0.10497285 -2.0938036 2.2148833 0.11247662 -2.1058297 2.175338 0.1188918 -2.1046388 2.1750581 0.11929744 -2.0984075 2.1980157 0.11575998 -2.0953233 2.215193 0.11053306 -2.0988376 2.205543 0.11094281 -2.1063738 2.1806002 0.11494737 -2.0953233 2.215193 0.11053306 -2.0977454 2.2091577 0.11036234 -2.0988376 2.205543 0.11094281 -2.0954626 2.2150486 0.10928202 -2.0977454 2.2091577 0.11036234 -2.0953233 2.215193 0.11053306 -2.1151316 2.1348193 0.12235821 -2.1067421 2.1754813 0.11805866 -2.1073842 2.1755118 0.11693596 -2.1144845 2.1348414 0.12349041 -2.1067421 2.1754813 0.11805866 -2.1151316 2.1348193 0.12235821 -2.0896852 2.1954532 0.11631726 -2.0888002 2.194886 0.1148804 -2.0808017 2.2127554 0.11372359 -2.0896852 2.1954532 0.11631726 -2.0942748 2.17623 0.11790431 -2.0888002 2.194886 0.1148804 -2.0952187 2.1766217 0.11932474 -2.0942748 2.17623 0.11790431 -2.0896852 2.1954532 0.11631726 -2.0952187 2.1766217 0.11932474 -2.0962226 2.1569254 0.12131197 -2.0942748 2.17623 0.11790431 -2.0971601 2.1571238 0.12264362 -2.0962226 2.1569254 0.12131197 -2.0952187 2.1766217 0.11932474 -2.0888002 2.194886 0.1148804 -2.0904546 2.189343 0.11409234 -2.0882993 2.1944599 0.11328787 -2.0888002 2.194886 0.1148804 -2.0935042 2.1773808 0.11607143 -2.0904546 2.189343 0.11409234 -2.0942748 2.17623 0.11790431 -2.0935042 2.1773808 0.11607143 -2.0888002 2.194886 0.1148804 -2.0942748 2.17623 0.11790431 -2.0938749 2.1759257 0.11631318 -2.0935042 2.1773808 0.11607143 -2.0942502 2.1744578 0.1165563 -2.0938749 2.1759257 0.11631318 -2.0942748 2.17623 0.11790431 -2.0888002 2.194886 0.1148804 -2.0882993 2.1944599 0.11328787 -2.0800064 2.212029 0.11227446 -2.0957839 2.1600728 0.11905703 -2.0962226 2.1569254 0.12131197 -2.0958538 2.1566825 0.11966346 -2.0957839 2.1600728 0.11905703 -2.0942748 2.17623 0.11790431 -2.0962226 2.1569254 0.12131197 -2.0942502 2.1744578 0.1165563 -2.0942748 2.17623 0.11790431 -2.0957839 2.1600728 0.11905703 -2.0910206 2.1961329 0.11709304 -2.0896852 2.1954532 0.11631726 -2.082015 2.2136936 0.11448982 -2.0910206 2.1961329 0.11709304 -2.0952187 2.1766217 0.11932474 -2.0896852 2.1954532 0.11631726 -2.0966208 2.1770265 0.12011281 -2.0952187 2.1766217 0.11932474 -2.0910206 2.1961329 0.11709304 -2.0966208 2.1770265 0.12011281 -2.0985718 2.1572466 0.12342902 -2.0952187 2.1766217 0.11932474 -2.0988059 2.1729493 0.12086398 -2.0985718 2.1572466 0.12342902 -2.0966208 2.1770265 0.12011281 -2.0966208 2.1770265 0.12011281 -2.0978274 2.1772838 0.12016611 -2.0988059 2.1729493 0.12086398 -2.0966208 2.1770265 0.12011281 -2.0953407 2.1882923 0.11839329 -2.0978274 2.1772838 0.12016611 -2.0910206 2.1961329 0.11709304 -2.0953407 2.1882923 0.11839329 -2.0966208 2.1770265 0.12011281 -2.0910206 2.1961329 0.11709304 -2.0921242 2.1966197 0.1171203 -2.0953407 2.1882923 0.11839329 -2.0896699 2.2029724 0.11614925 -2.0921242 2.1966197 0.1171203 -2.0910206 2.1961329 0.11709304 -2.082015 2.2136936 0.11448982 -2.0896699 2.2029724 0.11614925 -2.0910206 2.1961329 0.11709304 -2.0985718 2.1572466 0.12342902 -2.0971601 2.1571238 0.12264362 -2.0952187 2.1766217 0.11932474 -2.0988059 2.1729493 0.12086398 -2.1000121 2.1572666 0.12351779 -2.0985718 2.1572466 0.12342902 -2.0985718 2.1572466 0.12342902 -2.1000397 2.1501262 0.12466504 -2.1001008 2.1346602 0.12715083 -2.1000121 2.1572666 0.12351779 -2.1000397 2.1501262 0.12466504 -2.0985718 2.1572466 0.12342902 -2.0958538 2.1566825 0.11966346 -2.0962226 2.1569254 0.12131197 -2.0959668 2.1173847 0.12463635 -2.0971601 2.1571238 0.12264362 -2.0985718 2.1572466 0.12342902 -2.0973032 2.1178186 0.12859176 -2.0962226 2.1569254 0.12131197 -2.0971601 2.1571238 0.12264362 -2.0973032 2.1178186 0.12859176 -2.0959668 2.1173847 0.12463635 -2.0951948 2.1566832 0.098193012 -2.0958538 2.1566825 0.11966346 -2.1083739 2.1762159 0.10198312 -2.107522 2.17539 0.11567666 -2.1063738 2.1806002 0.11494737 -2.1100302 2.1702051 0.10259091 -2.1127217 2.1517928 0.11898467 -2.107522 2.17539 0.11567666 -2.1147156 2.1460965 0.10472155 -2.1135607 2.1458857 0.11970306 -2.1127217 2.1517928 0.11898467 -2.1156864 2.1410987 0.1051627 -2.1135607 2.1458857 0.11970306 -2.1147156 2.1460965 0.10472155 -2.1156864 2.1410987 0.1051627 -2.1151516 2.1346827 0.12106615 -2.1135607 2.1458857 0.11970306 -2.0925658 2.214447 0.11286449 -2.0831368 2.2144866 0.11447477 -2.088573 2.2256751 0.11088681 -2.0925658 2.214447 0.11286449 -2.0844953 2.2120922 0.1148231 -2.0831368 2.2144866 0.11447477 -2.0936933 2.2112751 0.11342312 -2.0844953 2.2120922 0.1148231 -2.0925658 2.214447 0.11286449 -2.0936933 2.2112751 0.11342312 -2.0896699 2.2029724 0.11614925 -2.0844953 2.2120922 0.1148231 -2.0921242 2.1966197 0.1171203 -2.0896699 2.2029724 0.11614925 -2.0936933 2.2112751 0.11342312 -2.0984075 2.1980157 0.11575998 -2.0921242 2.1966197 0.1171203 -2.0936933 2.2112751 0.11342312 -2.0984075 2.1980157 0.11575998 -2.0953407 2.1882923 0.11839329 -2.0921242 2.1966197 0.1171203 -2.0978274 2.1772838 0.12016611 -2.0953407 2.1882923 0.11839329 -2.0984075 2.1980157 0.11575998 -2.1046388 2.1750581 0.11929744 -2.0978274 2.1772838 0.12016611 -2.0984075 2.1980157 0.11575998 -2.1046388 2.1750581 0.11929744 -2.0988059 2.1729493 0.12086398 -2.0978274 2.1772838 0.12016611 -2.1061096 2.1696396 0.1201333 -2.0988059 2.1729493 0.12086398 -2.1046388 2.1750581 0.11929744 -2.1061096 2.1696396 0.1201333 -2.1000121 2.1572666 0.12351779 -2.0988059 2.1729493 0.12086398 -2.1100173 2.1491892 0.12288131 -2.1000121 2.1572666 0.12351779 -2.1061096 2.1696396 0.1201333 -2.1100173 2.1491892 0.12288131 -2.1000397 2.1501262 0.12466504 -2.1000121 2.1572666 0.12351779 -2.1116245 2.1407731 0.12401216 -2.1000397 2.1501262 0.12466504 -2.1100173 2.1491892 0.12288131 -2.1116245 2.1407731 0.12401216 -2.1001008 2.1346602 0.12715083 -2.1000397 2.1501262 0.12466504 -2.0951948 2.1566832 0.098193012 -2.0957839 2.1600728 0.11905703 -2.0958538 2.1566825 0.11966346 -2.0951948 2.1566832 0.098193012 -2.0942502 2.1744578 0.1165563 -2.0957839 2.1600728 0.11905703 -2.0931418 2.1773109 0.098192997 -2.0938749 2.1759257 0.11631318 -2.0942502 2.1744578 0.1165563 -2.0935042 2.1773808 0.11607143 -2.0938749 2.1759257 0.11631318 -2.0931418 2.1773109 0.098192997 -2.0904546 2.189343 0.11409234 -2.0935042 2.1773808 0.11607143 -2.0931418 2.1773109 0.098192997 -2.0844953 2.2120922 0.1148231 -2.0896699 2.2029724 0.11614925 -2.082015 2.2136936 0.11448982 -2.054198 2.2405772 0.10989795 -2.0536702 2.2395983 0.10843247 -2.0374606 2.2499557 0.1087042 -2.054198 2.2405772 0.10989795 -2.0681059 2.2271893 0.11010967 -2.0536702 2.2395983 0.10843247 -2.0687802 2.2280555 0.11156701 -2.0681059 2.2271893 0.11010967 -2.054198 2.2405772 0.10989795 -2.0687802 2.2280555 0.11156701 -2.0800064 2.212029 0.11227446 -2.0681059 2.2271893 0.11010967 -2.0808017 2.2127554 0.11372359 -2.0800064 2.212029 0.11227446 -2.0687802 2.2280555 0.11156701 -2.0808017 2.2127554 0.11372359 -2.0888002 2.194886 0.1148804 -2.0800064 2.212029 0.11227446 -2.0681059 2.2271893 0.11010967 -2.0678535 2.2267532 0.10846657 -2.0676184 2.2270308 0.10842698 -2.0681059 2.2271893 0.11010967 -2.076438 2.216614 0.10991028 -2.0678535 2.2267532 0.10846657 -2.0800064 2.212029 0.11227446 -2.076438 2.216614 0.10991028 -2.0681059 2.2271893 0.11010967 -2.0800064 2.212029 0.11227446 -2.079556 2.2115314 0.11066967 -2.076438 2.216614 0.10991028 -2.0840507 2.2042007 0.11176368 -2.079556 2.2115314 0.11066967 -2.0800064 2.212029 0.11227446 -2.0800064 2.212029 0.11227446 -2.0845227 2.2034316 0.1118784 -2.0840507 2.2042007 0.11176368 -2.0800064 2.212029 0.11227446 -2.0882993 2.1944599 0.11328787 -2.0845227 2.2034316 0.1118784 -2.0380311 2.2514627 0.10945544 -2.054198 2.2405772 0.10989795 -2.0374606 2.2499557 0.1087042 -2.0550215 2.2419398 0.1106519 -2.054198 2.2405772 0.10989795 -2.0380311 2.2514627 0.10945544 -2.0550215 2.2419398 0.1106519 -2.0687802 2.2280555 0.11156701 -2.054198 2.2405772 0.10989795 -2.0698195 2.2292259 0.11232633 -2.0687802 2.2280555 0.11156701 -2.0550215 2.2419398 0.1106519 -2.0698195 2.2292259 0.11232633 -2.0808017 2.2127554 0.11372359 -2.0687802 2.2280555 0.11156701 -2.082015 2.2136936 0.11448982 -2.0808017 2.2127554 0.11372359 -2.0698195 2.2292259 0.11232633 -2.082015 2.2136936 0.11448982 -2.0896852 2.1954532 0.11631726 -2.0808017 2.2127554 0.11372359 -2.082015 2.2136936 0.11448982 -2.0831368 2.2144866 0.11447477 -2.0844953 2.2120922 0.1148231 -2.082015 2.2136936 0.11448982 -2.0820189 2.2164569 0.11418799 -2.0831368 2.2144866 0.11447477 -2.0698195 2.2292259 0.11232633 -2.0820189 2.2164569 0.11418799 -2.082015 2.2136936 0.11448982 -2.0698195 2.2292259 0.11232633 -2.0745523 2.225975 0.11286998 -2.0820189 2.2164569 0.11418799 -2.0724103 2.2287066 0.11249303 -2.0745523 2.225975 0.11286998 -2.0698195 2.2292259 0.11232633 -2.0698195 2.2292259 0.11232633 -2.0707927 2.230227 0.11229087 -2.0724103 2.2287066 0.11249303 -2.0698195 2.2292259 0.11232633 -2.0612743 2.2391818 0.11110532 -2.0707927 2.230227 0.11229087 -2.0550215 2.2419398 0.1106519 -2.0612743 2.2391818 0.11110532 -2.0698195 2.2292259 0.11232633 -2.0550215 2.2419398 0.1106519 -2.0557103 2.2430041 0.11061909 -2.0612743 2.2391818 0.11110532 -2.0486145 2.2478776 0.10999909 -2.0557103 2.2430041 0.11061909 -2.0550215 2.2419398 0.1106519 -2.0380311 2.2514627 0.10945544 -2.0486145 2.2478776 0.10999909 -2.0550215 2.2419398 0.1106519 -2.0380311 2.2514627 0.10945544 -2.0385256 2.2527177 0.10940357 -2.0486145 2.2478776 0.10999909 -2.0313883 2.2554955 0.10906486 -2.0385256 2.2527177 0.10940357 -2.0380311 2.2514627 0.10945544 -2.0313883 2.2554955 0.10906486 -2.0380311 2.2514627 0.10945544 -2.0204551 2.2587726 0.10867152 -2.0313883 2.2554955 0.10906486 -2.0349793 2.2544196 0.10919327 -2.0385256 2.2527177 0.10940357 -2.076653 2.2524812 0.10548913 -2.0820189 2.2164569 0.11418799 -2.0745523 2.225975 0.11286998 -2.088573 2.2256751 0.11088681 -2.0820189 2.2164569 0.11418799 -2.076653 2.2524812 0.10548913 -2.088573 2.2256751 0.11088681 -2.0831368 2.2144866 0.11447477 -2.0820189 2.2164569 0.11418799 -2.0612743 2.2391818 0.11110532 -2.0745833 2.2556503 0.10485815 -2.0707927 2.230227 0.11229087 -2.0707927 2.230227 0.11229087 -2.0745833 2.2556503 0.10485815 -2.0724103 2.2287066 0.11249303 -2.0724103 2.2287066 0.11249303 -2.0745833 2.2556503 0.10485815 -2.0745523 2.225975 0.11286998 -1.9492792 1.7268003 0.099620238 -1.9833325 1.7248747 0.10113351 -1.9471624 1.7236331 0.057933137 -1.9200357 1.7459192 0.091650769 -1.9082346 1.7729498 0.096443392 -1.9204042 1.7459753 0.092896387 -1.9188795 1.7454964 0.089884765 -1.9211354 1.7415195 0.089338459 -1.920804 1.7413042 0.089160904 -1.9188795 1.7454964 0.089884765 -1.9216062 1.7417849 0.089987196 -1.9211354 1.7415195 0.089338459 -1.9193897 1.7456979 0.090538993 -1.9216062 1.7417849 0.089987196 -1.9188795 1.7454964 0.089884765 -1.9193897 1.7456979 0.090538993 -1.9220783 1.7420503 0.09063594 -1.9216062 1.7417849 0.089987196 -1.9198989 1.7458992 0.091191858 -1.9220783 1.7420503 0.09063594 -1.9193897 1.7456979 0.090538993 -1.9198989 1.7458992 0.091191858 -1.9222066 1.7420917 0.09108942 -1.9220783 1.7420503 0.09063594 -1.9200357 1.7459192 0.091650769 -1.9222066 1.7420917 0.09108942 -1.9198989 1.7458992 0.091191858 -1.9200357 1.7459192 0.091650769 -1.9225549 1.7422067 0.092321344 -1.9222066 1.7420917 0.09108942 -1.9204042 1.7459753 0.092896387 -1.9225549 1.7422067 0.092321344 -1.9200357 1.7459192 0.091650769 -1.920804 1.7413042 0.089160904 -1.9185193 1.7453212 0.089708559 -1.9188795 1.7454964 0.089884765 -1.920804 1.7413042 0.089160904 -1.9186667 1.7427461 0.088942334 -1.9185193 1.7453212 0.089708559 -1.9199057 1.7407168 0.088676028 -1.9186667 1.7427461 0.088942334 -1.920804 1.7413042 0.089160904 -1.9186667 1.7427461 0.088942334 -1.9175441 1.7448455 0.089229234 -1.9185193 1.7453212 0.089708559 -1.9232074 1.7382865 0.087603845 -1.9249566 1.7374494 0.087194145 -1.924348 1.7374802 0.086919576 -1.9237549 1.7385657 0.088325046 -1.9249566 1.7374494 0.087194145 -1.9232074 1.7382865 0.087603845 -1.9237549 1.7385657 0.088325046 -1.9255085 1.7373359 0.087564304 -1.9249566 1.7374494 0.087194145 -1.9243743 1.738629 0.088945106 -1.9255085 1.7373359 0.087564304 -1.9237549 1.7385657 0.088325046 -1.9243743 1.738629 0.088945106 -1.9266012 1.7365748 0.087890685 -1.9255085 1.7373359 0.087564304 -1.9249001 1.7385458 0.089664891 -1.9266012 1.7365748 0.087890685 -1.9243743 1.738629 0.088945106 -1.9249001 1.7385458 0.089664891 -1.9253222 1.7382945 0.090377837 -1.9266012 1.7365748 0.087890685 -1.9259771 1.7366407 0.085522436 -1.9266012 1.7365748 0.087890685 -1.9269042 1.73598 0.085594833 -1.9259771 1.7366407 0.085522436 -1.9255085 1.7373359 0.087564304 -1.9266012 1.7365748 0.087890685 -1.9243743 1.738629 0.088945106 -1.9222066 1.7420917 0.09108942 -1.9249001 1.7385458 0.089664891 -1.9230233 1.7401793 0.089701772 -1.9222066 1.7420917 0.09108942 -1.9243743 1.738629 0.088945106 -1.9230233 1.7401793 0.089701772 -1.9220783 1.7420503 0.09063594 -1.9222066 1.7420917 0.09108942 -1.9216062 1.7417849 0.089987196 -1.9220783 1.7420503 0.09063594 -1.9230233 1.7401793 0.089701772 -1.9249566 1.7374494 0.087194145 -1.9244932 1.7373633 0.086673811 -1.924348 1.7374802 0.086919576 -1.9248013 1.7371172 0.086156122 -1.9244932 1.7373633 0.086673811 -1.9249566 1.7374494 0.087194145 -1.920804 1.7413042 0.089160904 -1.9215331 1.739496 0.088366054 -1.9199057 1.7407168 0.088676028 -1.920804 1.7413042 0.089160904 -1.9223089 1.7399029 0.088930063 -1.9215331 1.739496 0.088366054 -1.9211354 1.7415195 0.089338459 -1.9223089 1.7399029 0.088930063 -1.920804 1.7413042 0.089160904 -1.9211354 1.7415195 0.089338459 -1.9230233 1.7401793 0.089701772 -1.9223089 1.7399029 0.088930063 -1.9216062 1.7417849 0.089987196 -1.9230233 1.7401793 0.089701772 -1.9211354 1.7415195 0.089338459 -1.9253222 1.7382945 0.090377837 -1.9222066 1.7420917 0.09108942 -1.9225549 1.7422067 0.092321344 -1.9253222 1.7382945 0.090377837 -1.9249001 1.7385458 0.089664891 -1.9222066 1.7420917 0.09108942 -1.9223089 1.7399029 0.088930063 -1.9221244 1.7390527 0.088253997 -1.9216746 1.7393893 0.088338673 -1.9223089 1.7399029 0.088930063 -1.9230491 1.7383996 0.087699436 -1.9221244 1.7390527 0.088253997 -1.9237549 1.7385657 0.088325046 -1.9230491 1.7383996 0.087699436 -1.9223089 1.7399029 0.088930063 -1.9230233 1.7401793 0.089701772 -1.9237549 1.7385657 0.088325046 -1.9223089 1.7399029 0.088930063 -1.9243743 1.738629 0.088945106 -1.9237549 1.7385657 0.088325046 -1.9230233 1.7401793 0.089701772 -1.9255085 1.7373359 0.087564304 -1.9248013 1.7371172 0.086156122 -1.9249566 1.7374494 0.087194145 -1.9255085 1.7373359 0.087564304 -1.9248877 1.7369766 0.085495055 -1.9248013 1.7371172 0.086156122 -1.9259771 1.7366407 0.085522436 -1.9248877 1.7369766 0.085495055 -1.9255085 1.7373359 0.087564304 -1.9216746 1.7393893 0.088338673 -1.9215331 1.739496 0.088366054 -1.9223089 1.7399029 0.088930063 -1.9232074 1.7382865 0.087603845 -1.9230491 1.7383996 0.087699436 -1.9237549 1.7385657 0.088325046 -1.9248877 1.7369766 0.085495055 -1.9247892 1.7369893 0.085488267 -1.9248013 1.7371172 0.086156122 -1.9206122 1.7463375 0.097403519 -1.9225549 1.7422067 0.092321344 -1.9204042 1.7459753 0.092896387 -1.9206122 1.7463375 0.097403519 -1.9253222 1.7382945 0.090377837 -1.9225549 1.7422067 0.092321344 -1.9258163 1.7390778 0.10057629 -1.9266012 1.7365748 0.087890685 -1.9253222 1.7382945 0.090377837 -1.9326178 1.7329026 0.099717185 -1.9266012 1.7365748 0.087890685 -1.9323779 1.7330308 0.099726744 -1.9326178 1.7329026 0.099717185 -1.9269042 1.73598 0.085594833 -1.9266012 1.7365748 0.087890685 -1.9489168 1.7268333 0.099601112 -1.9492792 1.7268003 0.099620238 -1.9471624 1.7236331 0.057933137 -1.9206122 1.7463375 0.097403519 -1.9204042 1.7459753 0.092896387 -1.9082346 1.7729498 0.096443392 -1.9323779 1.7330308 0.099726744 -1.9266012 1.7365748 0.087890685 -1.9258163 1.7390778 0.10057629 -1.920819 1.746701 0.10190929 -1.9253222 1.7382945 0.090377837 -1.9206122 1.7463375 0.097403519 -1.9998299 1.7263495 0.10440466 -1.949257 1.7285451 0.10264413 -1.9493047 1.729522 0.10319586 -1.9998299 1.7263495 0.10440466 -1.9492399 1.7281901 0.10244468 -1.949257 1.7285451 0.10264413 -1.9998291 1.7254827 0.1035688 -1.9492399 1.7281901 0.10244468 -1.9998299 1.7263495 0.10440466 -1.9998291 1.7254827 0.1035688 -1.9492357 1.7277122 0.10181506 -1.9492399 1.7281901 0.10244468 -1.9492316 1.7272332 0.10118544 -1.9492357 1.7277122 0.10181506 -1.9998291 1.7254827 0.1035688 -1.9833325 1.7248747 0.10113351 -1.9998285 1.7248895 0.10248434 -1.9998281 1.7246324 0.10131249 -1.9833325 1.7248747 0.10113351 -1.9492435 1.7271178 0.10076889 -1.9998285 1.7248895 0.10248434 -1.9492792 1.7268003 0.099620238 -1.9492435 1.7271178 0.10076889 -1.9833325 1.7248747 0.10113351 -1.9998299 1.7263495 0.10440466 -1.9875036 1.7276211 0.10469692 -1.9998311 1.7275974 0.10470649 -1.9822648 1.7276313 0.10469421 -1.9875036 1.7276211 0.10469692 -1.9998299 1.7263495 0.10440466 -1.9493047 1.729522 0.10319586 -1.9822648 1.7276313 0.10469421 -1.9998299 1.7263495 0.10440466 -1.9998285 1.7248895 0.10248434 -1.9492316 1.7272332 0.10118544 -1.9998291 1.7254827 0.1035688 -1.9492435 1.7271178 0.10076889 -1.9492316 1.7272332 0.10118544 -1.9998285 1.7248895 0.10248434 -1.9997739 1.743422 0.10628267 -1.9875952 1.7446483 0.10470513 -1.9997828 1.7439814 0.10462452 -1.9810895 1.7453774 0.1065203 -1.9875952 1.7446483 0.10470513 -1.9997739 1.743422 0.10628267 -1.9810895 1.7453774 0.1065203 -1.9850008 1.7452166 0.10477611 -1.9875952 1.7446483 0.10470513 -1.9811898 1.7460508 0.10487997 -1.9850008 1.7452166 0.10477611 -1.9810895 1.7453774 0.1065203 -1.9631134 1.7511085 0.10723459 -1.9594921 1.7532042 0.10577997 -1.9632797 1.7517129 0.10559156 -1.9631134 1.7511085 0.10723459 -1.9567453 1.754825 0.10599169 -1.9594921 1.7532042 0.10577997 -1.9810895 1.7453774 0.1065203 -1.9732281 1.7477946 0.10509571 -1.9811898 1.7460508 0.10487997 -1.9810895 1.7453774 0.1065203 -1.9632797 1.7517129 0.10559156 -1.9732281 1.7477946 0.10509571 -1.9631134 1.7511085 0.10723459 -1.9632797 1.7517129 0.10559156 -1.9810895 1.7453774 0.1065203 -1.9849986 1.7452542 0.098192997 -1.9875952 1.7446483 0.10470513 -1.9850008 1.7452166 0.10477611 -1.9849986 1.7452542 0.098192997 -1.9997828 1.7439814 0.10462452 -1.9875952 1.7446483 0.10470513 -2.0146992 1.7452244 0.098192945 -1.9997828 1.7439814 0.10462452 -1.9849986 1.7452542 0.098192997 -1.9567608 1.7548739 0.098192997 -1.9632797 1.7517129 0.10559156 -1.9594921 1.7532042 0.10577997 -1.9849986 1.7452542 0.098192997 -1.9632797 1.7517129 0.10559156 -1.9567608 1.7548739 0.098192997 -1.9849986 1.7452542 0.098192997 -1.9732281 1.7477946 0.10509571 -1.9632797 1.7517129 0.10559156 -1.9811898 1.7460508 0.10487997 -1.9732281 1.7477946 0.10509571 -1.9849986 1.7452542 0.098192997 -1.9849986 1.7452542 0.098192997 -1.9850008 1.7452166 0.10477611 -1.9811898 1.7460508 0.10487997 -1.9875036 1.7276211 0.10469692 -1.9875139 1.7401822 0.10854712 -1.9998311 1.7275974 0.10470649 -1.9822648 1.7276313 0.10469421 -1.9875139 1.7401822 0.10854712 -1.9875036 1.7276211 0.10469692 -1.9997716 1.7422882 0.10775635 -1.9810895 1.7453774 0.1065203 -1.9997739 1.743422 0.10628267 -1.9809035 1.7442613 0.10799398 -1.9810895 1.7453774 0.1065203 -1.9997716 1.7422882 0.10775635 -1.9809035 1.7442613 0.10799398 -1.9631134 1.7511085 0.10723459 -1.9810895 1.7453774 0.1065203 -1.96275 1.750044 0.1087042 -1.9631134 1.7511085 0.10723459 -1.9809035 1.7442613 0.10799398 -1.9806114 1.7426649 0.10874244 -1.9797518 1.7412285 0.10867145 -1.9652311 1.7455802 0.10919315 -1.9806114 1.7426649 0.10874244 -1.9875139 1.7401822 0.10854712 -1.9797518 1.7412285 0.10867145 -1.9997699 1.7406615 0.10850481 -1.9875139 1.7401822 0.10854712 -1.9806114 1.7426649 0.10874244 -1.9997699 1.7406615 0.10850481 -1.9946616 1.739218 0.10843376 -1.9875139 1.7401822 0.10854712 -1.9997602 1.7393395 0.10844875 -1.9946616 1.739218 0.10843376 -1.9997699 1.7406615 0.10850481 -1.9809035 1.7442613 0.10799398 -1.9806114 1.7426649 0.10874244 -1.96275 1.750044 0.1087042 -1.9809035 1.7442613 0.10799398 -1.9997699 1.7406615 0.10850481 -1.9806114 1.7426649 0.10874244 -1.9997716 1.7422882 0.10775635 -1.9997699 1.7406615 0.10850481 -1.9809035 1.7442613 0.10799398 -1.9998311 1.7275974 0.10470649 -1.9946616 1.739218 0.10843376 -1.9997602 1.7393395 0.10844875 -1.9875139 1.7401822 0.10854712 -1.9946616 1.739218 0.10843376 -1.9998311 1.7275974 0.10470649 -1.9330877 1.7335619 0.10192841 -1.9408096 1.7295306 0.10160883 -1.9406241 1.7289801 0.1005449 -1.9406241 1.7289801 0.1005449 -1.9405483 1.728772 0.099401727 -1.9402555 1.72884 0.09939488 -1.9406241 1.7289801 0.1005449 -1.9407055 1.7287354 0.099405855 -1.9405483 1.728772 0.099401727 -1.9492435 1.7271178 0.10076889 -1.9407055 1.7287354 0.099405855 -1.9406241 1.7289801 0.1005449 -1.9492435 1.7271178 0.10076889 -1.9489168 1.7268333 0.099601112 -1.9407055 1.7287354 0.099405855 -1.9492792 1.7268003 0.099620238 -1.9489168 1.7268333 0.099601112 -1.9492435 1.7271178 0.10076889 -1.9492316 1.7272332 0.10118544 -1.9406241 1.7289801 0.1005449 -1.9408096 1.7295306 0.10160883 -1.9492435 1.7271178 0.10076889 -1.9406241 1.7289801 0.1005449 -1.9492316 1.7272332 0.10118544 -1.9410793 1.7303318 0.10243376 -1.9341443 1.7350496 0.10323823 -1.9410839 1.731379 0.10293091 -1.9410793 1.7303318 0.10243376 -1.9408096 1.7295306 0.10160883 -1.9330877 1.7335619 0.10192841 -1.9410793 1.7303318 0.10243376 -1.9492399 1.7281901 0.10244468 -1.9408096 1.7295306 0.10160883 -1.949257 1.7285451 0.10264413 -1.9492399 1.7281901 0.10244468 -1.9410793 1.7303318 0.10243376 -1.9414006 1.7313073 0.10294189 -1.9410793 1.7303318 0.10243376 -1.9410839 1.731379 0.10293091 -1.9416851 1.7312429 0.10295009 -1.9410793 1.7303318 0.10243376 -1.9414006 1.7313073 0.10294189 -1.9416851 1.7312429 0.10295009 -1.949257 1.7285451 0.10264413 -1.9410793 1.7303318 0.10243376 -1.9493047 1.729522 0.10319586 -1.949257 1.7285451 0.10264413 -1.9416851 1.7312429 0.10295009 -1.9492357 1.7277122 0.10181506 -1.9408096 1.7295306 0.10160883 -1.9492399 1.7281901 0.10244468 -1.9492316 1.7272332 0.10118544 -1.9408096 1.7295306 0.10160883 -1.9492357 1.7277122 0.10181506 -1.9567608 1.7548739 0.098192997 -1.9594921 1.7532042 0.10577997 -1.9567453 1.754825 0.10599169 -1.9467089 1.7607487 0.10676335 -1.9567608 1.7548739 0.098192997 -1.9567453 1.754825 0.10599169 -1.9327223 1.733107 0.10086585 -1.9326178 1.7329026 0.099717185 -1.9323779 1.7330308 0.099726744 -1.9327223 1.733107 0.10086585 -1.9406241 1.7289801 0.1005449 -1.9326178 1.7329026 0.099717185 -1.9330877 1.7335619 0.10192841 -1.9406241 1.7289801 0.1005449 -1.9327223 1.733107 0.10086585 -1.9327223 1.733107 0.10086585 -1.9258163 1.7390778 0.10057629 -1.9260912 1.7391503 0.1017413 -1.9323779 1.7330308 0.099726744 -1.9258163 1.7390778 0.10057629 -1.9327223 1.733107 0.10086585 -1.9402555 1.72884 0.09939488 -1.9326178 1.7329026 0.099717185 -1.9406241 1.7289801 0.1005449 -1.9253222 1.7382945 0.090377837 -1.920819 1.746701 0.10190929 -1.9258163 1.7390778 0.10057629 -1.9410793 1.7303318 0.10243376 -1.9335841 1.7342449 0.10274928 -1.9341443 1.7350496 0.10323823 -1.9330877 1.7335619 0.10192841 -1.9335841 1.7342449 0.10274928 -1.9410793 1.7303318 0.10243376 -1.9330877 1.7335619 0.10192841 -1.9272995 1.7399769 0.10363843 -1.9335841 1.7342449 0.10274928 -1.9266052 1.7394608 0.1028162 -1.9272995 1.7399769 0.10363843 -1.9330877 1.7335619 0.10192841 -1.9266052 1.7394608 0.1028162 -1.9222944 1.7469705 0.10478432 -1.9272995 1.7399769 0.10363843 -1.9330877 1.7335619 0.10192841 -1.9260912 1.7391503 0.1017413 -1.9266052 1.7394608 0.1028162 -1.9327223 1.733107 0.10086585 -1.9260912 1.7391503 0.1017413 -1.9330877 1.7335619 0.10192841 -1.9335841 1.7342449 0.10274928 -1.9280707 1.7406095 0.10411239 -1.9341443 1.7350496 0.10323823 -1.9272995 1.7399769 0.10363843 -1.9280707 1.7406095 0.10411239 -1.9335841 1.7342449 0.10274928 -1.9211899 1.7466868 0.10308799 -1.9260912 1.7391503 0.1017413 -1.9258163 1.7390778 0.10057629 -1.9213256 1.7466804 0.10351828 -1.9266052 1.7394608 0.1028162 -1.9260912 1.7391503 0.1017413 -1.9218106 1.7468255 0.10415056 -1.9222944 1.7469705 0.10478432 -1.9266052 1.7394608 0.1028162 -1.9235575 1.7475185 0.10548911 -1.9280707 1.7406095 0.10411239 -1.9272995 1.7399769 0.10363843 -1.9211899 1.7466868 0.10308799 -1.9258163 1.7390778 0.10057629 -1.920819 1.746701 0.10190929 -1.9213256 1.7466804 0.10351828 -1.9260912 1.7391503 0.1017413 -1.9211899 1.7466868 0.10308799 -1.9218106 1.7468255 0.10415056 -1.9266052 1.7394608 0.1028162 -1.9213256 1.7466804 0.10351828 -1.9272995 1.7399769 0.10363843 -1.9226329 1.7471169 0.10497285 -1.9235575 1.7475185 0.10548911 -1.9222944 1.7469705 0.10478432 -1.9226329 1.7471169 0.10497285 -1.9272995 1.7399769 0.10363843 -1.920819 1.746701 0.10190929 -1.9130046 1.7636511 0.10537434 -1.9211899 1.7466868 0.10308799 -1.9206122 1.7463375 0.097403519 -1.9130046 1.7636511 0.10537434 -1.920819 1.746701 0.10190929 -1.9213256 1.7466804 0.10351828 -1.9055221 1.7848878 0.11164483 -1.9218106 1.7468255 0.10415056 -1.9211899 1.7466868 0.10308799 -1.9048872 1.7848068 0.11053299 -1.9213256 1.7466804 0.10351828 -1.9226329 1.7471169 0.10497285 -1.9222944 1.7469705 0.10478432 -1.9064069 1.7851164 0.11247651 -1.9218106 1.7468255 0.10415056 -1.9055221 1.7848878 0.11164483 -1.9222944 1.7469705 0.10478432 -1.9235575 1.7475185 0.10548911 -1.9226329 1.7471169 0.10497285 -1.9116231 1.7743598 0.11089218 -1.96275 1.750044 0.1087042 -1.9465405 1.7604015 0.1084324 -1.9631134 1.7511085 0.10723459 -1.9465405 1.7604015 0.1084324 -1.9567453 1.754825 0.10599169 -1.9631134 1.7511085 0.10723459 -1.9465405 1.7604015 0.1084324 -1.9467089 1.7607487 0.10676335 -1.9567453 1.754825 0.10599169 -1.9467089 1.7607487 0.10676335 -1.9327495 1.7731408 0.098192938 -1.9567608 1.7548739 0.098192997 -1.9351819 1.7702523 0.10804725 -1.9327495 1.7731408 0.098192938 -1.9467089 1.7607487 0.10676335 -1.9327495 1.7731408 0.098192938 -1.9206594 1.788481 0.11067095 -1.9153174 1.7982693 0.098192945 -1.9327495 1.7731408 0.098192938 -1.9252625 1.7813823 0.1096193 -1.9206594 1.788481 0.11067095 -1.93244 1.7733291 0.10848156 -1.9252625 1.7813823 0.1096193 -1.9327495 1.7731408 0.098192938 -1.9327495 1.7731408 0.098192938 -1.932681 1.7730581 0.10844333 -1.93244 1.7733291 0.10848156 -1.9351819 1.7702523 0.10804725 -1.932681 1.7730581 0.10844333 -1.9327495 1.7731408 0.098192938 -1.9351819 1.7702523 0.10804725 -1.9467089 1.7607487 0.10676335 -1.9465405 1.7604015 0.1084324 -1.9321046 1.7728103 0.1101096 -1.9351819 1.7702523 0.10804725 -1.9465405 1.7604015 0.1084324 -1.932681 1.7730581 0.10844333 -1.9351819 1.7702523 0.10804725 -1.9321046 1.7728103 0.1101096 -1.9153174 1.7982693 0.098192945 -1.9168917 1.7942905 0.11153142 -1.9151446 1.7981691 0.11213508 -1.9153174 1.7982693 0.098192945 -1.9206594 1.788481 0.11067095 -1.9168917 1.7942905 0.11153142 -1.9875139 1.7401822 0.10854712 -1.9822648 1.7276313 0.10469421 -1.9797518 1.7412285 0.10867145 -1.9822648 1.7276313 0.10469421 -1.9493047 1.729522 0.10319586 -1.9797518 1.7412285 0.10867145 -1.9797518 1.7412285 0.10867145 -1.9493047 1.729522 0.10319586 -1.9652311 1.7455802 0.10919315 -1.9652311 1.7455802 0.10919315 -1.9493047 1.729522 0.10319586 -1.9616861 1.747282 0.10940345 -1.9493047 1.729522 0.10319586 -1.9515707 1.7521361 0.11000033 -1.9616861 1.747282 0.10940345 -1.9515707 1.7521361 0.11000033 -1.9493047 1.729522 0.10319586 -1.9416851 1.7312429 0.10295009 -1.9515707 1.7521361 0.11000033 -1.9416851 1.7312429 0.10295009 -1.9414006 1.7313073 0.10294189 -1.9515707 1.7521361 0.11000033 -1.9414006 1.7313073 0.10294189 -1.9410839 1.731379 0.10293091 -1.9515707 1.7521361 0.11000033 -1.9410839 1.731379 0.10293091 -1.9341443 1.7350496 0.10323823 -1.9515707 1.7521361 0.11000033 -1.9341443 1.7350496 0.10323823 -1.944499 1.7569945 0.11061909 -1.9341443 1.7350496 0.10323823 -1.9280707 1.7406095 0.10411239 -1.944499 1.7569945 0.11061909 -1.944499 1.7569945 0.11061909 -1.9280707 1.7406095 0.10411239 -1.9417081 1.7589126 0.1108635 -1.9417081 1.7589126 0.1108635 -1.9280707 1.7406095 0.10411239 -1.9389566 1.7608017 0.1111039 -1.9280707 1.7406095 0.10411239 -1.9235575 1.7475185 0.10548911 -1.9389566 1.7608017 0.1111039 -1.9018989 1.783898 0.094533995 -1.9188795 1.7454964 0.089884765 -1.9185193 1.7453212 0.089708559 -1.9018989 1.783898 0.094533995 -1.9193897 1.7456979 0.090538993 -1.9188795 1.7454964 0.089884765 -1.9093175 1.7624582 0.091575652 -1.9185193 1.7453212 0.089708559 -1.9175441 1.7448455 0.089229234 -1.9199057 1.7407168 0.088676028 -1.8894359 1.7446481 0.085708134 -1.889581 1.7456777 0.086182088 -1.9215331 1.739496 0.088366054 -1.8894359 1.7446481 0.085708134 -1.9199057 1.7407168 0.088676028 -1.9216746 1.7393893 0.088338673 -1.8894359 1.7446481 0.085708134 -1.9215331 1.739496 0.088366054 -1.9216746 1.7393893 0.088338673 -1.889379 1.7442442 0.085523792 -1.8894359 1.7446481 0.085708134 -1.8893329 1.7437177 0.084913224 -1.889379 1.7442442 0.085523792 -1.9216746 1.7393893 0.088338673 -1.8892913 1.7430303 0.083849244 -1.9244932 1.7373633 0.086673811 -1.9248013 1.7371172 0.086156122 -1.8892913 1.7430303 0.083849244 -1.924348 1.7374802 0.086919576 -1.9244932 1.7373633 0.086673811 -1.8892831 1.7431707 0.08427947 -1.924348 1.7374802 0.086919576 -1.8892913 1.7430303 0.083849244 -1.8892831 1.7431707 0.08427947 -1.9232074 1.7382865 0.087603845 -1.924348 1.7374802 0.086919576 -1.8893329 1.7437177 0.084913224 -1.9232074 1.7382865 0.087603845 -1.8892831 1.7431707 0.08427947 -1.8893329 1.7437177 0.084913224 -1.9230491 1.7383996 0.087699436 -1.9232074 1.7382865 0.087603845 -1.8893329 1.7437177 0.084913224 -1.9221244 1.7390527 0.088253997 -1.9230491 1.7383996 0.087699436 -1.9216746 1.7393893 0.088338673 -1.9221244 1.7390527 0.088253997 -1.8893329 1.7437177 0.084913224 -1.9248013 1.7371172 0.086156122 -1.8893102 1.7426451 0.082669243 -1.8892913 1.7430303 0.083849244 -1.9248013 1.7371172 0.086156122 -1.9247892 1.7369893 0.085488267 -1.8893102 1.7426451 0.082669243 -1.8873439 1.7459081 0.085734092 -1.8864893 1.7482657 0.085918494 -1.8876319 1.7481868 0.086392395 -1.886586 1.745337 0.084896885 -1.8864893 1.7482657 0.085918494 -1.8873439 1.7459081 0.085734092 -1.886586 1.745337 0.084896885 -1.8860284 1.7482976 0.085727312 -1.8864893 1.7482657 0.085918494 -1.8857509 1.7467639 0.084969223 -1.8860284 1.7482976 0.085727312 -1.886586 1.745337 0.084896885 -1.8857509 1.7467639 0.084969223 -1.8854656 1.7484097 0.085030712 -1.8860284 1.7482976 0.085727312 -1.8878187 1.7442597 0.084898181 -1.889379 1.7442442 0.085523792 -1.8893329 1.7437177 0.084913224 -1.8878187 1.7442597 0.084898181 -1.886586 1.745337 0.084896885 -1.889379 1.7442442 0.085523792 -1.8875 1.7436843 0.083797432 -1.886586 1.745337 0.084896885 -1.8878187 1.7442597 0.084898181 -1.8875 1.7436843 0.083797432 -1.8860444 1.7449688 0.083760493 -1.886586 1.745337 0.084896885 -1.885941 1.7449125 0.082523085 -1.8860444 1.7449688 0.083760493 -1.8875 1.7436843 0.083797432 -1.886586 1.745337 0.084896885 -1.8894359 1.7446481 0.085708134 -1.889379 1.7442442 0.085523792 -1.8873439 1.7459081 0.085734092 -1.8894359 1.7446481 0.085708134 -1.886586 1.745337 0.084896885 -1.8873439 1.7459081 0.085734092 -1.8886307 1.7460999 0.086137004 -1.8894359 1.7446481 0.085708134 -1.8882135 1.746606 0.086175241 -1.8886307 1.7460999 0.086137004 -1.8873439 1.7459081 0.085734092 -1.8850775 1.7466693 0.083772823 -1.8850708 1.7460109 0.082484849 -1.8849059 1.7467535 0.082475282 -1.8860444 1.7449688 0.083760493 -1.8850708 1.7460109 0.082484849 -1.8850775 1.7466693 0.083772823 -1.8860444 1.7449688 0.083760493 -1.885941 1.7449125 0.082523085 -1.8850708 1.7460109 0.082484849 -1.8874879 1.7434874 0.082591414 -1.8892913 1.7430303 0.083849244 -1.8893102 1.7426451 0.082669243 -1.8875 1.7436843 0.083797432 -1.8892913 1.7430303 0.083849244 -1.8874879 1.7434874 0.082591414 -1.8875 1.7436843 0.083797432 -1.8892831 1.7431707 0.08427947 -1.8892913 1.7430303 0.083849244 -1.8878187 1.7442597 0.084898181 -1.8892831 1.7431707 0.08427947 -1.8875 1.7436843 0.083797432 -1.8878187 1.7442597 0.084898181 -1.8893329 1.7437177 0.084913224 -1.8892831 1.7431707 0.08427947 -1.8875 1.7436843 0.083797432 -1.8868294 1.7437904 0.082564093 -1.885941 1.7449125 0.082523085 -1.8875 1.7436843 0.083797432 -1.8874879 1.7434874 0.082591414 -1.8868294 1.7437904 0.082564093 -1.8847613 1.7486049 0.083800144 -1.8849059 1.7467535 0.082475282 -1.8844459 1.7488184 0.082452096 -1.8847613 1.7486049 0.083800144 -1.8850775 1.7466693 0.083772823 -1.8849059 1.7467535 0.082475282 -1.8850775 1.7466693 0.083772823 -1.886586 1.745337 0.084896885 -1.8860444 1.7449688 0.083760493 -1.8850775 1.7466693 0.083772823 -1.8857509 1.7467639 0.084969223 -1.886586 1.745337 0.084896885 -1.8848801 1.7485257 0.084306851 -1.8857509 1.7467639 0.084969223 -1.8850775 1.7466693 0.083772823 -1.8850775 1.7466693 0.083772823 -1.8847613 1.7486049 0.083800144 -1.8848801 1.7485257 0.084306851 -1.8848801 1.7485257 0.084306851 -1.8854656 1.7484097 0.085030712 -1.8857509 1.7467639 0.084969223 -1.8879102 1.7469749 0.086203925 -1.8873439 1.7459081 0.085734092 -1.8876319 1.7481868 0.086392395 -1.8886307 1.7460999 0.086137004 -1.889581 1.7456777 0.086182088 -1.8894359 1.7446481 0.085708134 -1.8879102 1.7469749 0.086203925 -1.8882135 1.746606 0.086175241 -1.8873439 1.7459081 0.085734092 -1.885124 1.8191363 0.09556517 -1.8847613 1.7486049 0.083800144 -1.8850051 1.8191941 0.095054336 -1.8856988 1.8190541 0.096280828 -1.8848801 1.7485257 0.084306851 -1.8847613 1.7486049 0.083800144 -1.8854656 1.7484097 0.085030712 -1.8848801 1.7485257 0.084306851 -1.8856988 1.8190541 0.096280828 -1.8850051 1.8191941 0.095054336 -1.8847613 1.7486049 0.083800144 -1.8844459 1.7488184 0.082452096 -1.8867105 1.8189502 0.097179532 -1.8860284 1.7482976 0.085727312 -1.8854656 1.7484097 0.085030712 -1.8867105 1.8189502 0.097179532 -1.8864893 1.7482657 0.085918494 -1.8860284 1.7482976 0.085727312 -1.8878033 1.7969311 0.094376914 -1.8876319 1.7481868 0.086392395 -1.8864893 1.7482657 0.085918494 -1.8845749 1.7840208 0.088532642 -1.8850051 1.8191941 0.095054336 -1.8844459 1.7488184 0.082452096 -1.8882135 1.746606 0.086175241 -1.889581 1.7456777 0.086182088 -1.8886307 1.7460999 0.086137004 -1.8882135 1.746606 0.086175241 -1.9093175 1.7624582 0.091575652 -1.889581 1.7456777 0.086182088 -1.8876319 1.7481868 0.086392395 -1.9093175 1.7624582 0.091575652 -1.8882135 1.746606 0.086175241 -1.8876319 1.7481868 0.086392395 -1.9010416 1.7836041 0.094105117 -1.9093175 1.7624582 0.091575652 -1.8878033 1.7969311 0.094376914 -1.9010416 1.7836041 0.094105117 -1.8876319 1.7481868 0.086392395 -1.889581 1.7456777 0.086182088 -1.9186667 1.7427461 0.088942334 -1.9199057 1.7407168 0.088676028 -1.889581 1.7456777 0.086182088 -1.9175441 1.7448455 0.089229234 -1.9186667 1.7427461 0.088942334 -1.9093175 1.7624582 0.091575652 -1.9175441 1.7448455 0.089229234 -1.889581 1.7456777 0.086182088 -1.8882135 1.746606 0.086175241 -1.8879102 1.7469749 0.086203925 -1.8876319 1.7481868 0.086392395 -1.9200357 1.7459192 0.091650769 -1.9035137 1.7843529 0.0965335 -1.9082346 1.7729498 0.096443392 -1.9028438 1.7841955 0.095369793 -1.9035137 1.7843529 0.0965335 -1.9200357 1.7459192 0.091650769 -1.9028438 1.7841955 0.095369793 -1.9193897 1.7456979 0.090538993 -1.9018989 1.783898 0.094533995 -1.9028438 1.7841955 0.095369793 -1.9198989 1.7458992 0.091191858 -1.9193897 1.7456979 0.090538993 -1.9200357 1.7459192 0.091650769 -1.9198989 1.7458992 0.091191858 -1.9028438 1.7841955 0.095369793 -1.9093175 1.7624582 0.091575652 -1.9018989 1.783898 0.094533995 -1.9185193 1.7453212 0.089708559 -1.9010416 1.7836041 0.094105117 -1.9018989 1.783898 0.094533995 -1.9093175 1.7624582 0.091575652 -1.9018989 1.783898 0.094533995 -1.8984462 1.7902341 0.094898611 -1.896397 1.7969539 0.095603406 -1.9010416 1.7836041 0.094105117 -1.8984462 1.7902341 0.094898611 -1.9018989 1.783898 0.094533995 -1.8856988 1.8190541 0.096280828 -1.8847613 1.7486049 0.083800144 -1.885124 1.8191363 0.09556517 -1.8878758 1.8188913 0.097665757 -1.8864893 1.7482657 0.085918494 -1.8867105 1.8189502 0.097179532 -1.8878758 1.8188913 0.097665757 -1.8878033 1.7969311 0.094376914 -1.8864893 1.7482657 0.085918494 -1.8854656 1.7484097 0.085030712 -1.8862724 1.818972 0.096995182 -1.8867105 1.8189502 0.097179532 -1.8854656 1.7484097 0.085030712 -1.8856988 1.8190541 0.096280828 -1.8862724 1.818972 0.096995182 -1.8878033 1.7969311 0.094376914 -1.8984462 1.7902341 0.094898611 -1.9010416 1.7836041 0.094105117 -1.896397 1.7969539 0.095603406 -1.8984462 1.7902341 0.094898611 -1.8878033 1.7969311 0.094376914 -1.896397 1.7969539 0.095603406 -1.8878033 1.7969311 0.094376914 -1.8878402 1.8072371 0.096066393 -1.8788002 1.8289168 0.095643006 -1.8818042 1.8263489 0.094476581 -1.879437 1.8283317 0.094376914 -1.8788002 1.8289168 0.095643006 -1.8820733 1.8266472 0.09585467 -1.8818042 1.8263489 0.094476581 -1.8787553 1.828498 0.094267637 -1.8749471 1.829736 0.095017456 -1.8788002 1.8289168 0.095643006 -1.8820733 1.8266472 0.09585467 -1.8825321 1.8257385 0.094506674 -1.8818042 1.8263489 0.094476581 -1.8820733 1.8266472 0.09585467 -1.8837501 1.8230859 0.094236299 -1.8825321 1.8257385 0.094506674 -1.8842291 1.8232147 0.095655277 -1.8837501 1.8230859 0.094236299 -1.8820733 1.8266472 0.09585467 -1.8842291 1.8232147 0.095655277 -1.8839093 1.8227371 0.094200715 -1.8837501 1.8230859 0.094236299 -1.8844758 1.8215023 0.094075084 -1.8839093 1.8227371 0.094200715 -1.8842291 1.8232147 0.095655277 -1.8844758 1.8215023 0.094075084 -1.8850051 1.8191941 0.095054336 -1.8846897 1.8193474 0.093696721 -1.8842291 1.8232147 0.095655277 -1.8850051 1.8191941 0.095054336 -1.8844758 1.8215023 0.094075084 -1.8749471 1.829736 0.095017456 -1.878387 1.8285886 0.094207563 -1.8751016 1.8293896 0.093678966 -1.8787553 1.828498 0.094267637 -1.878387 1.8285886 0.094207563 -1.8749471 1.829736 0.095017456 -1.879437 1.8283317 0.094376914 -1.8787553 1.828498 0.094267637 -1.8788002 1.8289168 0.095643006 -1.885124 1.8191363 0.09556517 -1.8850051 1.8191941 0.095054336 -1.8842291 1.8232147 0.095655277 -1.8845749 1.7840208 0.088532642 -1.8846897 1.8193474 0.093696721 -1.8850051 1.8191941 0.095054336 -1.8789846 1.8296014 0.096880473 -1.8749471 1.829736 0.095017456 -1.8748884 1.8298664 0.095520034 -1.8364021 1.8645784 0.093098499 -1.8318486 1.8361884 0.089074872 -1.8317239 1.8362688 0.088640511 -1.8364021 1.8645784 0.093098499 -1.8323658 1.8360074 0.089699008 -1.8318486 1.8361884 0.089074872 -1.8374485 1.8642776 0.09434966 -1.8328841 1.8358262 0.090323202 -1.8323658 1.8360074 0.089699008 -1.8317239 1.8362688 0.088640511 -1.8362714 1.8646463 0.092655994 -1.8364021 1.8645784 0.093098499 -1.8317239 1.8362688 0.088640511 -1.8337523 1.8506328 0.089536503 -1.8362714 1.8646463 0.092655994 -1.8313773 1.8364937 0.087430425 -1.8337523 1.8506328 0.089536503 -1.8317239 1.8362688 0.088640511 -1.8373082 1.8537873 0.093605265 -1.8342916 1.8354735 0.090944678 -1.8332621 1.8357304 0.090489782 -1.8337523 1.8506328 0.089536503 -1.8359187 1.864831 0.091451392 -1.8362714 1.8646463 0.092655994 -1.8328841 1.8358262 0.090323202 -1.8324658 1.8339289 0.089623891 -1.8323658 1.8360074 0.089699008 -1.8328841 1.8358262 0.090323202 -1.8334024 1.8320855 0.089576095 -1.8324658 1.8339289 0.089623891 -1.8332621 1.8357304 0.090489782 -1.8334024 1.8320855 0.089576095 -1.8328841 1.8358262 0.090323202 -1.8332621 1.8357304 0.090489782 -1.8340764 1.8327271 0.090381972 -1.8334024 1.8320855 0.089576095 -1.8332621 1.8357304 0.090489782 -1.8343098 1.8344903 0.090828553 -1.8340764 1.8327271 0.090381972 -1.8342916 1.8354735 0.090944678 -1.8343098 1.8344903 0.090828553 -1.8332621 1.8357304 0.090489782 -1.8367659 1.8313534 0.090588145 -1.8356284 1.8328019 0.090880416 -1.8366891 1.8325639 0.091058038 -1.8367659 1.8313534 0.090588145 -1.8348285 1.8334261 0.090801232 -1.8356284 1.8328019 0.090880416 -1.8367943 1.8308994 0.09041059 -1.8348285 1.8334261 0.090801232 -1.8367659 1.8313534 0.090588145 -1.8367943 1.8308994 0.09041059 -1.8352792 1.8317463 0.090478927 -1.8348285 1.8334261 0.090801232 -1.8368993 1.8303097 0.089727685 -1.8352792 1.8317463 0.090478927 -1.8367943 1.8308994 0.09041059 -1.8368993 1.8303097 0.089727685 -1.8349662 1.8307859 0.089641653 -1.8352792 1.8317463 0.090478927 -1.8368993 1.8303097 0.089727685 -1.8348035 1.8301011 0.088486202 -1.8349662 1.8307859 0.089641653 -1.8370091 1.8296963 0.089017518 -1.8348035 1.8301011 0.088486202 -1.8368993 1.8303097 0.089727685 -1.8318247 1.8338116 0.088546276 -1.832708 1.831429 0.08728154 -1.8315114 1.8337945 0.087355301 -1.8329387 1.8316232 0.08848343 -1.832708 1.831429 0.08728154 -1.8318247 1.8338116 0.088546276 -1.8370857 1.8295659 0.088517599 -1.8348035 1.8301011 0.088486202 -1.8370091 1.8296963 0.089017518 -1.8370857 1.8295659 0.088517599 -1.834784 1.8298943 0.087853864 -1.8348035 1.8301011 0.088486202 -1.8371888 1.8293889 0.087837465 -1.834784 1.8298943 0.087853864 -1.8370857 1.8295659 0.088517599 -1.8371888 1.8293889 0.087837465 -1.8348812 1.8297713 0.087220058 -1.834784 1.8298943 0.087853864 -1.8372871 1.8292195 0.087187305 -1.8348812 1.8297713 0.087220058 -1.8371888 1.8293889 0.087837465 -1.8352792 1.8317463 0.090478927 -1.8340764 1.8327271 0.090381972 -1.8348285 1.8334261 0.090801232 -1.8349662 1.8307859 0.089641653 -1.8340764 1.8327271 0.090381972 -1.8352792 1.8317463 0.090478927 -1.8349662 1.8307859 0.089641653 -1.8334024 1.8320855 0.089576095 -1.8340764 1.8327271 0.090381972 -1.8348035 1.8301011 0.088486202 -1.8334024 1.8320855 0.089576095 -1.8349662 1.8307859 0.089641653 -1.8348035 1.8301011 0.088486202 -1.8329387 1.8316232 0.08848343 -1.8334024 1.8320855 0.089576095 -1.832708 1.831429 0.08728154 -1.8329387 1.8316232 0.08848343 -1.8348035 1.8301011 0.088486202 -1.834784 1.8298943 0.087853864 -1.832708 1.831429 0.08728154 -1.8348035 1.8301011 0.088486202 -1.834784 1.8298943 0.087853864 -1.8347648 1.8297977 0.087221414 -1.832708 1.831429 0.08728154 -1.8348812 1.8297713 0.087220058 -1.8347648 1.8297977 0.087221414 -1.834784 1.8298943 0.087853864 -1.8317239 1.8362688 0.088640511 -1.8314995 1.8339349 0.087359376 -1.8313773 1.8364937 0.087430425 -1.8317239 1.8362688 0.088640511 -1.8318247 1.8338116 0.088546276 -1.8314995 1.8339349 0.087359376 -1.8315114 1.8337945 0.087355301 -1.8314995 1.8339349 0.087359376 -1.8318247 1.8338116 0.088546276 -1.8318247 1.8338116 0.088546276 -1.8334024 1.8320855 0.089576095 -1.8329387 1.8316232 0.08848343 -1.8318247 1.8338116 0.088546276 -1.8324658 1.8339289 0.089623891 -1.8334024 1.8320855 0.089576095 -1.8318486 1.8361884 0.089074872 -1.8324658 1.8339289 0.089623891 -1.8318247 1.8338116 0.088546276 -1.8318247 1.8338116 0.088546276 -1.8317239 1.8362688 0.088640511 -1.8318486 1.8361884 0.089074872 -1.8318486 1.8361884 0.089074872 -1.8323658 1.8360074 0.089699008 -1.8324658 1.8339289 0.089623891 -1.8343098 1.8344903 0.090828553 -1.8348285 1.8334261 0.090801232 -1.8340764 1.8327271 0.090381972 -1.8370091 1.8296963 0.089017518 -1.8749471 1.829736 0.095017456 -1.8370857 1.8295659 0.088517599 -1.8368993 1.8303097 0.089727685 -1.8748884 1.8298664 0.095520034 -1.8370091 1.8296963 0.089017518 -1.8561667 1.8293121 0.090646863 -1.8370857 1.8295659 0.088517599 -1.8751016 1.8293896 0.093678966 -1.8561667 1.8293121 0.090646863 -1.8371888 1.8293889 0.087837465 -1.8370857 1.8295659 0.088517599 -1.8372871 1.8292195 0.087187305 -1.8371888 1.8293889 0.087837465 -1.8561667 1.8293121 0.090646863 -1.8342916 1.8354735 0.090944678 -1.8348285 1.8334261 0.090801232 -1.8343098 1.8344903 0.090828553 -1.8356284 1.8328019 0.090880416 -1.8348285 1.8334261 0.090801232 -1.8366891 1.8325639 0.091058038 -1.8369253 1.8644273 0.09372405 -1.8323658 1.8360074 0.089699008 -1.8364021 1.8645784 0.093098499 -1.8374485 1.8642776 0.09434966 -1.8323658 1.8360074 0.089699008 -1.8369253 1.8644273 0.09372405 -1.8378288 1.8641995 0.094518952 -1.8328841 1.8358262 0.090323202 -1.8374485 1.8642776 0.09434966 -1.8378288 1.8641995 0.094518952 -1.8332621 1.8357304 0.090489782 -1.8328841 1.8358262 0.090323202 -1.8373082 1.8537873 0.093605265 -1.8332621 1.8357304 0.090489782 -1.8378288 1.8641995 0.094518952 -1.8366836 1.8497005 0.093056187 -1.8342916 1.8354735 0.090944678 -1.8373082 1.8537873 0.093605265 -1.8378288 1.8641995 0.094518952 -1.8388655 1.8639865 0.094976507 -1.8373082 1.8537873 0.093605265 -1.8370857 1.8295659 0.088517599 -1.8749471 1.829736 0.095017456 -1.8751016 1.8293896 0.093678966 -1.8370091 1.8296963 0.089017518 -1.8748884 1.8298664 0.095520034 -1.8749471 1.829736 0.095017456 -1.8368993 1.8303097 0.089727685 -1.8748063 1.8304672 0.096220702 -1.8748884 1.8298664 0.095520034 -1.8367943 1.8308994 0.09041059 -1.8748063 1.8304672 0.096220702 -1.8368993 1.8303097 0.089727685 -1.8367943 1.8308994 0.09041059 -1.874724 1.8310695 0.096921429 -1.8748063 1.8304672 0.096220702 -1.8367659 1.8313534 0.090588145 -1.874724 1.8310695 0.096921429 -1.8367943 1.8308994 0.09041059 -1.8367659 1.8313534 0.090588145 -1.8747016 1.8315235 0.09710034 -1.874724 1.8310695 0.096921429 -1.8747016 1.8315235 0.09710034 -1.8366891 1.8325639 0.091058038 -1.8556384 1.8326552 0.094529867 -1.8367659 1.8313534 0.090588145 -1.8366891 1.8325639 0.091058038 -1.8747016 1.8315235 0.09710034 -1.8342916 1.8354735 0.090944678 -1.8556384 1.8326552 0.094529867 -1.8348285 1.8334261 0.090801232 -1.8366836 1.8497005 0.093056187 -1.8556384 1.8326552 0.094529867 -1.8342916 1.8354735 0.090944678 -1.8366836 1.8497005 0.093056187 -1.8746442 1.8327339 0.097574241 -1.8556384 1.8326552 0.094529867 -1.8366891 1.8325639 0.091058038 -1.8348285 1.8334261 0.090801232 -1.8556384 1.8326552 0.094529867 -1.8366836 1.8497005 0.093056187 -1.8373082 1.8537873 0.093605265 -1.8774852 1.854315 0.10045882 -1.9028438 1.7841955 0.095369793 -1.8912214 1.82426 0.10077575 -1.9035137 1.7843529 0.0965335 -1.9035137 1.7843529 0.0965335 -1.9040803 1.7844627 0.097770914 -1.9082346 1.7729498 0.096443392 -1.9035137 1.7843529 0.0965335 -1.9005805 1.7941653 0.098890834 -1.9040803 1.7844627 0.097770914 -1.8981078 1.801017 0.099681668 -1.9005805 1.7941653 0.098890834 -1.9035137 1.7843529 0.0965335 -1.8897253 1.8188256 0.097900733 -1.9018989 1.783898 0.094533995 -1.896397 1.7969539 0.095603406 -1.8895601 1.8239681 0.098769337 -1.9028438 1.7841955 0.095369793 -1.9018989 1.783898 0.094533995 -1.9211899 1.7466868 0.10308799 -1.9130046 1.7636511 0.10537434 -1.9048872 1.7848068 0.11053299 -1.9082346 1.7729498 0.096443392 -1.9130046 1.7636511 0.10537434 -1.9206122 1.7463375 0.097403519 -1.9082346 1.7729498 0.096443392 -1.9047481 1.7849512 0.10928196 -1.9130046 1.7636511 0.10537434 -1.9040803 1.7844627 0.097770914 -1.9047481 1.7849512 0.10928196 -1.9082346 1.7729498 0.096443392 -1.9040803 1.7844627 0.097770914 -1.9024651 1.7908422 0.11036228 -1.9047481 1.7849512 0.10928196 -1.9005805 1.7941653 0.098890834 -1.9024651 1.7908422 0.11036228 -1.9040803 1.7844627 0.097770914 -1.9005805 1.7941653 0.098890834 -1.901373 1.7944566 0.11094275 -1.9024651 1.7908422 0.11036228 -1.8981078 1.801017 0.099681668 -1.901373 1.7944566 0.11094275 -1.9005805 1.7941653 0.098890834 -1.9213256 1.7466804 0.10351828 -1.9048872 1.7848068 0.11053299 -1.9055221 1.7848878 0.11164483 -1.9130046 1.7636511 0.10537434 -1.9047481 1.7849512 0.10928196 -1.9048872 1.7848068 0.11053299 -1.9118381 1.8055122 0.11327961 -1.9153174 1.7982693 0.098192945 -1.9151446 1.7981691 0.11213508 -1.8905373 1.8241665 0.099606551 -1.8912214 1.82426 0.10077575 -1.9028438 1.7841955 0.095369793 -1.8905373 1.8241665 0.099606551 -1.8826209 1.8651102 0.10320136 -1.8912214 1.82426 0.10077575 -1.8895601 1.8239681 0.098769337 -1.8826209 1.8651102 0.10320136 -1.8905373 1.8241665 0.099606551 -1.8895601 1.8239681 0.098769337 -1.8816222 1.8650159 0.10236415 -1.8826209 1.8651102 0.10320136 -1.8823041 1.8543717 0.10109115 -1.8816222 1.8650159 0.10236415 -1.8895601 1.8239681 0.098769337 -1.8912214 1.82426 0.10077575 -1.890196 1.8297268 0.10258543 -1.8916932 1.8242958 0.10203635 -1.8912214 1.82426 0.10077575 -1.8854842 1.8539006 0.10472289 -1.890196 1.8297268 0.10258543 -1.8833147 1.8651382 0.10437599 -1.8854842 1.8539006 0.10472289 -1.8912214 1.82426 0.10077575 -1.8833147 1.8651382 0.10437599 -1.8845814 1.8585297 0.10513265 -1.8854842 1.8539006 0.10472289 -1.8895601 1.8239681 0.098769337 -1.8832481 1.8478438 0.1005681 -1.8823041 1.8543717 0.10109115 -1.8895601 1.8239681 0.098769337 -1.8886273 1.823747 0.098352738 -1.8832481 1.8478438 0.1005681 -1.8897253 1.8188256 0.097900733 -1.8886273 1.823747 0.098352738 -1.8895601 1.8239681 0.098769337 -1.8823041 1.8543717 0.10109115 -1.8807784 1.8649225 0.10193527 -1.8816222 1.8650159 0.10236415 -1.8895601 1.8239681 0.098769337 -1.9018989 1.783898 0.094533995 -1.8897253 1.8188256 0.097900733 -1.8905373 1.8241665 0.099606551 -1.9028438 1.7841955 0.095369793 -1.8895601 1.8239681 0.098769337 -1.9035137 1.7843529 0.0965335 -1.8916932 1.8242958 0.10203635 -1.8981078 1.801017 0.099681668 -1.8912214 1.82426 0.10077575 -1.8916932 1.8242958 0.10203635 -1.9035137 1.7843529 0.0965335 -1.8826209 1.8651102 0.10320136 -1.8833147 1.8651382 0.10437599 -1.8912214 1.82426 0.10077575 -1.8825395 1.8271384 0.097088009 -1.8820733 1.8266472 0.09585467 -1.8788002 1.8289168 0.095643006 -1.8825395 1.8271384 0.097088009 -1.8842291 1.8232147 0.095655277 -1.8820733 1.8266472 0.09585467 -1.8848786 1.8234122 0.096906379 -1.8842291 1.8232147 0.095655277 -1.8825395 1.8271384 0.097088009 -1.8848786 1.8234122 0.096906379 -1.885124 1.8191363 0.09556517 -1.8842291 1.8232147 0.095655277 -1.8856988 1.8190541 0.096280828 -1.885124 1.8191363 0.09556517 -1.8848786 1.8234122 0.096906379 -1.8789846 1.8296014 0.096880473 -1.8748884 1.8298664 0.095520034 -1.8748063 1.8304672 0.096220702 -1.8788002 1.8289168 0.095643006 -1.8749471 1.829736 0.095017456 -1.8789846 1.8296014 0.096880473 -1.8848786 1.8234122 0.096906379 -1.8862724 1.818972 0.096995182 -1.8856988 1.8190541 0.096280828 -1.8858392 1.8237636 0.097806439 -1.8862724 1.818972 0.096995182 -1.8848786 1.8234122 0.096906379 -1.8858392 1.8237636 0.097806439 -1.8867105 1.8189502 0.097179532 -1.8862724 1.818972 0.096995182 -1.8747016 1.8315235 0.09710034 -1.8793192 1.8306032 0.097769558 -1.874724 1.8310695 0.096921429 -1.8747016 1.8315235 0.09710034 -1.877463 1.8323298 0.097936198 -1.8793192 1.8306032 0.097769558 -1.877097 1.8325032 0.097906165 -1.877463 1.8323298 0.097936198 -1.8747016 1.8315235 0.09710034 -1.8793192 1.8306032 0.097769558 -1.8748063 1.8304672 0.096220702 -1.874724 1.8310695 0.096921429 -1.8793192 1.8306032 0.097769558 -1.8789846 1.8296014 0.096880473 -1.8748063 1.8304672 0.096220702 -1.8825395 1.8271384 0.097088009 -1.8789846 1.8296014 0.096880473 -1.8793192 1.8306032 0.097769558 -1.8825395 1.8271384 0.097088009 -1.8858392 1.8237636 0.097806439 -1.8848786 1.8234122 0.096906379 -1.8825395 1.8271384 0.097088009 -1.8832436 1.8278763 0.097982638 -1.8858392 1.8237636 0.097806439 -1.8793192 1.8306032 0.097769558 -1.8832436 1.8278763 0.097982638 -1.8825395 1.8271384 0.097088009 -1.8793192 1.8306032 0.097769558 -1.8828794 1.8297617 0.098386906 -1.8832436 1.8278763 0.097982638 -1.8795683 1.8313317 0.098111041 -1.8828794 1.8297617 0.098386906 -1.8793192 1.8306032 0.097769558 -1.8747016 1.8315235 0.09710034 -1.8746442 1.8327339 0.097574241 -1.877097 1.8325032 0.097906165 -1.8858392 1.8237636 0.097806439 -1.8868034 1.8241677 0.098210767 -1.8878758 1.8188913 0.097665757 -1.8858392 1.8237636 0.097806439 -1.8867126 1.8246169 0.098257206 -1.8868034 1.8241677 0.098210767 -1.8832436 1.8278763 0.097982638 -1.8867126 1.8246169 0.098257206 -1.8858392 1.8237636 0.097806439 -1.8832436 1.8278763 0.097982638 -1.8838071 1.8285154 0.098355509 -1.8867126 1.8246169 0.098257206 -1.8828794 1.8297617 0.098386906 -1.8838071 1.8285154 0.098355509 -1.8832436 1.8278763 0.097982638 -1.8878758 1.8188913 0.097665757 -1.8867105 1.8189502 0.097179532 -1.8858392 1.8237636 0.097806439 -1.877463 1.8323298 0.097936198 -1.8795683 1.8313317 0.098111041 -1.8793192 1.8306032 0.097769558 -1.8788002 1.8289168 0.095643006 -1.8789846 1.8296014 0.096880473 -1.8825395 1.8271384 0.097088009 -1.8878402 1.8072371 0.096066393 -1.8878033 1.7969311 0.094376914 -1.8878758 1.8188913 0.097665757 -1.9061691 1.8277968 0.098192945 -1.9058329 1.8277358 0.11694275 -1.9050156 1.8433166 0.098193005 -1.9105687 1.8083305 0.1137181 -1.9061691 1.8277968 0.098192945 -1.9153174 1.7982693 0.098192945 -1.8916932 1.8242958 0.10203635 -1.8938366 1.8193997 0.11494731 -1.8981078 1.801017 0.099681668 -1.8774852 1.854315 0.10045882 -1.877097 1.8325032 0.097906165 -1.8746442 1.8327339 0.097574241 -1.8774852 1.854315 0.10045882 -1.877463 1.8323298 0.097936198 -1.877097 1.8325032 0.097906165 -1.8832481 1.8478438 0.1005681 -1.877463 1.8323298 0.097936198 -1.8774852 1.854315 0.10045882 -1.8832481 1.8478438 0.1005681 -1.8795683 1.8313317 0.098111041 -1.877463 1.8323298 0.097936198 -1.8828794 1.8297617 0.098386906 -1.8795683 1.8313317 0.098111041 -1.8832481 1.8478438 0.1005681 -1.8774852 1.854315 0.10045882 -1.8823041 1.8543717 0.10109115 -1.8832481 1.8478438 0.1005681 -1.8807784 1.8649225 0.10193527 -1.8823041 1.8543717 0.10109115 -1.8774852 1.854315 0.10045882 -1.8867126 1.8246169 0.098257206 -1.8886273 1.823747 0.098352738 -1.8868034 1.8241677 0.098210767 -1.8838071 1.8285154 0.098355509 -1.8886273 1.823747 0.098352738 -1.8867126 1.8246169 0.098257206 -1.8838071 1.8285154 0.098355509 -1.8832481 1.8478438 0.1005681 -1.8886273 1.823747 0.098352738 -1.8828794 1.8297617 0.098386906 -1.8832481 1.8478438 0.1005681 -1.8838071 1.8285154 0.098355509 -1.8897253 1.8188256 0.097900733 -1.8868034 1.8241677 0.098210767 -1.8886273 1.823747 0.098352738 -1.8897253 1.8188256 0.097900733 -1.8878758 1.8188913 0.097665757 -1.8868034 1.8241677 0.098210767 -1.8878402 1.8072371 0.096066393 -1.8878758 1.8188913 0.097665757 -1.8897253 1.8188256 0.097900733 -1.896397 1.7969539 0.095603406 -1.8878402 1.8072371 0.096066393 -1.8897253 1.8188256 0.097900733 -1.9105687 1.8083305 0.1137181 -1.9153174 1.7982693 0.098192945 -1.9118381 1.8055122 0.11327961 -1.8981078 1.801017 0.099681668 -1.8938366 1.8193997 0.11494731 -1.901373 1.7944566 0.11094275 -1.890196 1.8297268 0.10258543 -1.8926884 1.8246095 0.11567666 -1.8916932 1.8242958 0.10203635 -1.8854842 1.8539006 0.10472289 -1.8874888 1.8482069 0.11898457 -1.890196 1.8297268 0.10258543 -1.8747016 1.8315235 0.09710034 -1.8556384 1.8326552 0.094529867 -1.8746442 1.8327339 0.097574241 -1.8774852 1.854315 0.10045882 -1.8746442 1.8327339 0.097574241 -1.8366836 1.8497005 0.093056187 -1.8388655 1.8639865 0.094976507 -1.8774852 1.854315 0.10045882 -1.8373082 1.8537873 0.093605265 -1.8405163 1.8692175 0.095798731 -1.8774852 1.854315 0.10045882 -1.8388655 1.8639865 0.094976507 -1.8372165 1.8699833 0.092108272 -1.8362714 1.8646463 0.092655994 -1.8359187 1.864831 0.091451392 -1.8377359 1.8709335 0.092265353 -1.8362714 1.8646463 0.092655994 -1.8372165 1.8699833 0.092108272 -1.8452653 1.8844026 0.082320996 -1.8414938 1.8805472 0.076438427 -1.8482542 1.9372505 0.086404748 -1.8548838 1.9367157 0.092057772 -1.8525369 1.8922167 0.088808514 -1.8519638 1.8916014 0.08847937 -1.8548838 1.9367157 0.092057772 -1.855387 1.8952804 0.090448901 -1.8525369 1.8922167 0.088808514 -1.8571808 1.8971864 0.091094866 -1.855387 1.8952804 0.090448901 -1.8548838 1.9367157 0.092057772 -1.8605703 1.9007863 0.092317291 -1.8571808 1.8971864 0.091094866 -1.8548838 1.9367157 0.092057772 -1.8548838 1.9367157 0.092057772 -1.8461652 1.8853587 0.08338356 -1.8482542 1.9372505 0.086404748 -1.8519638 1.8916014 0.08847937 -1.8461652 1.8853587 0.08338356 -1.8548838 1.9367157 0.092057772 -1.8461652 1.8853587 0.08338356 -1.8452653 1.8844026 0.082320996 -1.8482542 1.9372505 0.086404748 -1.8577647 1.8966252 0.097792812 -1.8525369 1.8922167 0.088808514 -1.855387 1.8952804 0.090448901 -1.8433908 1.8798705 0.093963094 -1.8519638 1.8916014 0.08847937 -1.8525369 1.8922167 0.088808514 -1.8461652 1.8853587 0.08338356 -1.8519638 1.8916014 0.08847937 -1.8433908 1.8798705 0.093963094 -1.8433908 1.8798705 0.093963094 -1.8452653 1.8844026 0.082320996 -1.8461652 1.8853587 0.08338356 -1.8407973 1.8765305 0.093191378 -1.8452653 1.8844026 0.082320996 -1.8433908 1.8798705 0.093963094 -1.8407973 1.8765305 0.093191378 -1.8414938 1.8805472 0.076438427 -1.8452653 1.8844026 0.082320996 -1.8405317 1.8797266 0.073878929 -1.8414938 1.8805472 0.076438427 -1.8407973 1.8765305 0.093191378 -1.8407973 1.8765305 0.093191378 -1.8433908 1.8798705 0.093963094 -1.8410021 1.8761102 0.094445191 -1.8374485 1.8642776 0.09434966 -1.8393419 1.8697944 0.095419012 -1.8378288 1.8641995 0.094518952 -1.8374485 1.8642776 0.09434966 -1.8384638 1.8703157 0.094632305 -1.8393419 1.8697944 0.095419012 -1.8369253 1.8644273 0.09372405 -1.8384638 1.8703157 0.094632305 -1.8374485 1.8642776 0.09434966 -1.8377359 1.8709335 0.092265353 -1.8378713 1.8707553 0.093512326 -1.8362714 1.8646463 0.092655994 -1.8377359 1.8709335 0.092265353 -1.8410021 1.8761102 0.094445191 -1.8378713 1.8707553 0.093512326 -1.8407973 1.8765305 0.093191378 -1.8410021 1.8761102 0.094445191 -1.8377359 1.8709335 0.092265353 -1.8410788 1.8759533 0.094912305 -1.8378713 1.8707553 0.093512326 -1.8410021 1.8761102 0.094445191 -1.8384638 1.8703157 0.094632305 -1.8378713 1.8707553 0.093512326 -1.8410788 1.8759533 0.094912305 -1.8384638 1.8703157 0.094632305 -1.8364021 1.8645784 0.093098499 -1.8378713 1.8707553 0.093512326 -1.8369253 1.8644273 0.09372405 -1.8364021 1.8645784 0.093098499 -1.8384638 1.8703157 0.094632305 -1.8364021 1.8645784 0.093098499 -1.8362714 1.8646463 0.092655994 -1.8378713 1.8707553 0.093512326 -1.8605703 1.9007863 0.092317291 -1.8548838 1.9367157 0.092057772 -1.8622047 1.9362946 0.094531238 -1.8577647 1.8966252 0.097792812 -1.855387 1.8952804 0.090448901 -1.8571808 1.8971864 0.091094866 -1.8433908 1.8798705 0.093963094 -1.8525369 1.8922167 0.088808514 -1.8577647 1.8966252 0.097792812 -1.8653052 1.905658 0.093435913 -1.859381 1.8985085 0.098223045 -1.8605703 1.9007863 0.092317291 -1.8587068 1.8977228 0.098042712 -1.8571808 1.8971864 0.091094866 -1.8605703 1.9007863 0.092317291 -1.8622047 1.9362946 0.094531238 -1.8759807 1.9158629 0.095744096 -1.8653052 1.905658 0.093435913 -1.8653052 1.905658 0.093435913 -1.8605703 1.9007863 0.092317291 -1.8622047 1.9362946 0.094531238 -1.8495249 2.0001514 0.088084668 -1.856167 2.0001447 0.093745895 -1.8548838 1.9367157 0.092057772 -1.8495249 2.0001514 0.088084668 -1.8437203 1.9377968 0.078522675 -1.8449773 2.0001559 0.080194458 -1.8482542 1.9372505 0.086404748 -1.8437203 1.9377968 0.078522675 -1.8495249 2.0001514 0.088084668 -1.8548838 1.9367157 0.092057772 -1.8482542 1.9372505 0.086404748 -1.8495249 2.0001514 0.088084668 -1.8548838 1.9367157 0.092057772 -1.8636373 1.9990184 0.096424237 -1.8628293 1.9498898 0.095375359 -1.8548838 1.9367157 0.092057772 -1.856167 2.0001447 0.093745895 -1.8636373 1.9990184 0.096424237 -1.8622047 1.9362946 0.094531238 -1.8548838 1.9367157 0.092057772 -1.8628293 1.9498898 0.095375359 -1.8759807 1.9158629 0.095744096 -1.8753612 1.9501655 0.097097643 -1.8770703 1.916805 0.09623576 -1.8789139 1.918075 0.10229995 -1.8783995 1.9184656 0.097988077 -1.8785425 1.9188066 0.098393761 -1.8789139 1.918075 0.10229995 -1.878083 1.9177196 0.097096279 -1.8783995 1.9184656 0.097988077 -1.877998 1.9167565 0.10227263 -1.878083 1.9177196 0.097096279 -1.8789139 1.918075 0.10229995 -1.8775436 1.9172022 0.096523955 -1.878083 1.9177196 0.097096279 -1.877998 1.9167565 0.10227263 -1.8789139 1.918075 0.10229995 -1.8789974 1.919881 0.099674895 -1.8792144 1.9196701 0.10241608 -1.8789139 1.918075 0.10229995 -1.8785425 1.9188066 0.098393761 -1.8789974 1.919881 0.099674895 -1.879173 1.9156102 0.10593848 -1.8795516 1.9160776 0.10673881 -1.879136 1.9133538 0.10656261 -1.879173 1.9156102 0.10593848 -1.8790992 1.9173625 0.1044661 -1.8795516 1.9160776 0.10673881 -1.8786641 1.9167533 0.10406867 -1.8790992 1.9173625 0.1044661 -1.879173 1.9156102 0.10593848 -1.8786641 1.9167533 0.10406867 -1.8789139 1.918075 0.10229995 -1.8790992 1.9173625 0.1044661 -1.8780984 1.9163337 0.10358109 -1.8789139 1.918075 0.10229995 -1.8786641 1.9167533 0.10406867 -1.8773941 1.9129982 0.10498921 -1.878358 1.9131564 0.1057431 -1.8779706 1.9109758 0.10568439 -1.8773941 1.9129982 0.10498921 -1.8785965 1.9151944 0.10526649 -1.878358 1.9131564 0.1057431 -1.8778857 1.9148664 0.1047789 -1.8785965 1.9151944 0.10526649 -1.8773941 1.9129982 0.10498921 -1.8780724 1.9167012 0.10280938 -1.8789139 1.918075 0.10229995 -1.8780984 1.9163337 0.10358109 -1.877998 1.9167565 0.10227263 -1.8789139 1.918075 0.10229995 -1.8780724 1.9167012 0.10280938 -1.8786641 1.9167533 0.10406867 -1.8781043 1.9162471 0.10376407 -1.8780984 1.9163337 0.10358109 -1.8786641 1.9167533 0.10406867 -1.8785965 1.9151944 0.10526649 -1.8781043 1.9162471 0.10376407 -1.879173 1.9156102 0.10593848 -1.8785965 1.9151944 0.10526649 -1.8786641 1.9167533 0.10406867 -1.8779706 1.9109758 0.10568439 -1.8768604 1.9109643 0.10521734 -1.8773941 1.9129982 0.10498921 -1.879136 1.9133538 0.10656261 -1.8785965 1.9151944 0.10526649 -1.879173 1.9156102 0.10593848 -1.879136 1.9133538 0.10656261 -1.878358 1.9131564 0.1057431 -1.8785965 1.9151944 0.10526649 -1.8789427 1.9109622 0.10652573 -1.878358 1.9131564 0.1057431 -1.879136 1.9133538 0.10656261 -1.8783739 1.910979 0.10585239 -1.878358 1.9131564 0.1057431 -1.8789427 1.9109622 0.10652573 -1.8794571 1.9187956 0.10523917 -1.8789139 1.918075 0.10229995 -1.8792144 1.9196701 0.10241608 -1.8794571 1.9187956 0.10523917 -1.8790992 1.9173625 0.1044661 -1.8789139 1.918075 0.10229995 -1.8794714 1.9186677 0.10537713 -1.8790992 1.9173625 0.1044661 -1.8794571 1.9187956 0.10523917 -1.8794714 1.9186677 0.10537713 -1.8795516 1.9160776 0.10673881 -1.8790992 1.9173625 0.1044661 -1.8797045 1.9165316 0.10755284 -1.8795516 1.9160776 0.10673881 -1.8794714 1.9186677 0.10537713 -1.8783739 1.910979 0.10585239 -1.8779706 1.9109758 0.10568439 -1.878358 1.9131564 0.1057431 -1.8785965 1.9151944 0.10526649 -1.8778857 1.9148664 0.1047789 -1.8781043 1.9162471 0.10376407 -1.8790468 1.9070276 0.10626899 -1.8789427 1.9109622 0.10652573 -1.8796061 1.9070108 0.10693006 -1.8790468 1.9070276 0.10626899 -1.8783739 1.910979 0.10585239 -1.8789427 1.9109622 0.10652573 -1.8784876 1.9070444 0.10560791 -1.8783739 1.910979 0.10585239 -1.8790468 1.9070276 0.10626899 -1.8784876 1.9070444 0.10560791 -1.8779706 1.9109758 0.10568439 -1.8783739 1.910979 0.10585239 -1.8780782 1.9070399 0.1054372 -1.8779706 1.9109758 0.10568439 -1.8784876 1.9070444 0.10560791 -1.8780782 1.9070399 0.1054372 -1.8769172 1.9089963 0.10509714 -1.8779706 1.9109758 0.10568439 -1.8769752 1.9070284 0.10497286 -1.8769172 1.9089963 0.10509714 -1.8780782 1.9070399 0.1054372 -1.8769172 1.9089963 0.10509714 -1.8768604 1.9109643 0.10521734 -1.8779706 1.9109758 0.10568439 -1.8592435 1.8966851 0.10051347 -1.8778857 1.9148664 0.1047789 -1.8773941 1.9129982 0.10498921 -1.8781043 1.9162471 0.10376407 -1.8778857 1.9148664 0.1047789 -1.8592435 1.8966851 0.10051347 -1.8781043 1.9162471 0.10376407 -1.8588012 1.8973616 0.099352531 -1.8780984 1.9163337 0.10358109 -1.8780724 1.9167012 0.10280938 -1.859381 1.8985085 0.098223045 -1.877998 1.9167565 0.10227263 -1.8780984 1.9163337 0.10358109 -1.8588012 1.8973616 0.099352531 -1.8780724 1.9167012 0.10280938 -1.8773941 1.9129982 0.10498921 -1.8768604 1.9109643 0.10521734 -1.8608187 1.8948961 0.10158423 -1.8838116 1.8651278 0.10563795 -1.8845814 1.8585297 0.10513265 -1.8833147 1.8651382 0.10437599 -1.8780782 1.9070399 0.1054372 -1.87753 1.8988465 0.1044101 -1.8769752 1.9070284 0.10497286 -1.8780782 1.9070399 0.1054372 -1.8816222 1.8650159 0.10236415 -1.87753 1.8988465 0.1044101 -1.8784876 1.9070444 0.10560791 -1.8816222 1.8650159 0.10236415 -1.8780782 1.9070399 0.1054372 -1.8784876 1.9070444 0.10560791 -1.8826209 1.8651102 0.10320136 -1.8816222 1.8650159 0.10236415 -1.8790468 1.9070276 0.10626899 -1.8826209 1.8651102 0.10320136 -1.8784876 1.9070444 0.10560791 -1.8816222 1.8650159 0.10236415 -1.8789941 1.8772535 0.10292278 -1.87753 1.8988465 0.1044101 -1.8816222 1.8650159 0.10236415 -1.8807784 1.8649225 0.10193527 -1.8789941 1.8772535 0.10292278 -1.8796061 1.9070108 0.10693006 -1.8826209 1.8651102 0.10320136 -1.8790468 1.9070276 0.10626899 -1.8796061 1.9070108 0.10693006 -1.8833147 1.8651382 0.10437599 -1.8826209 1.8651102 0.10320136 -1.8797417 1.9069893 0.10740124 -1.8833147 1.8651382 0.10437599 -1.8796061 1.9070108 0.10693006 -1.8797417 1.9069893 0.10740124 -1.8811103 1.8882698 0.10741352 -1.8833147 1.8651382 0.10437599 -1.8811103 1.8882698 0.10741352 -1.8838116 1.8651278 0.10563795 -1.8833147 1.8651382 0.10437599 -1.8759807 1.9158629 0.095744096 -1.877998 1.9167565 0.10227263 -1.859381 1.8985085 0.098223045 -1.8770703 1.916805 0.09623576 -1.877998 1.9167565 0.10227263 -1.8759807 1.9158629 0.095744096 -1.8770703 1.916805 0.09623576 -1.8775436 1.9172022 0.096523955 -1.877998 1.9167565 0.10227263 -1.8773249 1.9170256 0.096350528 -1.8775436 1.9172022 0.096523955 -1.8770703 1.916805 0.09623576 -1.8774852 1.854315 0.10045882 -1.8789941 1.8772535 0.10292278 -1.8807784 1.8649225 0.10193527 -1.8774852 1.854315 0.10045882 -1.87753 1.8988465 0.1044101 -1.8789941 1.8772535 0.10292278 -1.8596966 1.8937722 0.10132884 -1.87753 1.8988465 0.1044101 -1.8774852 1.854315 0.10045882 -1.8608187 1.8948961 0.10158423 -1.8769752 1.9070284 0.10497286 -1.87753 1.8988465 0.1044101 -1.8769172 1.9089963 0.10509714 -1.8769752 1.9070284 0.10497286 -1.8608187 1.8948961 0.10158423 -1.8608187 1.8948961 0.10158423 -1.8768604 1.9109643 0.10521734 -1.8769172 1.9089963 0.10509714 -1.879136 1.9133538 0.10656261 -1.8795516 1.9160776 0.10673881 -1.879634 1.9109265 0.10767032 -1.879136 1.9133538 0.10656261 -1.8794913 1.9109466 0.10717454 -1.8789427 1.9109622 0.10652573 -1.879634 1.9109265 0.10767032 -1.8794913 1.9109466 0.10717454 -1.879136 1.9133538 0.10656261 -1.8794714 1.9186677 0.10537713 -1.8796855 1.9167886 0.10740124 -1.8797045 1.9165316 0.10755284 -1.8797637 1.9157614 0.10800903 -1.8795516 1.9160776 0.10673881 -1.8797045 1.9165316 0.10755284 -1.879987 1.9110327 0.10892686 -1.8795516 1.9160776 0.10673881 -1.8797637 1.9157614 0.10800903 -1.879987 1.9110327 0.10892686 -1.879634 1.9109265 0.10767032 -1.8795516 1.9160776 0.10673881 -1.8799918 1.9108734 0.10891865 -1.879634 1.9109265 0.10767032 -1.879987 1.9110327 0.10892686 -1.8796061 1.9070108 0.10693006 -1.8789427 1.9109622 0.10652573 -1.8794913 1.9109466 0.10717454 -1.879634 1.9109265 0.10767032 -1.8797417 1.9069893 0.10740124 -1.8794913 1.9109466 0.10717454 -1.879634 1.9109265 0.10767032 -1.8800485 1.9089029 0.1087971 -1.8797417 1.9069893 0.10740124 -1.8799918 1.9108734 0.10891865 -1.8800485 1.9089029 0.1087971 -1.879634 1.9109265 0.10767032 -1.8797417 1.9069893 0.10740124 -1.8796061 1.9070108 0.10693006 -1.8794913 1.9109466 0.10717454 -1.8800485 1.9089029 0.1087971 -1.8801066 1.9069337 0.10867276 -1.8797417 1.9069893 0.10740124 -1.8801066 1.9069337 0.10867276 -1.8811103 1.8882698 0.10741352 -1.8797417 1.9069893 0.10740124 -1.8760211 2.0001247 0.098558992 -1.8750224 1.9689443 0.097839206 -1.875031 2.0001256 0.097888418 -1.8770703 1.916805 0.09623576 -1.8750224 1.9689443 0.097839206 -1.8760211 2.0001247 0.098558992 -1.8770703 1.916805 0.09623576 -1.8753612 1.9501655 0.097097643 -1.8750224 1.9689443 0.097839206 -1.8770281 2.0001237 0.099398986 -1.8783995 1.9184656 0.097988077 -1.878083 1.9177196 0.097096279 -1.8770281 2.0001237 0.099398986 -1.8785425 1.9188066 0.098393761 -1.8783995 1.9184656 0.097988077 -1.8777219 2.000123 0.10057904 -1.8785425 1.9188066 0.098393761 -1.8770281 2.0001237 0.099398986 -1.8777219 2.000123 0.10057904 -1.8780761 1.9776092 0.10170309 -1.8785425 1.9188066 0.098393761 -1.8781468 2.0001225 0.10160614 -1.8780761 1.9776092 0.10170309 -1.8777219 2.000123 0.10057904 -1.8760211 2.0001247 0.098558992 -1.8773249 1.9170256 0.096350528 -1.8770703 1.916805 0.09623576 -1.8760211 2.0001247 0.098558992 -1.8775436 1.9172022 0.096523955 -1.8773249 1.9170256 0.096350528 -1.8770281 2.0001237 0.099398986 -1.8775436 1.9172022 0.096523955 -1.8760211 2.0001247 0.098558992 -1.8770281 2.0001237 0.099398986 -1.878083 1.9177196 0.097096279 -1.8775436 1.9172022 0.096523955 -1.8780761 1.9776092 0.10170309 -1.8789974 1.919881 0.099674895 -1.8785425 1.9188066 0.098393761 -1.8622047 1.9362946 0.094531238 -1.8753612 1.9501655 0.097097643 -1.8759807 1.9158629 0.095744096 -1.8628293 1.9498898 0.095375359 -1.8750224 1.9689443 0.097839206 -1.8753612 1.9501655 0.097097643 -1.875031 2.0001256 0.097888418 -1.8750224 1.9689443 0.097839206 -1.8628293 1.9498898 0.095375359 -1.9050156 1.8433166 0.098193005 -1.9042438 1.882615 0.12463629 -1.9053311 2.1568742 0.098192982 -1.8422034 1.8747344 0.0963232 -1.8596966 1.8937722 0.10132884 -1.8430548 1.8739445 0.096721977 -1.8422034 1.8747344 0.0963232 -1.8599508 1.8958228 0.1012961 -1.8596966 1.8937722 0.10132884 -1.8418869 1.8750281 0.096175678 -1.8599508 1.8958228 0.1012961 -1.8422034 1.8747344 0.0963232 -1.8418869 1.8750281 0.096175678 -1.8592435 1.8966851 0.10051347 -1.8599508 1.8958228 0.1012961 -1.8414828 1.8754914 0.09554328 -1.8592435 1.8966851 0.10051347 -1.8418869 1.8750281 0.096175678 -1.8588012 1.8973616 0.099352531 -1.8587068 1.8977228 0.098042712 -1.859381 1.8985085 0.098223045 -1.8588012 1.8973616 0.099352531 -1.8577647 1.8966252 0.097792812 -1.8587068 1.8977228 0.098042712 -1.8410021 1.8761102 0.094445191 -1.8577647 1.8966252 0.097792812 -1.8588012 1.8973616 0.099352531 -1.8410021 1.8761102 0.094445191 -1.8433908 1.8798705 0.093963094 -1.8577647 1.8966252 0.097792812 -1.8599508 1.8958228 0.1012961 -1.8608187 1.8948961 0.10158423 -1.8596966 1.8937722 0.10132884 -1.8599508 1.8958228 0.1012961 -1.8773941 1.9129982 0.10498921 -1.8608187 1.8948961 0.10158423 -1.8592435 1.8966851 0.10051347 -1.8773941 1.9129982 0.10498921 -1.8599508 1.8958228 0.1012961 -1.8592435 1.8966851 0.10051347 -1.8588012 1.8973616 0.099352531 -1.8781043 1.9162471 0.10376407 -1.8592435 1.8966851 0.10051347 -1.8410788 1.8759533 0.094912305 -1.8588012 1.8973616 0.099352531 -1.8414828 1.8754914 0.09554328 -1.8410788 1.8759533 0.094912305 -1.8592435 1.8966851 0.10051347 -1.8780724 1.9167012 0.10280938 -1.8588012 1.8973616 0.099352531 -1.859381 1.8985085 0.098223045 -1.8410788 1.8759533 0.094912305 -1.8410021 1.8761102 0.094445191 -1.8588012 1.8973616 0.099352531 -1.8378288 1.8641995 0.094518952 -1.8405163 1.8692175 0.095798731 -1.8388655 1.8639865 0.094976507 -1.8378288 1.8641995 0.094518952 -1.8393419 1.8697944 0.095419012 -1.8405163 1.8692175 0.095798731 -1.8393419 1.8697944 0.095419012 -1.8422034 1.8747344 0.0963232 -1.8430548 1.8739445 0.096721977 -1.8393419 1.8697944 0.095419012 -1.8418869 1.8750281 0.096175678 -1.8422034 1.8747344 0.0963232 -1.8384638 1.8703157 0.094632305 -1.8418869 1.8750281 0.096175678 -1.8393419 1.8697944 0.095419012 -1.8384638 1.8703157 0.094632305 -1.8414828 1.8754914 0.09554328 -1.8418869 1.8750281 0.096175678 -1.8410788 1.8759533 0.094912305 -1.8414828 1.8754914 0.09554328 -1.8384638 1.8703157 0.094632305 -1.8409545 1.8706042 0.096015885 -1.8393419 1.8697944 0.095419012 -1.8430548 1.8739445 0.096721977 -1.8409545 1.8706042 0.096015885 -1.8405163 1.8692175 0.095798731 -1.8393419 1.8697944 0.095419012 -1.8759807 1.9158629 0.095744096 -1.859381 1.8985085 0.098223045 -1.8653052 1.905658 0.093435913 -1.8587068 1.8977228 0.098042712 -1.8605703 1.9007863 0.092317291 -1.859381 1.8985085 0.098223045 -1.8577647 1.8966252 0.097792812 -1.8571808 1.8971864 0.091094866 -1.8587068 1.8977228 0.098042712 -1.8405163 1.8692175 0.095798731 -1.8430548 1.8739445 0.096721977 -1.8774852 1.854315 0.10045882 -1.8409545 1.8706042 0.096015885 -1.8430548 1.8739445 0.096721977 -1.8405163 1.8692175 0.095798731 -1.8430548 1.8739445 0.096721977 -1.8596966 1.8937722 0.10132884 -1.8774852 1.854315 0.10045882 -1.8608187 1.8948961 0.10158423 -1.87753 1.8988465 0.1044101 -1.8596966 1.8937722 0.10132884 -1.856167 2.0001447 0.093745895 -1.8636228 2.0001359 0.096402407 -1.8636373 1.9990184 0.096424237 -1.8628293 1.9498898 0.095375359 -1.8753612 1.9501655 0.097097643 -1.8622047 1.9362946 0.094531238 -1.875031 2.0001256 0.097888418 -1.8636373 1.9990184 0.096424237 -1.8636228 2.0001359 0.096402407 -1.8628293 1.9498898 0.095375359 -1.8636373 1.9990184 0.096424237 -1.875031 2.0001256 0.097888418 -1.9460126 1.7594224 0.10989794 -1.9465405 1.7604015 0.1084324 -1.96275 1.750044 0.1087042 -1.9460126 1.7594224 0.10989794 -1.9321046 1.7728103 0.1101096 -1.9465405 1.7604015 0.1084324 -1.9314305 1.7719443 0.11156689 -1.9321046 1.7728103 0.1101096 -1.9460126 1.7594224 0.10989794 -1.9314305 1.7719443 0.11156689 -1.920204 1.7879709 0.1122744 -1.9321046 1.7728103 0.1101096 -1.9194088 1.7872443 0.11372353 -1.920204 1.7879709 0.1122744 -1.9314305 1.7719443 0.11156689 -1.9194088 1.7872443 0.11372353 -1.9114105 1.8051138 0.1148804 -1.920204 1.7879709 0.1122744 -1.9321046 1.7728103 0.1101096 -1.93244 1.7733291 0.10848156 -1.932681 1.7730581 0.10844333 -1.9321046 1.7728103 0.1101096 -1.9252625 1.7813823 0.1096193 -1.93244 1.7733291 0.10848156 -1.920204 1.7879709 0.1122744 -1.9252625 1.7813823 0.1096193 -1.9321046 1.7728103 0.1101096 -1.920204 1.7879709 0.1122744 -1.9206594 1.788481 0.11067095 -1.9252625 1.7813823 0.1096193 -1.9168917 1.7942905 0.11153142 -1.9206594 1.788481 0.11067095 -1.920204 1.7879709 0.1122744 -1.9168917 1.7942905 0.11153142 -1.920204 1.7879709 0.1122744 -1.9151446 1.7981691 0.11213508 -1.9417081 1.7589126 0.1108635 -1.9451891 1.75806 0.11065184 -1.944499 1.7569945 0.11061909 -1.9389566 1.7608017 0.1111039 -1.9451891 1.75806 0.11065184 -1.9417081 1.7589126 0.1108635 -1.9389566 1.7608017 0.1111039 -1.9303911 1.7707739 0.11232632 -1.9451891 1.75806 0.11065184 -1.9294178 1.7697728 0.1122908 -1.9303911 1.7707739 0.11232632 -1.9389566 1.7608017 0.1111039 -1.9294178 1.7697728 0.1122908 -1.9181868 1.7835493 0.11418923 -1.9303911 1.7707739 0.11232632 -1.9278003 1.7712933 0.1124929 -1.9181868 1.7835493 0.11418923 -1.9294178 1.7697728 0.1122908 -1.9194088 1.7872443 0.11372353 -1.9181956 1.786306 0.11448976 -1.9105253 1.8045465 0.1163172 -1.9303911 1.7707739 0.11232632 -1.9181956 1.786306 0.11448976 -1.9194088 1.7872443 0.11372353 -1.9303911 1.7707739 0.11232632 -1.9181868 1.7835493 0.11418923 -1.9181956 1.786306 0.11448976 -1.9314305 1.7719443 0.11156689 -1.9303911 1.7707739 0.11232632 -1.9194088 1.7872443 0.11372353 -1.9314305 1.7719443 0.11156689 -1.9451891 1.75806 0.11065184 -1.9303911 1.7707739 0.11232632 -1.9460126 1.7594224 0.10989794 -1.9451891 1.75806 0.11065184 -1.9314305 1.7719443 0.11156689 -1.9460126 1.7594224 0.10989794 -1.9621795 1.7485369 0.10945538 -1.9451891 1.75806 0.11065184 -1.96275 1.750044 0.1087042 -1.9621795 1.7485369 0.10945538 -1.9460126 1.7594224 0.10989794 -1.96275 1.750044 0.1087042 -1.9806114 1.7426649 0.10874244 -1.9621795 1.7485369 0.10945538 -1.9616861 1.747282 0.10940345 -1.9621795 1.7485369 0.10945538 -1.9652311 1.7455802 0.10919315 -1.9515707 1.7521361 0.11000033 -1.9621795 1.7485369 0.10945538 -1.9616861 1.747282 0.10940345 -1.9515707 1.7521361 0.11000033 -1.9451891 1.75806 0.11065184 -1.9621795 1.7485369 0.10945538 -1.944499 1.7569945 0.11061909 -1.9451891 1.75806 0.11065184 -1.9515707 1.7521361 0.11000033 -1.9652311 1.7455802 0.10919315 -1.9621795 1.7485369 0.10945538 -1.9806114 1.7426649 0.10874244 -1.9181868 1.7835493 0.11418923 -1.9170725 1.7855133 0.11447471 -1.9181956 1.786306 0.11448976 -1.9278003 1.7712933 0.1124929 -1.9294178 1.7697728 0.1122908 -1.9116231 1.7743598 0.11089218 -1.9116231 1.7743598 0.11089218 -1.9181868 1.7835493 0.11418923 -1.9278003 1.7712933 0.1124929 -1.9389566 1.7608017 0.1111039 -1.9235575 1.7475185 0.10548911 -1.9294178 1.7697728 0.1122908 -1.9235575 1.7475185 0.10548911 -1.9116231 1.7743598 0.11089218 -1.9294178 1.7697728 0.1122908 -1.9064069 1.7851164 0.11247651 -1.9017791 1.8020581 0.11577225 -1.9076449 1.7855529 0.11286443 -1.9064069 1.7851164 0.11247651 -1.8943809 1.8246619 0.11889175 -1.9017791 1.8020581 0.11577225 -1.8934686 1.8245184 0.1180586 -1.8943809 1.8246619 0.11889175 -1.9064069 1.7851164 0.11247651 -1.8934686 1.8245184 0.1180586 -1.8866562 1.8652127 0.12432627 -1.8943809 1.8246619 0.11889175 -1.885726 1.8651584 0.12349041 -1.8866562 1.8652127 0.12432627 -1.8934686 1.8245184 0.1180586 -1.8928263 1.8244879 0.11693584 -1.8938366 1.8193997 0.11494731 -1.8926884 1.8246095 0.11567666 -1.8928263 1.8244879 0.11693584 -1.9048872 1.7848068 0.11053299 -1.8938366 1.8193997 0.11494731 -1.8934686 1.8245184 0.1180586 -1.9048872 1.7848068 0.11053299 -1.8928263 1.8244879 0.11693584 -1.8934686 1.8245184 0.1180586 -1.9055221 1.7848878 0.11164483 -1.9048872 1.7848068 0.11053299 -1.9064069 1.7851164 0.11247651 -1.9055221 1.7848878 0.11164483 -1.8934686 1.8245184 0.1180586 -1.9064069 1.7851164 0.11247651 -1.9222944 1.7469705 0.10478432 -1.9055221 1.7848878 0.11164483 -1.885079 1.8651804 0.12235815 -1.8866498 1.8541139 0.11970299 -1.8850588 1.8653171 0.12106603 -1.8928263 1.8244879 0.11693584 -1.8866498 1.8541139 0.11970299 -1.885079 1.8651804 0.12235815 -1.8928263 1.8244879 0.11693584 -1.8874888 1.8482069 0.11898457 -1.8866498 1.8541139 0.11970299 -1.8926884 1.8246095 0.11567666 -1.8874888 1.8482069 0.11898457 -1.8928263 1.8244879 0.11693584 -1.8943809 1.8246619 0.11889175 -1.8940806 1.8304479 0.12014556 -1.8955036 1.8252013 0.11933696 -1.8943809 1.8246619 0.11889175 -1.8916187 1.8433439 0.1218774 -1.8940806 1.8304479 0.12014556 -1.8866562 1.8652127 0.12432627 -1.8916187 1.8433439 0.1218774 -1.8943809 1.8246619 0.11889175 -1.8866562 1.8652127 0.12432627 -1.8885754 1.8592969 0.1240203 -1.8916187 1.8433439 0.1218774 -1.908412 1.783396 0.11248476 -1.9064069 1.7851164 0.11247651 -1.9076449 1.7855529 0.11286443 -1.9116231 1.7743598 0.11089218 -1.9064069 1.7851164 0.11247651 -1.908412 1.783396 0.11248476 -1.9116231 1.7743598 0.11089218 -1.9226329 1.7471169 0.10497285 -1.9064069 1.7851164 0.11247651 -1.8943809 1.8246619 0.11889175 -1.8955729 1.8249416 0.11929737 -1.9017791 1.8020581 0.11577225 -1.8955036 1.8252013 0.11933696 -1.8955729 1.8249416 0.11929737 -1.8943809 1.8246619 0.11889175 -1.9048872 1.7848068 0.11053299 -1.901373 1.7944566 0.11094275 -1.8938366 1.8193997 0.11494731 -1.9048872 1.7848068 0.11053299 -1.9024651 1.7908422 0.11036228 -1.901373 1.7944566 0.11094275 -1.9047481 1.7849512 0.10928196 -1.9024651 1.7908422 0.11036228 -1.9048872 1.7848068 0.11053299 -1.885079 1.8651804 0.12235815 -1.8934686 1.8245184 0.1180586 -1.8928263 1.8244879 0.11693584 -1.885726 1.8651584 0.12349041 -1.8934686 1.8245184 0.1180586 -1.885079 1.8651804 0.12235815 -1.9016389 1.8427531 0.12342892 -1.9001946 1.8436576 0.12366655 -1.9001096 1.8653395 0.12715071 -1.9001986 1.8427333 0.12351773 -1.9001946 1.8436576 0.12366655 -1.9016389 1.8427531 0.12342892 -1.9043567 1.8433173 0.11966346 -1.903988 1.8430743 0.12131198 -1.9042438 1.882615 0.12463629 -1.9030504 1.8428758 0.12264363 -1.9016389 1.8427531 0.12342892 -1.9029075 1.882181 0.12859164 -1.903988 1.8430743 0.12131198 -1.9030504 1.8428758 0.12264363 -1.9029075 1.882181 0.12859164 -1.9105253 1.8045465 0.1163172 -1.9114105 1.8051138 0.1148804 -1.9194088 1.7872443 0.11372353 -1.9105253 1.8045465 0.1163172 -1.9059358 1.8237698 0.11790423 -1.9114105 1.8051138 0.1148804 -1.904992 1.8233781 0.11932469 -1.9059358 1.8237698 0.11790423 -1.9105253 1.8045465 0.1163172 -1.904992 1.8233781 0.11932469 -1.903988 1.8430743 0.12131198 -1.9059358 1.8237698 0.11790423 -1.9030504 1.8428758 0.12264363 -1.903988 1.8430743 0.12131198 -1.904992 1.8233781 0.11932469 -1.9114105 1.8051138 0.1148804 -1.9105687 1.8083305 0.1137181 -1.9118381 1.8055122 0.11327961 -1.9114105 1.8051138 0.1148804 -1.9064319 1.8230618 0.11613686 -1.9105687 1.8083305 0.1137181 -1.9059358 1.8237698 0.11790423 -1.9064319 1.8230618 0.11613686 -1.9114105 1.8051138 0.1148804 -1.9059358 1.8237698 0.11790423 -1.9063045 1.8240566 0.11630764 -1.9064319 1.8230618 0.11613686 -1.9058329 1.8277358 0.11694275 -1.9063045 1.8240566 0.11630764 -1.9059358 1.8237698 0.11790423 -1.9151446 1.7981691 0.11213508 -1.9114105 1.8051138 0.1148804 -1.9118381 1.8055122 0.11327961 -1.9151446 1.7981691 0.11213508 -1.920204 1.7879709 0.1122744 -1.9114105 1.8051138 0.1148804 -1.903988 1.8430743 0.12131198 -1.9058329 1.8277358 0.11694275 -1.9059358 1.8237698 0.11790423 -1.9045159 1.8380029 0.11871555 -1.9058329 1.8277358 0.11694275 -1.903988 1.8430743 0.12131198 -1.903988 1.8430743 0.12131198 -1.9043567 1.8433173 0.11966346 -1.9045159 1.8380029 0.11871555 -1.9035897 1.8229731 0.12011281 -1.9023832 1.822716 0.12016603 -1.9014046 1.8270503 0.12086399 -1.9035897 1.8229731 0.12011281 -1.9048698 1.8117089 0.1183946 -1.9023832 1.822716 0.12016603 -1.9091899 1.8038669 0.11709298 -1.9048698 1.8117089 0.1183946 -1.9035897 1.8229731 0.12011281 -1.9091899 1.8038669 0.11709298 -1.9080864 1.8033801 0.11712024 -1.9048698 1.8117089 0.1183946 -1.9105442 1.7970186 0.11614785 -1.9080864 1.8033801 0.11712024 -1.9091899 1.8038669 0.11709298 -1.9105253 1.8045465 0.1163172 -1.9091899 1.8038669 0.11709298 -1.904992 1.8233781 0.11932469 -1.9181956 1.786306 0.11448976 -1.9091899 1.8038669 0.11709298 -1.9105253 1.8045465 0.1163172 -1.9181956 1.786306 0.11448976 -1.9105442 1.7970186 0.11614785 -1.9091899 1.8038669 0.11709298 -1.9170725 1.7855133 0.11447471 -1.9105442 1.7970186 0.11614785 -1.9181956 1.786306 0.11448976 -1.9016389 1.8427531 0.12342892 -1.9014046 1.8270503 0.12086399 -1.9001986 1.8427333 0.12351773 -1.9016389 1.8427531 0.12342892 -1.9035897 1.8229731 0.12011281 -1.9014046 1.8270503 0.12086399 -1.904992 1.8233781 0.11932469 -1.9035897 1.8229731 0.12011281 -1.9016389 1.8427531 0.12342892 -1.9091899 1.8038669 0.11709298 -1.9035897 1.8229731 0.12011281 -1.904992 1.8233781 0.11932469 -1.9016389 1.8427531 0.12342892 -1.9030504 1.8428758 0.12264363 -1.904992 1.8233781 0.11932469 -1.9050156 1.8433166 0.098193005 -1.9043567 1.8433173 0.11966346 -1.9042438 1.882615 0.12463629 -1.9050156 1.8433166 0.098193005 -1.9045159 1.8380029 0.11871555 -1.9043567 1.8433173 0.11966346 -1.9050156 1.8433166 0.098193005 -1.9058329 1.8277358 0.11694275 -1.9045159 1.8380029 0.11871555 -1.9061691 1.8277968 0.098192945 -1.9063045 1.8240566 0.11630764 -1.9058329 1.8277358 0.11694275 -1.9064319 1.8230618 0.11613686 -1.9063045 1.8240566 0.11630764 -1.9061691 1.8277968 0.098192945 -1.9064319 1.8230618 0.11613686 -1.9061691 1.8277968 0.098192945 -1.9105687 1.8083305 0.1137181 -1.8916932 1.8242958 0.10203635 -1.8926884 1.8246095 0.11567666 -1.8938366 1.8193997 0.11494731 -1.890196 1.8297268 0.10258543 -1.8874888 1.8482069 0.11898457 -1.8926884 1.8246095 0.11567666 -1.8854842 1.8539006 0.10472289 -1.8866498 1.8541139 0.11970299 -1.8874888 1.8482069 0.11898457 -1.8845814 1.8585297 0.10513265 -1.8866498 1.8541139 0.11970299 -1.8854842 1.8539006 0.10472289 -1.8845814 1.8585297 0.10513265 -1.8850588 1.8653171 0.12106603 -1.8866498 1.8541139 0.11970299 -1.8955232 1.8434817 0.12278023 -1.9001096 1.8653395 0.12715071 -1.9001946 1.8436576 0.12366655 -1.908412 1.783396 0.11248476 -1.9181868 1.7835493 0.11418923 -1.9116231 1.7743598 0.11089218 -1.908412 1.783396 0.11248476 -1.9170725 1.7855133 0.11447471 -1.9181868 1.7835493 0.11418923 -1.9076449 1.7855529 0.11286443 -1.9170725 1.7855133 0.11447471 -1.908412 1.783396 0.11248476 -1.9076449 1.7855529 0.11286443 -1.9105442 1.7970186 0.11614785 -1.9170725 1.7855133 0.11447471 -1.9080864 1.8033801 0.11712024 -1.9105442 1.7970186 0.11614785 -1.9076449 1.7855529 0.11286443 -1.9017791 1.8020581 0.11577225 -1.9080864 1.8033801 0.11712024 -1.9076449 1.7855529 0.11286443 -1.9017791 1.8020581 0.11577225 -1.9048698 1.8117089 0.1183946 -1.9080864 1.8033801 0.11712024 -1.9023832 1.822716 0.12016603 -1.9048698 1.8117089 0.1183946 -1.9017791 1.8020581 0.11577225 -1.8955729 1.8249416 0.11929737 -1.9023832 1.822716 0.12016603 -1.9017791 1.8020581 0.11577225 -1.8955729 1.8249416 0.11929737 -1.9014046 1.8270503 0.12086399 -1.9023832 1.822716 0.12016603 -1.8955036 1.8252013 0.11933696 -1.9014046 1.8270503 0.12086399 -1.8955729 1.8249416 0.11929737 -1.8955036 1.8252013 0.11933696 -1.9001986 1.8427333 0.12351773 -1.9014046 1.8270503 0.12086399 -1.8955232 1.8434817 0.12278023 -1.9001986 1.8427333 0.12351773 -1.8955036 1.8252013 0.11933696 -1.8955232 1.8434817 0.12278023 -1.9001946 1.8436576 0.12366655 -1.9001986 1.8427333 0.12351773 -1.8916187 1.8433439 0.1218774 -1.8955036 1.8252013 0.11933696 -1.8940806 1.8304479 0.12014556 -1.8916187 1.8433439 0.1218774 -1.8955232 1.8434817 0.12278023 -1.8955036 1.8252013 0.11933696 -1.8885754 1.8592969 0.1240203 -1.8955232 1.8434817 0.12278023 -1.8916187 1.8433439 0.1218774 -1.885726 1.8651584 0.12349041 -1.8829185 1.9067842 0.12859856 -1.8866562 1.8652127 0.12432627 -1.8823977 1.9068223 0.12794839 -1.8829185 1.9067842 0.12859856 -1.885726 1.8651584 0.12349041 -1.885079 1.8651804 0.12235815 -1.8850588 1.8653171 0.12106603 -1.8833402 1.8774184 0.12253978 -1.8878926 1.8653556 0.12472375 -1.8885754 1.8592969 0.1240203 -1.8866562 1.8652127 0.12432627 -1.8844879 1.9039342 0.1289919 -1.8833026 1.9067812 0.12878154 -1.8843443 1.9067714 0.1292814 -1.8852516 1.8888162 0.12744717 -1.8833026 1.9067812 0.12878154 -1.8844879 1.9039342 0.1289919 -1.8852516 1.8888162 0.12744717 -1.8866562 1.8652127 0.12432627 -1.8833026 1.9067812 0.12878154 -1.8878926 1.8653556 0.12472375 -1.8866562 1.8652127 0.12432627 -1.8852516 1.8888162 0.12744717 -1.8817496 1.9068931 0.12684895 -1.8833402 1.8774184 0.12253978 -1.8814088 1.9069827 0.12562516 -1.8817496 1.9068931 0.12684895 -1.885079 1.8651804 0.12235815 -1.8833402 1.8774184 0.12253978 -1.8818756 1.9068593 0.12729959 -1.885079 1.8651804 0.12235815 -1.8817496 1.9068931 0.12684895 -1.8818756 1.9068593 0.12729959 -1.885726 1.8651584 0.12349041 -1.885079 1.8651804 0.12235815 -1.8823977 1.9068223 0.12794839 -1.885726 1.8651584 0.12349041 -1.8818756 1.9068593 0.12729959 -1.8829185 1.9067842 0.12859856 -1.8833026 1.9067812 0.12878154 -1.8866562 1.8652127 0.12432627 -1.882333 1.9534459 0.13223839 -1.8833264 1.9651181 0.13296773 -1.8833755 1.9554716 0.13276556 -1.882333 1.9534459 0.13223839 -1.8820499 2.0001187 0.13336386 -1.8833264 1.9651181 0.13296773 -1.8811089 2.0001197 0.13252245 -1.8820499 2.0001187 0.13336386 -1.882333 1.9534459 0.13223839 -1.8804631 2.0001202 0.13137656 -1.8805124 1.9535556 0.1288566 -1.8801851 1.9956906 0.13011456 -1.8804631 2.0001202 0.13137656 -1.8807452 1.953504 0.13025251 -1.8805124 1.9535556 0.1288566 -1.8811089 2.0001197 0.13252245 -1.8807452 1.953504 0.13025251 -1.8804631 2.0001202 0.13137656 -1.8811089 2.0001197 0.13252245 -1.881392 1.953467 0.13139704 -1.8807452 1.953504 0.13025251 -1.882333 1.9534459 0.13223839 -1.881392 1.953467 0.13139704 -1.8811089 2.0001197 0.13252245 -1.882333 1.9534459 0.13223839 -1.8829185 1.9067842 0.12859856 -1.881392 1.953467 0.13139704 -1.8833026 1.9067812 0.12878154 -1.8829185 1.9067842 0.12859856 -1.882333 1.9534459 0.13223839 -1.8807452 1.953504 0.13025251 -1.8805633 1.9468805 0.12865727 -1.8805124 1.9535556 0.1288566 -1.8807452 1.953504 0.13025251 -1.8814088 1.9069827 0.12562516 -1.8805633 1.9468805 0.12865727 -1.8817496 1.9068931 0.12684895 -1.8814088 1.9069827 0.12562516 -1.8807452 1.953504 0.13025251 -1.882333 1.9534459 0.13223839 -1.8843443 1.9067714 0.1292814 -1.8833026 1.9067812 0.12878154 -1.882333 1.9534459 0.13223839 -1.8834168 1.9534485 0.13262081 -1.8843443 1.9067714 0.1292814 -1.8833755 1.9554716 0.13276556 -1.8834168 1.9534485 0.13262081 -1.882333 1.9534459 0.13223839 -1.8820499 2.0001187 0.13336386 -1.8831457 2.0001187 0.13370252 -1.8833264 1.9651181 0.13296773 -1.8823977 1.9068223 0.12794839 -1.881392 1.953467 0.13139704 -1.8829185 1.9067842 0.12859856 -1.8818756 1.9068593 0.12729959 -1.881392 1.953467 0.13139704 -1.8823977 1.9068223 0.12794839 -1.8818756 1.9068593 0.12729959 -1.8807452 1.953504 0.13025251 -1.881392 1.953467 0.13139704 -1.8817496 1.9068931 0.12684895 -1.8807452 1.953504 0.13025251 -1.8818756 1.9068593 0.12729959 -1.8801851 1.9956906 0.13011456 -1.8802171 2.0001204 0.13002309 -1.8804631 2.0001202 0.13137656 -1.903762 2.0000968 0.13476786 -1.902779 1.9607927 0.13534832 -1.9027922 2.0000978 0.13618967 -1.9037477 1.9608444 0.13392787 -1.902779 1.9607927 0.13534832 -1.903762 2.0000968 0.13476786 -1.9037477 1.9608444 0.13392787 -1.9028163 1.9214863 0.13281885 -1.902779 1.9607927 0.13534832 -1.9037862 1.9215907 0.13140111 -1.9028163 1.9214863 0.13281885 -1.9037477 1.9608444 0.13392787 -1.9037862 1.9215907 0.13140111 -1.9029075 1.882181 0.12859164 -1.9028163 1.9214863 0.13281885 -1.9038763 1.8823382 0.12717944 -1.9029075 1.882181 0.12859164 -1.9037862 1.9215907 0.13140111 -1.9038763 1.8823382 0.12717944 -1.903988 1.8430743 0.12131198 -1.9029075 1.882181 0.12859164 -1.9014059 1.921425 0.13362874 -1.9000028 1.9047414 0.13191608 -1.8999773 1.9139988 0.133036 -1.9014059 1.921425 0.13362874 -1.9000641 1.8821049 0.1291776 -1.9000028 1.9047414 0.13191608 -1.9014961 1.8820884 0.12939753 -1.9000641 1.8821049 0.1291776 -1.9014059 1.921425 0.13362874 -1.9014961 1.8820884 0.12939753 -1.9001096 1.8653395 0.12715071 -1.9000641 1.8821049 0.1291776 -1.9016389 1.8427531 0.12342892 -1.9001096 1.8653395 0.12715071 -1.9014961 1.8820884 0.12939753 -1.9041156 1.9269246 0.1302443 -1.9037862 1.9215907 0.13140111 -1.9041138 1.9609281 0.13140932 -1.9041308 1.9217308 0.12958729 -1.9037862 1.9215907 0.13140111 -1.9041156 1.9269246 0.1302443 -1.9041308 1.9217308 0.12958729 -1.9038763 1.8823382 0.12717944 -1.9037862 1.9215907 0.13140111 -1.9042438 1.882615 0.12463629 -1.9038763 1.8823382 0.12717944 -1.9041308 1.9217308 0.12958729 -1.9042438 1.882615 0.12463629 -1.903988 1.8430743 0.12131198 -1.9038763 1.8823382 0.12717944 -1.9037477 1.9608444 0.13392787 -1.9041138 1.9609281 0.13140932 -1.9037862 1.9215907 0.13140111 -1.9037477 1.9608444 0.13392787 -1.9041123 2.000109 0.13275194 -1.9041138 1.9609281 0.13140932 -1.903762 2.0000968 0.13476786 -1.9041123 2.000109 0.13275194 -1.9037477 1.9608444 0.13392787 -1.9027922 2.0000978 0.13618967 -1.9013675 1.9607627 0.13616098 -1.9013807 2.0000992 0.13700233 -1.902779 1.9607927 0.13534832 -1.9013675 1.9607627 0.13616098 -1.9027922 2.0000978 0.13618967 -1.902779 1.9607927 0.13534832 -1.9014059 1.921425 0.13362874 -1.9013675 1.9607627 0.13616098 -1.9028163 1.9214863 0.13281885 -1.9014059 1.921425 0.13362874 -1.902779 1.9607927 0.13534832 -1.9028163 1.9214863 0.13281885 -1.9014961 1.8820884 0.12939753 -1.9014059 1.921425 0.13362874 -1.9029075 1.882181 0.12859164 -1.9014961 1.8820884 0.12939753 -1.9028163 1.9214863 0.13281885 -1.9029075 1.882181 0.12859164 -1.9016389 1.8427531 0.12342892 -1.9014961 1.8820884 0.12939753 -1.9013675 1.9607627 0.13616098 -1.8999285 1.9607617 0.1361801 -1.8999257 1.962899 0.1363235 -1.9013675 1.9607627 0.13616098 -1.8999705 1.9214265 0.13353451 -1.8999285 1.9607617 0.1361801 -1.9014059 1.921425 0.13362874 -1.8999705 1.9214265 0.13353451 -1.9013675 1.9607627 0.13616098 -1.8999773 1.9139988 0.133036 -1.8999705 1.9214265 0.13353451 -1.9014059 1.921425 0.13362874 -1.8999279 1.9661536 0.13636857 -1.9013675 1.9607627 0.13616098 -1.8999257 1.962899 0.1363235 -1.8999279 1.9661536 0.13636857 -1.9013807 2.0000992 0.13700233 -1.9013675 1.9607627 0.13616098 -1.8999476 2.0001032 0.13684253 -1.9013807 2.0000992 0.13700233 -1.8999279 1.9661536 0.13636857 -1.9041914 2.0392485 0.13145989 -1.9041138 1.9609281 0.13140932 -1.9041123 2.000109 0.13275194 -1.9042438 1.882615 0.12463629 -1.9041308 1.9217308 0.12958729 -1.9053311 2.1568742 0.098192982 -1.8838116 1.8651278 0.10563795 -1.8850588 1.8653171 0.12106603 -1.8845814 1.8585297 0.10513265 -1.8838116 1.8651278 0.10563795 -1.8833402 1.8774184 0.12253978 -1.8850588 1.8653171 0.12106603 -1.8811103 1.8882698 0.10741352 -1.8833402 1.8774184 0.12253978 -1.8838116 1.8651278 0.10563795 -1.8811103 1.8882698 0.10741352 -1.8814088 1.9069827 0.12562516 -1.8833402 1.8774184 0.12253978 -1.8801066 1.9069337 0.10867276 -1.8814088 1.9069827 0.12562516 -1.8811103 1.8882698 0.10741352 -1.8780761 1.9776092 0.10170309 -1.8781468 2.0001225 0.10160614 -1.8802171 2.0001204 0.13002309 -1.8802171 2.0001204 0.13002309 -1.8789974 1.919881 0.099674895 -1.8780761 1.9776092 0.10170309 -1.8802171 2.0001204 0.13002309 -1.8792144 1.9196701 0.10241608 -1.8789974 1.919881 0.099674895 -1.8802171 2.0001204 0.13002309 -1.8802153 1.9768357 0.12944397 -1.8792144 1.9196701 0.10241608 -1.8801851 1.9956906 0.13011456 -1.8802153 1.9768357 0.12944397 -1.8802171 2.0001204 0.13002309 -1.8805124 1.9535556 0.1288566 -1.8802153 1.9768357 0.12944397 -1.8801851 1.9956906 0.13011456 -1.8805124 1.9535556 0.1288566 -1.8794571 1.9187956 0.10523917 -1.8802153 1.9768357 0.12944397 -1.8794714 1.9186677 0.10537713 -1.8794571 1.9187956 0.10523917 -1.8805124 1.9535556 0.1288566 -1.8794571 1.9187956 0.10523917 -1.8792144 1.9196701 0.10241608 -1.8802153 1.9768357 0.12944397 -1.8805633 1.9468805 0.12865727 -1.8794714 1.9186677 0.10537713 -1.8805124 1.9535556 0.1288566 -1.8805633 1.9468805 0.12865727 -1.8796855 1.9167886 0.10740124 -1.8794714 1.9186677 0.10537713 -1.8797045 1.9165316 0.10755284 -1.8796855 1.9167886 0.10740124 -1.8805633 1.9468805 0.12865727 -1.8805633 1.9468805 0.12865727 -1.8797637 1.9157614 0.10800903 -1.8797045 1.9165316 0.10755284 -1.8805633 1.9468805 0.12865727 -1.879987 1.9110327 0.10892686 -1.8797637 1.9157614 0.10800903 -1.8814088 1.9069827 0.12562516 -1.879987 1.9110327 0.10892686 -1.8805633 1.9468805 0.12865727 -1.8814088 1.9069827 0.12562516 -1.8799918 1.9108734 0.10891865 -1.879987 1.9110327 0.10892686 -1.8800485 1.9089029 0.1087971 -1.8799918 1.9108734 0.10891865 -1.8814088 1.9069827 0.12562516 -1.8814088 1.9069827 0.12562516 -1.8801066 1.9069337 0.10867276 -1.8800485 1.9089029 0.1087971 -1.8956465 1.9659008 0.13565427 -1.8999279 1.9661536 0.13636857 -1.8999257 1.962899 0.1363235 -1.8956465 1.9659008 0.13565427 -1.8999476 2.0001032 0.13684253 -1.8999279 1.9661536 0.13636857 -1.8957083 2.0274246 0.13588648 -1.8999476 2.0001032 0.13684253 -1.8956465 1.9659008 0.13565427 -1.8955846 1.9045087 0.13128096 -1.8999705 1.9214265 0.13353451 -1.8999773 1.9139988 0.133036 -1.8955846 1.9045087 0.13128096 -1.8999285 1.9607617 0.1361801 -1.8999705 1.9214265 0.13353451 -1.8956465 1.9659008 0.13565427 -1.8999285 1.9607617 0.1361801 -1.8955846 1.9045087 0.13128096 -1.8955846 1.9045087 0.13128096 -1.9000641 1.8821049 0.1291776 -1.9001096 1.8653395 0.12715071 -1.8955846 1.9045087 0.13128096 -1.9000028 1.9047414 0.13191608 -1.9000641 1.8821049 0.1291776 -1.8999773 1.9139988 0.133036 -1.9000028 1.9047414 0.13191608 -1.8955846 1.9045087 0.13128096 -1.8999257 1.962899 0.1363235 -1.8999285 1.9607617 0.1361801 -1.8956465 1.9659008 0.13565427 -1.8955232 1.8434817 0.12278023 -1.8955846 1.9045087 0.13128096 -1.9001096 1.8653395 0.12715071 -1.8885754 1.8592969 0.1240203 -1.8955846 1.9045087 0.13128096 -1.8955232 1.8434817 0.12278023 -1.8844879 1.9039342 0.1289919 -1.8878926 1.8653556 0.12472375 -1.8852516 1.8888162 0.12744717 -1.8844879 1.9039342 0.1289919 -1.8955846 1.9045087 0.13128096 -1.8878926 1.8653556 0.12472375 -1.8843443 1.9067714 0.1292814 -1.8955846 1.9045087 0.13128096 -1.8844879 1.9039342 0.1289919 -1.8843443 1.9067714 0.1292814 -1.8956465 1.9659008 0.13565427 -1.8955846 1.9045087 0.13128096 -1.8834168 1.9534485 0.13262081 -1.8956465 1.9659008 0.13565427 -1.8843443 1.9067714 0.1292814 -1.8885754 1.8592969 0.1240203 -1.8878926 1.8653556 0.12472375 -1.8955846 1.9045087 0.13128096 -1.8957083 2.0274246 0.13588648 -1.8833264 1.9651181 0.13296773 -1.8831457 2.0001187 0.13370252 -1.8956465 1.9659008 0.13565427 -1.8833264 1.9651181 0.13296773 -1.8957083 2.0274246 0.13588648 -1.8956465 1.9659008 0.13565427 -1.8833755 1.9554716 0.13276556 -1.8833264 1.9651181 0.13296773 -1.8834168 1.9534485 0.13262081 -1.8833755 1.9554716 0.13276556 -1.8956465 1.9659008 0.13565427 -1.9498291 2.2733011 0.099620298 -1.9477187 2.2764726 0.057933263 -2.0003822 2.2751267 0.10112131 -1.9209157 2.2541842 0.092896447 -1.912887 2.2371249 0.095195122 -1.9205472 2.2542412 0.091650829 -1.9191846 2.257417 0.088942453 -1.9190319 2.2548423 0.089708619 -1.9180578 2.2553198 0.089229234 -1.9213248 2.2588546 0.089160904 -1.9190319 2.2548423 0.089708619 -1.9191846 2.257417 0.088942453 -1.9213248 2.2588546 0.089160904 -1.9193919 2.2546663 0.089884825 -1.9190319 2.2548423 0.089708619 -1.9216559 2.2586386 0.089338519 -1.9193919 2.2546663 0.089884825 -1.9213248 2.2588546 0.089160904 -1.9216559 2.2586386 0.089338519 -1.9199017 2.2544639 0.090539053 -1.9193919 2.2546663 0.089884825 -1.9221261 2.2583723 0.089987263 -1.9199017 2.2544639 0.090539053 -1.9216559 2.2586386 0.089338519 -1.9221261 2.2583723 0.089987263 -1.9204104 2.2542615 0.091191925 -1.9199017 2.2544639 0.090539053 -1.9225975 2.258106 0.090636 -1.9204104 2.2542615 0.091191925 -1.9221261 2.2583723 0.089987263 -1.9225975 2.258106 0.090636 -1.9205472 2.2542412 0.091650829 -1.9204104 2.2542615 0.091191925 -1.9227259 2.2580643 0.091089487 -1.9205472 2.2542412 0.091650829 -1.9225975 2.258106 0.090636 -1.9227259 2.2580643 0.091089487 -1.9209157 2.2541842 0.092896447 -1.9205472 2.2542412 0.091650829 -1.9230739 2.2579486 0.092321403 -1.9209157 2.2541842 0.092896447 -1.9227259 2.2580643 0.091089487 -1.9191846 2.257417 0.088942453 -1.9204277 2.2594438 0.088676088 -1.9213248 2.2588546 0.089160904 -1.9254838 2.2626998 0.087196924 -1.9241606 2.2621644 0.087532915 -1.9248621 2.2626741 0.086810417 -1.9254838 2.2626998 0.087196924 -1.9242802 2.261586 0.088326462 -1.9241606 2.2621644 0.087532915 -1.9248993 2.2615213 0.088946529 -1.9242802 2.261586 0.088326462 -1.9254838 2.2626998 0.087196924 -1.9248993 2.2615213 0.088946529 -1.9235452 2.259975 0.089701779 -1.9242802 2.261586 0.088326462 -1.9254252 2.2616036 0.089666314 -1.9235452 2.259975 0.089701779 -1.9248993 2.2615213 0.088946529 -1.9254252 2.2616036 0.089666314 -1.9227259 2.2580643 0.091089487 -1.9235452 2.259975 0.089701779 -1.9232806 2.2582633 0.092268124 -1.9227259 2.2580643 0.091089487 -1.9254252 2.2616036 0.089666314 -1.9228314 2.2602515 0.088930123 -1.9216559 2.2586386 0.089338519 -1.9213248 2.2588546 0.089160904 -1.9228314 2.2602515 0.088930123 -1.9221261 2.2583723 0.089987263 -1.9216559 2.2586386 0.089338519 -1.9235452 2.259975 0.089701779 -1.9221261 2.2583723 0.089987263 -1.9228314 2.2602515 0.088930123 -1.9235452 2.259975 0.089701779 -1.9225975 2.258106 0.090636 -1.9221261 2.2583723 0.089987263 -1.9227259 2.2580643 0.091089487 -1.9225975 2.258106 0.090636 -1.9235452 2.259975 0.089701779 -1.9270941 2.2635183 0.08801502 -1.9265074 2.2635076 0.085522436 -1.9274358 2.2641666 0.08559484 -1.9260361 2.2628109 0.087565728 -1.9265074 2.2635076 0.085522436 -1.9270941 2.2635183 0.08801502 -1.9260361 2.2628109 0.087565728 -1.9251949 2.2629158 0.086467579 -1.9265074 2.2635076 0.085522436 -1.9250026 2.2627754 0.086665608 -1.9251949 2.2629158 0.086467579 -1.9260361 2.2628109 0.087565728 -1.9254252 2.2616036 0.089666314 -1.9270941 2.2635183 0.08801502 -1.9258492 2.2618554 0.090372413 -1.9254252 2.2616036 0.089666314 -1.9260361 2.2628109 0.087565728 -1.9270941 2.2635183 0.08801502 -1.9248993 2.2615213 0.088946529 -1.9260361 2.2628109 0.087565728 -1.9254252 2.2616036 0.089666314 -1.9254252 2.2616036 0.089666314 -1.9258492 2.2618554 0.090372413 -1.9232806 2.2582633 0.092268124 -1.9242802 2.261586 0.088326462 -1.9236046 2.2617674 0.087745994 -1.9238448 2.2619388 0.087654471 -1.9242802 2.261586 0.088326462 -1.9221513 2.2607303 0.08830186 -1.9236046 2.2617674 0.087745994 -1.9228314 2.2602515 0.088930123 -1.9221513 2.2607303 0.08830186 -1.9242802 2.261586 0.088326462 -1.9228314 2.2602515 0.088930123 -1.9220432 2.2606525 0.088342868 -1.9221513 2.2607303 0.08830186 -1.9215111 2.260273 0.088546328 -1.9220432 2.2606525 0.088342868 -1.9228314 2.2602515 0.088930123 -1.9265074 2.2635076 0.085522436 -1.9254111 2.2631314 0.085776523 -1.9254172 2.2631726 0.085504673 -1.9251949 2.2629158 0.086467579 -1.9254111 2.2631314 0.085776523 -1.9265074 2.2635076 0.085522436 -1.9254838 2.2626998 0.087196924 -1.9260361 2.2628109 0.087565728 -1.9248993 2.2615213 0.088946529 -1.9254838 2.2626998 0.087196924 -1.9250026 2.2627754 0.086665608 -1.9260361 2.2628109 0.087565728 -1.9248621 2.2626741 0.086810417 -1.9250026 2.2627754 0.086665608 -1.9254838 2.2626998 0.087196924 -1.9238448 2.2619388 0.087654471 -1.9241606 2.2621644 0.087532915 -1.9242802 2.261586 0.088326462 -1.9213248 2.2588546 0.089160904 -1.9215111 2.260273 0.088546328 -1.9228314 2.2602515 0.088930123 -1.9213248 2.2588546 0.089160904 -1.9213754 2.2601717 0.088569522 -1.9215111 2.260273 0.088546328 -1.9212396 2.2600689 0.088591412 -1.9213754 2.2601717 0.088569522 -1.9213248 2.2588546 0.089160904 -1.9213248 2.2588546 0.089160904 -1.9206978 2.2596543 0.088656969 -1.9208325 2.2597582 0.088643283 -1.9213248 2.2588546 0.089160904 -1.9205621 2.2595491 0.088666528 -1.9206978 2.2596543 0.088656969 -1.9204277 2.2594438 0.088676088 -1.9205621 2.2595491 0.088666528 -1.9213248 2.2588546 0.089160904 -1.9213248 2.2588546 0.089160904 -1.9211038 2.2599661 0.08861053 -1.9212396 2.2600689 0.088591412 -1.9213248 2.2588546 0.089160904 -1.9209682 2.2598622 0.088628292 -1.9211038 2.2599661 0.08861053 -1.9208325 2.2597582 0.088643283 -1.9209682 2.2598622 0.088628292 -1.9213248 2.2588546 0.089160904 -1.9235452 2.259975 0.089701779 -1.9228314 2.2602515 0.088930123 -1.9242802 2.261586 0.088326462 -1.9232806 2.2582633 0.092268124 -1.9230739 2.2579486 0.092321403 -1.9227259 2.2580643 0.091089487 -1.9243422 2.2623711 0.087287031 -1.9241606 2.2621644 0.087532915 -1.9238448 2.2619388 0.087654471 -1.9243422 2.2623711 0.087287031 -1.9248621 2.2626741 0.086810417 -1.9241606 2.2621644 0.087532915 -1.9254111 2.2631314 0.085776523 -1.9251949 2.2629158 0.086467579 -1.9250026 2.2627754 0.086665608 -1.9270941 2.2635183 0.08801502 -1.9331483 2.2672536 0.09971182 -1.9258492 2.2618554 0.090372413 -1.9274358 2.2641666 0.08559484 -1.9331483 2.2672536 0.09971182 -1.9270941 2.2635183 0.08801502 -1.9230739 2.2579486 0.092321403 -1.9211229 2.2538216 0.097403578 -1.9209157 2.2541842 0.092896447 -1.9232806 2.2582633 0.092268124 -1.9263391 2.2610383 0.10058314 -1.9230739 2.2579486 0.092321403 -1.9232806 2.2582633 0.092268124 -1.9258492 2.2618554 0.090372413 -1.9263391 2.2610383 0.10058314 -1.9477187 2.2764726 0.057933263 -1.9498291 2.2733011 0.099620298 -1.9412421 2.2714283 0.099394888 -1.9209157 2.2541842 0.092896447 -1.9211229 2.2538216 0.097403578 -1.912887 2.2371249 0.095195122 -1.9263391 2.2610383 0.10058314 -1.9258492 2.2618554 0.090372413 -1.9264605 2.2612214 0.10055175 -1.9331483 2.2672536 0.09971182 -1.9264605 2.2612214 0.10055175 -1.9258492 2.2618554 0.090372413 -1.9230739 2.2579486 0.092321403 -1.9263391 2.2610383 0.10058314 -1.9211229 2.2538216 0.097403578 -1.9498034 2.2715564 0.10264414 -1.983874 2.2724328 0.10471746 -1.9498492 2.2705793 0.10319593 -1.9498034 2.2715564 0.10264414 -2.0003808 2.2736504 0.10440466 -1.983874 2.2724328 0.10471746 -1.9497869 2.2719116 0.10244475 -2.0003808 2.2736504 0.10440466 -1.9498034 2.2715564 0.10264414 -1.9497869 2.2719116 0.10244475 -2.0003815 2.2745171 0.10356881 -2.0003808 2.2736504 0.10440466 -1.9497838 2.2723894 0.10181513 -2.0003815 2.2745171 0.10356881 -1.9497869 2.2719116 0.10244475 -1.9497927 2.2729838 0.1007689 -1.9498291 2.2733011 0.099620298 -2.0003822 2.2751102 0.10248435 -2.0003808 2.2736504 0.10440466 -2.0003793 2.2724023 0.10470655 -1.9880507 2.2724247 0.10471469 -1.9880507 2.2724247 0.10471469 -1.983874 2.2724328 0.10471746 -2.0003808 2.2736504 0.10440466 -2.0003815 2.2745171 0.10356881 -1.9497807 2.2728684 0.10118544 -2.0003822 2.2751102 0.10248435 -1.9497838 2.2723894 0.10181513 -1.9497807 2.2728684 0.10118544 -2.0003815 2.2745171 0.10356881 -1.9497807 2.2728684 0.10118544 -1.9497927 2.2729838 0.1007689 -2.0003822 2.2751102 0.10248435 -1.9637357 2.2490177 0.1072278 -1.9689093 2.2506542 0.10529793 -1.9639273 2.248379 0.1055902 -1.9637357 2.2490177 0.1072278 -1.9806243 2.2538722 0.1048936 -1.9689093 2.2506542 0.10529793 -1.9816741 2.2546751 0.10651893 -1.9806243 2.2538722 0.1048936 -1.9637357 2.2490177 0.1072278 -1.9816741 2.2546751 0.10651893 -1.9817431 2.2541809 0.10485537 -1.9806243 2.2538722 0.1048936 -1.9832017 2.2545807 0.10480485 -1.9817431 2.2541809 0.10485537 -1.9816741 2.2546751 0.10651893 -1.9553655 2.2444696 0.10609148 -1.9637357 2.2490177 0.1072278 -1.9639273 2.248379 0.1055902 -1.9549572 2.2441978 0.10612839 -1.9637357 2.2490177 0.1072278 -1.9553655 2.2444696 0.10609148 -1.9970767 2.2561321 0.10461096 -2.0004368 2.2565777 0.10628267 -2.0004351 2.2561827 0.10460553 -1.9970767 2.2561321 0.10461096 -1.9816741 2.2546751 0.10651893 -2.0004368 2.2565777 0.10628267 -1.9832017 2.2545807 0.10480485 -1.9816741 2.2546751 0.10651893 -1.9970767 2.2561321 0.10461096 -1.9639273 2.248379 0.1055902 -1.9550531 2.2440057 0.098192997 -1.9553655 2.2444696 0.10609148 -1.9639273 2.248379 0.1055902 -1.980623 2.2538345 0.098192997 -1.9550531 2.2440057 0.098192997 -1.9689093 2.2506542 0.10529793 -1.980623 2.2538345 0.098192997 -1.9639273 2.248379 0.1055902 -2.0003629 2.2559822 0.098193064 -1.9970767 2.2561321 0.10461096 -2.0004351 2.2561827 0.10460553 -2.0003629 2.2559822 0.098193064 -1.9832017 2.2545807 0.10480485 -1.9970767 2.2561321 0.10461096 -1.980623 2.2538345 0.098192997 -1.9832017 2.2545807 0.10480485 -2.0003629 2.2559822 0.098193064 -1.980623 2.2538345 0.098192997 -1.9817431 2.2541809 0.10485537 -1.9832017 2.2545807 0.10480485 -1.9806243 2.2538722 0.1048936 -1.9817431 2.2541809 0.10485537 -1.980623 2.2538345 0.098192997 -1.9689093 2.2506542 0.10529793 -1.9806243 2.2538722 0.1048936 -1.980623 2.2538345 0.098192997 -2.0003793 2.2724023 0.10470655 -2.0004504 2.2606602 0.10844887 -1.9880507 2.2724247 0.10471469 -1.9633756 2.250083 0.10869741 -1.9637357 2.2490177 0.1072278 -1.9465929 2.2407532 0.1098898 -1.9633756 2.250083 0.10869741 -1.9816741 2.2546751 0.10651893 -1.9637357 2.2490177 0.1072278 -1.9814916 2.2557917 0.10799126 -1.9816741 2.2546751 0.10651893 -1.9633756 2.250083 0.10869741 -1.9814916 2.2557917 0.10799126 -2.0004368 2.2565777 0.10628267 -1.9816741 2.2546751 0.10651893 -2.0004389 2.2577114 0.10775641 -2.0004368 2.2565777 0.10628267 -1.9814916 2.2557917 0.10799126 -2.0004504 2.2606602 0.10844887 -1.9880407 2.2599766 0.10853213 -1.9904774 2.2604232 0.10847891 -2.0004504 2.2606602 0.10844887 -2.0004406 2.2593381 0.10850482 -1.9880407 2.2599766 0.10853213 -1.9809531 2.2586744 0.10868786 -1.9812026 2.2573884 0.10873973 -1.9755919 2.2576902 0.10880534 -1.9809531 2.2586744 0.10868786 -2.0004406 2.2593381 0.10850482 -1.9812026 2.2573884 0.10873973 -1.9880407 2.2599766 0.10853213 -2.0004406 2.2593381 0.10850482 -1.9809531 2.2586744 0.10868786 -1.9633756 2.250083 0.10869741 -1.9628106 2.251591 0.1094486 -1.9814916 2.2557917 0.10799126 -1.9812026 2.2573884 0.10873973 -1.9814916 2.2557917 0.10799126 -1.9628106 2.251591 0.1094486 -1.9812026 2.2573884 0.10873973 -2.0004389 2.2577114 0.10775641 -1.9814916 2.2557917 0.10799126 -2.0004406 2.2593381 0.10850482 -2.0004389 2.2577114 0.10775641 -1.9812026 2.2573884 0.10873973 -1.9809531 2.2586744 0.10868786 -1.9755919 2.2576902 0.10880534 -1.9880507 2.2724247 0.10471469 -1.9880507 2.2724247 0.10471469 -1.9880407 2.2599766 0.10853213 -1.9809531 2.2586744 0.10868786 -1.9880507 2.2724247 0.10471469 -1.9904774 2.2604232 0.10847891 -1.9880407 2.2599766 0.10853213 -2.0004504 2.2606602 0.10844887 -1.9904774 2.2604232 0.10847891 -1.9880507 2.2724247 0.10471469 -1.9332062 2.226994 0.098192997 -1.9317251 2.2258956 0.10860317 -1.9328617 2.2269418 0.1084584 -1.9332062 2.226994 0.098192997 -1.922455 2.2142794 0.11027494 -1.9317251 2.2258956 0.10860317 -1.916883 2.2041986 0.09819302 -1.922455 2.2142794 0.11027494 -1.9332062 2.226994 0.098192997 -1.916883 2.2041986 0.09819302 -1.9210663 2.2118652 0.11063962 -1.922455 2.2142794 0.11027494 -1.9332062 2.226994 0.098192997 -1.9473895 2.2391634 0.1067935 -1.9550531 2.2440057 0.098192997 -1.9332062 2.226994 0.098192997 -1.9428736 2.2361591 0.10719092 -1.9473895 2.2391634 0.1067935 -1.9330659 2.2271297 0.10843246 -1.9428736 2.2361591 0.10719092 -1.9332062 2.226994 0.098192997 -1.9328617 2.2269418 0.1084584 -1.9330659 2.2271297 0.10843246 -1.9332062 2.226994 0.098192997 -1.9471189 2.2397721 0.10842426 -1.9428736 2.2361591 0.10719092 -1.9330659 2.2271297 0.10843246 -1.9473895 2.2391634 0.1067935 -1.9428736 2.2361591 0.10719092 -1.9471189 2.2397721 0.10842426 -1.9167067 2.2042878 0.11178279 -1.9210663 2.2118652 0.11063962 -1.916883 2.2041986 0.09819302 -1.914754 2.200892 0.11229499 -1.9167067 2.2042878 0.11178279 -1.916883 2.2041986 0.09819302 -1.9218354 2.2534773 0.10351828 -1.905412 2.2156348 0.110488 -1.9216999 2.2534711 0.10308805 -1.9223204 2.2533312 0.10415062 -1.9060467 2.2155514 0.1116011 -1.9218354 2.2534773 0.10351828 -1.9550531 2.2440057 0.098192997 -1.9549572 2.2441978 0.10612839 -1.9553655 2.2444696 0.10609148 -1.9550531 2.2440057 0.098192997 -1.9473895 2.2391634 0.1067935 -1.9549572 2.2441978 0.10612839 -1.9336289 2.2665758 0.10192854 -1.9411674 2.2711387 0.10054491 -1.9413517 2.2705867 0.10160889 -1.9332633 2.2670302 0.10086585 -1.9410883 2.2713747 0.099394947 -1.9411674 2.2711387 0.10054491 -1.9497927 2.2729838 0.1007689 -1.9412421 2.2714283 0.099394888 -1.9498291 2.2733011 0.099620298 -1.9497927 2.2729838 0.1007689 -1.9411674 2.2711387 0.10054491 -1.9412421 2.2714283 0.099394888 -1.9497807 2.2728684 0.10118544 -1.9411674 2.2711387 0.10054491 -1.9497927 2.2729838 0.1007689 -1.9497807 2.2728684 0.10118544 -1.9413517 2.2705867 0.10160889 -1.9411674 2.2711387 0.10054491 -1.9497838 2.2723894 0.10181513 -1.9413517 2.2705867 0.10160889 -1.9497807 2.2728684 0.10118544 -1.9411674 2.2711387 0.10054491 -1.9410883 2.2713747 0.099394947 -1.9412421 2.2714283 0.099394888 -1.9413517 2.2705867 0.10160889 -1.9416196 2.2697849 0.10243383 -1.9336289 2.2665758 0.10192854 -1.9413517 2.2705867 0.10160889 -1.9497869 2.2719116 0.10244475 -1.9416196 2.2697849 0.10243383 -1.9497838 2.2723894 0.10181513 -1.9497869 2.2719116 0.10244475 -1.9413517 2.2705867 0.10160889 -1.9419343 2.2688527 0.10292962 -1.9416196 2.2697849 0.10243383 -1.9422272 2.2689164 0.10294054 -1.9419343 2.2688527 0.10292962 -1.9341239 2.2658918 0.10274935 -1.9416196 2.2697849 0.10243383 -1.9498034 2.2715564 0.10264414 -1.9416196 2.2697849 0.10243383 -1.9497869 2.2719116 0.10244475 -1.9498034 2.2715564 0.10264414 -1.9422272 2.2689164 0.10294054 -1.9416196 2.2697849 0.10243383 -1.9498492 2.2705793 0.10319593 -1.9422272 2.2689164 0.10294054 -1.9498034 2.2715564 0.10264414 -1.9263391 2.2610383 0.10058314 -1.921329 2.2534578 0.10190935 -1.9211229 2.2538216 0.097403578 -1.9231421 2.2530382 0.10497285 -1.9228038 2.2531853 0.10478438 -1.927829 2.260175 0.10363707 -1.9223204 2.2533312 0.10415062 -1.9271357 2.2606926 0.10281491 -1.9228038 2.2531853 0.10478438 -1.9218354 2.2534773 0.10351828 -1.9271357 2.2606926 0.10281491 -1.9223204 2.2533312 0.10415062 -1.9216999 2.2534711 0.10308805 -1.9266212 2.2610042 0.10174 -1.9218354 2.2534773 0.10351828 -1.921329 2.2534578 0.10190935 -1.9263391 2.2610383 0.10058314 -1.9216999 2.2534711 0.10308805 -1.927829 2.260175 0.10363707 -1.9240659 2.2526348 0.10548911 -1.9231421 2.2530382 0.10497285 -1.927829 2.260175 0.10363707 -1.9286444 2.2595034 0.10412607 -1.9240659 2.2526348 0.10548911 -1.9162546 2.2358084 0.10896377 -1.9231421 2.2530382 0.10497285 -1.9240659 2.2526348 0.10548911 -1.9216999 2.2534711 0.10308805 -1.9092971 2.2265077 0.10729064 -1.921329 2.2534578 0.10190935 -1.9211229 2.2538216 0.097403578 -1.921329 2.2534578 0.10190935 -1.9092971 2.2265077 0.10729064 -1.9332633 2.2670302 0.10086585 -1.9266212 2.2610042 0.10174 -1.9331483 2.2672536 0.09971182 -1.9336289 2.2665758 0.10192854 -1.9266212 2.2610042 0.10174 -1.9332633 2.2670302 0.10086585 -1.9332633 2.2670302 0.10086585 -1.9411674 2.2711387 0.10054491 -1.9336289 2.2665758 0.10192854 -1.9331483 2.2672536 0.09971182 -1.9410883 2.2713747 0.099394947 -1.9332633 2.2670302 0.10086585 -1.9266212 2.2610042 0.10174 -1.9264605 2.2612214 0.10055175 -1.9331483 2.2672536 0.09971182 -1.9266212 2.2610042 0.10174 -1.9263391 2.2610383 0.10058314 -1.9264605 2.2612214 0.10055175 -1.927829 2.260175 0.10363707 -1.9346824 2.2650862 0.10323835 -1.9289137 2.2599056 0.10404547 -1.927829 2.260175 0.10363707 -1.9341239 2.2658918 0.10274935 -1.9346824 2.2650862 0.10323835 -1.9336289 2.2665758 0.10192854 -1.9341239 2.2658918 0.10274935 -1.927829 2.260175 0.10363707 -1.9336289 2.2665758 0.10192854 -1.9416196 2.2697849 0.10243383 -1.9341239 2.2658918 0.10274935 -1.9336289 2.2665758 0.10192854 -1.9271357 2.2606926 0.10281491 -1.9266212 2.2610042 0.10174 -1.927829 2.260175 0.10363707 -1.9271357 2.2606926 0.10281491 -1.9336289 2.2665758 0.10192854 -1.927829 2.260175 0.10363707 -1.9228038 2.2531853 0.10478438 -1.9271357 2.2606926 0.10281491 -1.9218354 2.2534773 0.10351828 -1.9266212 2.2610042 0.10174 -1.9271357 2.2606926 0.10281491 -1.9216999 2.2534711 0.10308805 -1.9263391 2.2610383 0.10058314 -1.9266212 2.2610042 0.10174 -1.9346824 2.2650862 0.10323835 -1.9341239 2.2658918 0.10274935 -1.9419343 2.2688527 0.10292962 -1.9289137 2.2599056 0.10404547 -1.9286444 2.2595034 0.10412607 -1.927829 2.260175 0.10363707 -1.9223204 2.2533312 0.10415062 -1.9228038 2.2531853 0.10478438 -1.9060467 2.2155514 0.1116011 -1.9228038 2.2531853 0.10478438 -1.9231421 2.2530382 0.10497285 -1.9069312 2.2153211 0.11243153 -1.9465929 2.2407532 0.1098898 -1.9637357 2.2490177 0.1072278 -1.9471189 2.2397721 0.10842426 -1.9549572 2.2441978 0.10612839 -1.9471189 2.2397721 0.10842426 -1.9637357 2.2490177 0.1072278 -1.9473895 2.2391634 0.1067935 -1.9471189 2.2397721 0.10842426 -1.9549572 2.2441978 0.10612839 -1.9326221 2.2273884 0.11010011 -1.9328617 2.2269418 0.1084584 -1.9317251 2.2258956 0.10860317 -1.9330659 2.2271297 0.10843246 -1.9328617 2.2269418 0.1084584 -1.9326221 2.2273884 0.11010011 -1.9471189 2.2397721 0.10842426 -1.9330659 2.2271297 0.10843246 -1.9326221 2.2273884 0.11010011 -1.9755919 2.2576902 0.10880534 -1.9628106 2.251591 0.1094486 -1.9622492 2.2529926 0.10937761 -1.9755919 2.2576902 0.10880534 -1.9812026 2.2573884 0.10873973 -1.9628106 2.251591 0.1094486 -1.9162546 2.2358084 0.10896377 -1.9240659 2.2526348 0.10548911 -1.9358392 2.2362878 0.11150008 -1.9240659 2.2526348 0.10548911 -1.9286444 2.2595034 0.10412607 -1.9422017 2.2411013 0.1108786 -1.9286444 2.2595034 0.10412607 -1.9289137 2.2599056 0.10404547 -1.9422017 2.2411013 0.1108786 -1.9289137 2.2599056 0.10404547 -1.9450532 2.2432594 0.11060002 -1.9422017 2.2411013 0.1108786 -1.9289137 2.2599056 0.10404547 -1.9346824 2.2650862 0.10323835 -1.9450532 2.2432594 0.11060002 -1.9346824 2.2650862 0.10323835 -1.9479504 2.2454515 0.11031726 -1.9450532 2.2432594 0.11060002 -1.9346824 2.2650862 0.10323835 -1.9419343 2.2688527 0.10292962 -1.9479504 2.2454515 0.11031726 -1.9419343 2.2688527 0.10292962 -1.9614027 2.2526948 0.10941307 -1.9479504 2.2454515 0.11031726 -1.9419343 2.2688527 0.10292962 -1.9422272 2.2689164 0.10294054 -1.9614027 2.2526948 0.10941307 -1.9422272 2.2689164 0.10294054 -1.9498492 2.2705793 0.10319593 -1.9614027 2.2526948 0.10941307 -1.9498492 2.2705793 0.10319593 -1.9622492 2.2529926 0.10937761 -1.9614027 2.2526948 0.10941307 -1.9498492 2.2705793 0.10319593 -1.983874 2.2724328 0.10471746 -1.9622492 2.2529926 0.10937761 -1.9622492 2.2529926 0.10937761 -1.983874 2.2724328 0.10471746 -1.9755919 2.2576902 0.10880534 -1.983874 2.2724328 0.10471746 -1.9880507 2.2724247 0.10471469 -1.9755919 2.2576902 0.10880534 -1.9498291 2.2733011 0.099620298 -2.0003822 2.2751267 0.10112131 -2.0003822 2.2751102 0.10248435 -1.8589382 2.1025863 0.098034538 -1.8654954 2.0946128 0.093435876 -1.8607702 2.099494 0.092317313 -1.8623091 2.0639801 0.094497144 -1.8654954 2.0946128 0.093435876 -1.8761504 2.0843863 0.095744118 -1.8607702 2.099494 0.092317313 -1.8654954 2.0946128 0.093435876 -1.8623091 2.0639801 0.094497144 -1.8495249 2.0001514 0.088084668 -1.8550113 2.0635762 0.092057846 -1.856167 2.0001447 0.093745895 -1.8483808 2.0630536 0.086404704 -1.8550113 2.0635762 0.092057846 -1.8495249 2.0001514 0.088084668 -1.8495249 2.0001514 0.088084668 -1.8449773 2.0001559 0.080194458 -1.8438458 2.0625174 0.07852269 -1.8438458 2.0625174 0.07852269 -1.8483808 2.0630536 0.086404704 -1.8495249 2.0001514 0.088084668 -1.8550113 2.0635762 0.092057846 -1.8636228 2.0001359 0.096402407 -1.856167 2.0001447 0.093745895 -1.8550113 2.0635762 0.092057846 -1.8629942 2.0481925 0.095465474 -1.8636228 2.0001359 0.096402407 -1.8628933 2.0505104 0.095323376 -1.8629942 2.0481925 0.095465474 -1.8550113 2.0635762 0.092057846 -1.8550113 2.0635762 0.092057846 -1.8623091 2.0639801 0.094497144 -1.8628933 2.0505104 0.095323376 -1.8483808 2.0630536 0.086404704 -1.8489331 2.1122162 0.085944504 -1.8550113 2.0635762 0.092057846 -1.8457236 2.1156385 0.082214452 -1.8489331 2.1122162 0.085944504 -1.8483808 2.0630536 0.086404704 -1.843707 2.1177905 0.079870746 -1.8483808 2.0630536 0.086404704 -1.8438458 2.0625174 0.07852269 -1.8457236 2.1156385 0.082214452 -1.8483808 2.0630536 0.086404704 -1.843707 2.1177905 0.079870746 -1.8539302 2.1068068 0.089567922 -1.8550113 2.0635762 0.092057846 -1.8527877 2.1080434 0.088738911 -1.8573916 2.1031058 0.090959698 -1.8550113 2.0635762 0.092057846 -1.8539302 2.1068068 0.089567922 -1.8489331 2.1122162 0.085944504 -1.8527877 2.1080434 0.088738911 -1.8550113 2.0635762 0.092057846 -1.8410461 2.1237895 0.093191408 -1.843707 2.1177905 0.079870746 -1.8406553 2.1207559 0.073904917 -1.8410461 2.1237895 0.093191408 -1.8457236 2.1156385 0.082214452 -1.843707 2.1177905 0.079870746 -1.8489331 2.1122162 0.085944504 -1.8457236 2.1156385 0.082214452 -1.8410461 2.1237895 0.093191408 -1.8489331 2.1122162 0.085944504 -1.8410461 2.1237895 0.093191408 -1.8527877 2.1080434 0.088738911 -1.8383718 2.1282058 0.092426598 -1.8412517 2.1242094 0.094445221 -1.8410461 2.1237895 0.093191408 -1.8383718 2.1282058 0.092426598 -1.838115 2.1296122 0.093505569 -1.8412517 2.1242094 0.094445221 -1.8380247 2.1293676 0.092272229 -1.838115 2.1296122 0.093505569 -1.8383718 2.1282058 0.092426598 -1.8380247 2.1293676 0.092272229 -1.836544 2.1356828 0.092656024 -1.838115 2.1296122 0.093505569 -1.8387096 2.1300504 0.094625495 -1.8371984 2.1359005 0.093724079 -1.8377218 2.1360493 0.09434963 -1.8366749 2.1357505 0.093098529 -1.8371984 2.1359005 0.093724079 -1.8387096 2.1300504 0.094625495 -1.8366749 2.1357505 0.093098529 -1.838115 2.1296122 0.093505569 -1.836544 2.1356828 0.092656024 -1.8387096 2.1300504 0.094625495 -1.838115 2.1296122 0.093505569 -1.8366749 2.1357505 0.093098529 -1.8387096 2.1300504 0.094625495 -1.8413287 2.1243663 0.094912335 -1.838115 2.1296122 0.093505569 -1.8380247 2.1293676 0.092272229 -1.8361909 2.135499 0.091451362 -1.836544 2.1356828 0.092656024 -1.8413287 2.1243663 0.094912335 -1.8412517 2.1242094 0.094445221 -1.838115 2.1296122 0.093505569 -1.8573916 2.1031058 0.090959698 -1.8623091 2.0639801 0.094497144 -1.8550113 2.0635762 0.092057846 -1.8607702 2.099494 0.092317313 -1.8623091 2.0639801 0.094497144 -1.8573916 2.1031058 0.090959698 -1.8575293 2.1040101 0.097717665 -1.8539302 2.1068068 0.089567922 -1.8527877 2.1080434 0.088738911 -1.8575293 2.1040101 0.097717665 -1.8573916 2.1031058 0.090959698 -1.8539302 2.1068068 0.089567922 -1.8579214 2.1036146 0.097806469 -1.8607702 2.099494 0.092317313 -1.8573916 2.1031058 0.090959698 -1.8527877 2.1080434 0.088738911 -1.8410461 2.1237895 0.093191408 -1.8575293 2.1040101 0.097717665 -1.8750372 2.0266752 0.097930729 -1.8760211 2.0001247 0.098558992 -1.8750302 2.0005221 0.097888418 -1.8755045 2.0508952 0.097012974 -1.8760211 2.0001247 0.098558992 -1.8750372 2.0266752 0.097930729 -1.8755045 2.0508952 0.097012974 -1.8772236 2.0834634 0.096280858 -1.8760211 2.0001247 0.098558992 -1.8760211 2.0001247 0.098558992 -1.875031 2.0001256 0.097888418 -1.8750302 2.0005221 0.097888418 -1.8777105 2.0830441 0.096523978 -1.8760211 2.0001247 0.098558992 -1.8772236 2.0834634 0.096280858 -1.8777105 2.0830441 0.096523978 -1.8770281 2.0001237 0.099398986 -1.8760211 2.0001247 0.098558992 -1.8782488 2.0825255 0.097097598 -1.8770281 2.0001237 0.099398986 -1.8777105 2.0830441 0.096523978 -1.8785638 2.081779 0.097988158 -1.8770281 2.0001237 0.099398986 -1.8782488 2.0825255 0.097097598 -1.8785638 2.081779 0.097988158 -1.8777219 2.000123 0.10057904 -1.8770281 2.0001237 0.099398986 -1.8787062 2.0814376 0.098393783 -1.8777219 2.000123 0.10057904 -1.8785638 2.081779 0.097988158 -1.8787062 2.0814376 0.098393783 -1.8781468 2.0001225 0.10160614 -1.8777219 2.000123 0.10057904 -1.8782554 2.0353801 0.10145184 -1.8781468 2.0001225 0.10160614 -1.8787062 2.0814376 0.098393783 -1.8787062 2.0814376 0.098393783 -1.8791589 2.0803623 0.099674918 -1.8782554 2.0353801 0.10145184 -1.8793763 2.0805728 0.1024161 -1.8782554 2.0353801 0.10145184 -1.8791589 2.0803623 0.099674918 -1.8793763 2.0805728 0.1024161 -1.8781468 2.0001225 0.10160614 -1.8782554 2.0353801 0.10145184 -1.8750372 2.0266752 0.097930729 -1.8629942 2.0481925 0.095465474 -1.8755045 2.0508952 0.097012974 -1.8750302 2.0005221 0.097888418 -1.8636228 2.0001359 0.096402407 -1.8750372 2.0266752 0.097930729 -1.875031 2.0001256 0.097888418 -1.8636228 2.0001359 0.096402407 -1.8750302 2.0005221 0.097888418 -1.8623091 2.0639801 0.094497144 -1.8761504 2.0843863 0.095744118 -1.8755045 2.0508952 0.097012974 -1.8755045 2.0508952 0.097012974 -1.8628933 2.0505104 0.095323376 -1.8623091 2.0639801 0.094497144 -1.8755045 2.0508952 0.097012974 -1.8629942 2.0481925 0.095465474 -1.8628933 2.0505104 0.095323376 -1.8750372 2.0266752 0.097930729 -1.8636228 2.0001359 0.096402407 -1.8629942 2.0481925 0.095465474 -1.879079 2.0821683 0.10229997 -1.8785638 2.081779 0.097988158 -1.8782488 2.0825255 0.097097598 -1.879079 2.0821683 0.10229997 -1.8787062 2.0814376 0.098393783 -1.8785638 2.081779 0.097988158 -1.879079 2.0821683 0.10229997 -1.8791589 2.0803623 0.099674918 -1.8787062 2.0814376 0.098393783 -1.8793763 2.0805728 0.1024161 -1.8791589 2.0803623 0.099674918 -1.879079 2.0821683 0.10229997 -1.8782488 2.0825255 0.097097598 -1.8781658 2.0834889 0.10227271 -1.879079 2.0821683 0.10229997 -1.8777105 2.0830441 0.096523978 -1.8781658 2.0834889 0.10227271 -1.8782488 2.0825255 0.097097598 -1.8761504 2.0843863 0.095744118 -1.8772236 2.0834634 0.096280858 -1.8755045 2.0508952 0.097012974 -1.8798064 2.0893157 0.10764709 -1.8793432 2.0846329 0.1059385 -1.8793106 2.0868866 0.10656264 -1.8797208 2.0841658 0.10674019 -1.8793432 2.0846329 0.1059385 -1.8798064 2.0893157 0.10764709 -1.8797208 2.0841658 0.10674019 -1.8796378 2.0816085 0.10537986 -1.8793432 2.0846329 0.1059385 -1.8796643 2.0817313 0.10568447 -1.8796378 2.0816085 0.10537986 -1.8797208 2.0841658 0.10674019 -1.8793106 2.0868866 0.10656264 -1.8791221 2.0892811 0.10652582 -1.8796707 2.0892956 0.10717449 -1.8785534 2.0892653 0.10585241 -1.8791221 2.0892811 0.10652582 -1.8793106 2.0868866 0.10656264 -1.8785331 2.0870857 0.10574318 -1.8778888 2.0861342 0.10503844 -1.877627 2.0871067 0.10509302 -1.8785331 2.0870857 0.10574318 -1.8780297 2.0854168 0.10467649 -1.8778888 2.0861342 0.10503844 -1.8787675 2.0850499 0.10526651 -1.8780297 2.0854168 0.10467649 -1.8785331 2.0870857 0.10574318 -1.8787675 2.0850499 0.10526651 -1.878068 2.0852184 0.10457676 -1.8780297 2.0854168 0.10467649 -1.878832 2.083492 0.10407005 -1.878068 2.0852184 0.10457676 -1.8787675 2.0850499 0.10526651 -1.878832 2.083492 0.10407005 -1.8782363 2.084353 0.1041411 -1.878068 2.0852184 0.10457676 -1.8782551 2.0840406 0.10372727 -1.8782363 2.084353 0.1041411 -1.878832 2.083492 0.10407005 -1.8785331 2.0870857 0.10574318 -1.8770398 2.0892832 0.10521736 -1.8781428 2.0892696 0.10568034 -1.8775923 2.0872357 0.10510123 -1.8770398 2.0892832 0.10521736 -1.8785331 2.0870857 0.10574318 -1.8792658 2.0828819 0.10446747 -1.8796378 2.0816085 0.10537986 -1.8794208 2.0806379 0.10296783 -1.8792658 2.0828819 0.10446747 -1.8793432 2.0846329 0.1059385 -1.8796378 2.0816085 0.10537986 -1.8787675 2.0850499 0.10526651 -1.8793432 2.0846329 0.1059385 -1.8792658 2.0828819 0.10446747 -1.8787675 2.0850499 0.10526651 -1.8793106 2.0868866 0.10656264 -1.8793432 2.0846329 0.1059385 -1.8785331 2.0870857 0.10574318 -1.8793106 2.0868866 0.10656264 -1.8787675 2.0850499 0.10526651 -1.8785331 2.0870857 0.10574318 -1.8785534 2.0892653 0.10585241 -1.8793106 2.0868866 0.10656264 -1.8781428 2.0892696 0.10568034 -1.8785534 2.0892653 0.10585241 -1.8785331 2.0870857 0.10574318 -1.878832 2.083492 0.10407005 -1.8782611 2.0839238 0.10357291 -1.8782551 2.0840406 0.10372727 -1.878832 2.083492 0.10407005 -1.8782741 2.0837007 0.10327651 -1.8782611 2.0839238 0.10357291 -1.8792658 2.0828819 0.10446747 -1.8782741 2.0837007 0.10327651 -1.878832 2.083492 0.10407005 -1.8792658 2.0828819 0.10446747 -1.879079 2.0821683 0.10229997 -1.8782741 2.0837007 0.10327651 -1.8794208 2.0806379 0.10296783 -1.879079 2.0821683 0.10229997 -1.8792658 2.0828819 0.10446747 -1.879079 2.0821683 0.10229997 -1.8781658 2.0834889 0.10227271 -1.8782741 2.0837007 0.10327651 -1.8792658 2.0828819 0.10446747 -1.878832 2.083492 0.10407005 -1.8787675 2.0850499 0.10526651 -1.8794208 2.0806379 0.10296783 -1.8793763 2.0805728 0.1024161 -1.879079 2.0821683 0.10229997 -1.8797208 2.0841658 0.10674019 -1.8798656 2.0838194 0.10740262 -1.8796643 2.0817313 0.10568447 -1.877627 2.0871067 0.10509302 -1.8775923 2.0872357 0.10510123 -1.8785331 2.0870857 0.10574318 -1.8770398 2.0892832 0.10521736 -1.8775923 2.0872357 0.10510123 -1.8610727 2.1054225 0.10157198 -1.8782551 2.0840406 0.10372727 -1.859454 2.1035955 0.10051349 -1.8782363 2.084353 0.1041411 -1.859454 2.1035955 0.10051349 -1.878068 2.0852184 0.10457676 -1.8782363 2.084353 0.1041411 -1.859454 2.1035955 0.10051349 -1.8780297 2.0854168 0.10467649 -1.878068 2.0852184 0.10457676 -1.8601631 2.1044564 0.10129612 -1.8778888 2.0861342 0.10503844 -1.8780297 2.0854168 0.10467649 -1.877627 2.0871067 0.10509302 -1.8778888 2.0861342 0.10503844 -1.8601631 2.1044564 0.10129612 -1.8781658 2.0834889 0.10227271 -1.8782611 2.0839238 0.10357291 -1.8782741 2.0837007 0.10327651 -1.8748274 2.08654 0.10160886 -1.8782611 2.0839238 0.10357291 -1.8781658 2.0834889 0.10227271 -1.8748274 2.08654 0.10160886 -1.8590094 2.1029198 0.099353909 -1.8782611 2.0839238 0.10357291 -1.8782551 2.0840406 0.10372727 -1.8782611 2.0839238 0.10357291 -1.8590094 2.1029198 0.099353909 -1.8775923 2.0872357 0.10510123 -1.877627 2.0871067 0.10509302 -1.8601631 2.1044564 0.10129612 -1.8792342 2.0932155 0.10626901 -1.8796707 2.0892956 0.10717449 -1.8791221 2.0892811 0.10652582 -1.8797935 2.0932314 0.10693008 -1.8796707 2.0892956 0.10717449 -1.8792342 2.0932155 0.10626901 -1.8781428 2.0892696 0.10568034 -1.8782655 2.0932052 0.10543723 -1.8785534 2.0892653 0.10585241 -1.8781428 2.0892696 0.10568034 -1.8771006 2.0912511 0.10509716 -1.8782655 2.0932052 0.10543723 -1.8770398 2.0892832 0.10521736 -1.8771006 2.0912511 0.10509716 -1.8781428 2.0892696 0.10568034 -1.8786749 2.0931997 0.10560793 -1.8785534 2.0892653 0.10585241 -1.8782655 2.0932052 0.10543723 -1.8786749 2.0931997 0.10560793 -1.8791221 2.0892811 0.10652582 -1.8785534 2.0892653 0.10585241 -1.8792342 2.0932155 0.10626901 -1.8791221 2.0892811 0.10652582 -1.8786749 2.0931997 0.10560793 -1.8771006 2.0912511 0.10509716 -1.8771626 2.093219 0.10497288 -1.8782655 2.0932052 0.10543723 -1.8799292 2.0932524 0.10740121 -1.8835864 2.1350963 0.10437596 -1.8823739 2.1229942 0.10660772 -1.8828926 2.1351259 0.1032014 -1.8835864 2.1350963 0.10437596 -1.8799292 2.0932524 0.10740121 -1.8818941 2.1352222 0.10236418 -1.8782793 2.1128654 0.10365753 -1.8809905 2.1353335 0.10194351 -1.8782655 2.0932052 0.10543723 -1.8782793 2.1128654 0.10365753 -1.8818941 2.1352222 0.10236418 -1.8782655 2.0932052 0.10543723 -1.8777344 2.1032748 0.10429948 -1.8782793 2.1128654 0.10365753 -1.8771626 2.093219 0.10497288 -1.8777344 2.1032748 0.10429948 -1.8782655 2.0932052 0.10543723 -1.8818941 2.1352222 0.10236418 -1.8786749 2.0931997 0.10560793 -1.8782655 2.0932052 0.10543723 -1.8818941 2.1352222 0.10236418 -1.8792342 2.0932155 0.10626901 -1.8786749 2.0931997 0.10560793 -1.8828926 2.1351259 0.1032014 -1.8792342 2.0932155 0.10626901 -1.8818941 2.1352222 0.10236418 -1.8828926 2.1351259 0.1032014 -1.8797935 2.0932314 0.10693008 -1.8792342 2.0932155 0.10626901 -1.8799292 2.0932524 0.10740121 -1.8797935 2.0932314 0.10693008 -1.8828926 2.1351259 0.1032014 -1.8835864 2.1350963 0.10437596 -1.8841565 2.135087 0.10562842 -1.8823739 2.1229942 0.10660772 -1.8748274 2.08654 0.10160886 -1.8772236 2.0834634 0.096280858 -1.8761504 2.0843863 0.095744118 -1.8777105 2.0830441 0.096523978 -1.8772236 2.0834634 0.096280858 -1.8748274 2.08654 0.10160886 -1.8748274 2.08654 0.10160886 -1.8781658 2.0834889 0.10227271 -1.8777105 2.0830441 0.096523978 -1.8782793 2.1128654 0.10365753 -1.8777769 2.1453743 0.10051756 -1.8809905 2.1353335 0.10194351 -1.8777344 2.1032748 0.10429948 -1.8777769 2.1453743 0.10051756 -1.8782793 2.1128654 0.10365753 -1.8777344 2.1032748 0.10429948 -1.8589252 2.1075933 0.10108168 -1.8777769 2.1453743 0.10051756 -1.8610727 2.1054225 0.10157198 -1.8771006 2.0912511 0.10509716 -1.8770398 2.0892832 0.10521736 -1.8610727 2.1054225 0.10157198 -1.8771626 2.093219 0.10497288 -1.8771006 2.0912511 0.10509716 -1.8777344 2.1032748 0.10429948 -1.8771626 2.093219 0.10497288 -1.8610727 2.1054225 0.10157198 -1.8798064 2.0893157 0.10764709 -1.8793106 2.0868866 0.10656264 -1.8796707 2.0892956 0.10717449 -1.8799458 2.0846634 0.10809644 -1.8798064 2.0893157 0.10764709 -1.8801713 2.0893679 0.10891867 -1.8799458 2.0846634 0.10809644 -1.8797208 2.0841658 0.10674019 -1.8798064 2.0893157 0.10764709 -1.8798656 2.0838194 0.10740262 -1.8797208 2.0841658 0.10674019 -1.8799458 2.0846634 0.10809644 -1.8797935 2.0932314 0.10693008 -1.8798064 2.0893157 0.10764709 -1.8796707 2.0892956 0.10717449 -1.8799292 2.0932524 0.10740121 -1.8798064 2.0893157 0.10764709 -1.8797935 2.0932314 0.10693008 -1.8802321 2.0913382 0.10879706 -1.8798064 2.0893157 0.10764709 -1.8799292 2.0932524 0.10740121 -1.8799292 2.0932524 0.10740121 -1.8802941 2.0933073 0.10867284 -1.8802321 2.0913382 0.10879706 -1.8802321 2.0913382 0.10879706 -1.8801713 2.0893679 0.10891867 -1.8798064 2.0893157 0.10764709 -1.8799292 2.0932524 0.10740121 -1.8823739 2.1229942 0.10660772 -1.8802941 2.0933073 0.10867284 -1.8748274 2.08654 0.10160886 -1.8761504 2.0843863 0.095744118 -1.8589382 2.1025863 0.098034538 -1.8610727 2.1054225 0.10157198 -1.8775923 2.0872357 0.10510123 -1.8601631 2.1044564 0.10129612 -1.8590094 2.1029198 0.099353909 -1.859454 2.1035955 0.10051349 -1.8782551 2.0840406 0.10372727 -1.8601631 2.1044564 0.10129612 -1.8780297 2.0854168 0.10467649 -1.859454 2.1035955 0.10051349 -1.8589382 2.1025863 0.098034538 -1.8590094 2.1029198 0.099353909 -1.8748274 2.08654 0.10160886 -1.8761504 2.0843863 0.095744118 -1.8654954 2.0946128 0.093435876 -1.8589382 2.1025863 0.098034538 -1.8610727 2.1054225 0.10157198 -1.8589252 2.1075933 0.10108168 -1.8777344 2.1032748 0.10429948 -1.8601631 2.1044564 0.10129612 -1.8424557 2.1255829 0.096323229 -1.8433087 2.1263709 0.096722014 -1.8601631 2.1044564 0.10129612 -1.8421386 2.1252897 0.096175708 -1.8424557 2.1255829 0.096323229 -1.859454 2.1035955 0.10051349 -1.8421386 2.1252897 0.096175708 -1.8601631 2.1044564 0.10129612 -1.859454 2.1035955 0.10051349 -1.8417337 2.1248274 0.09554337 -1.8421386 2.1252897 0.096175708 -1.8413287 2.1243663 0.094912335 -1.8417337 2.1248274 0.09554337 -1.859454 2.1035955 0.10051349 -1.8579214 2.1036146 0.097806469 -1.8590094 2.1029198 0.099353909 -1.8589382 2.1025863 0.098034538 -1.8575293 2.1040101 0.097717665 -1.8590094 2.1029198 0.099353909 -1.8579214 2.1036146 0.097806469 -1.8575293 2.1040101 0.097717665 -1.8412517 2.1242094 0.094445221 -1.8590094 2.1029198 0.099353909 -1.8410461 2.1237895 0.093191408 -1.8412517 2.1242094 0.094445221 -1.8575293 2.1040101 0.097717665 -1.8589252 2.1075933 0.10108168 -1.8601631 2.1044564 0.10129612 -1.8433087 2.1263709 0.096722014 -1.8610727 2.1054225 0.10157198 -1.8601631 2.1044564 0.10129612 -1.8589252 2.1075933 0.10108168 -1.8590094 2.1029198 0.099353909 -1.8413287 2.1243663 0.094912335 -1.859454 2.1035955 0.10051349 -1.8412517 2.1242094 0.094445221 -1.8413287 2.1243663 0.094912335 -1.8590094 2.1029198 0.099353909 -1.8424557 2.1255829 0.096323229 -1.8407631 2.1311786 0.095787786 -1.8433087 2.1263709 0.096722014 -1.8424557 2.1255829 0.096323229 -1.8395886 2.1305676 0.095412195 -1.8407631 2.1311786 0.095787786 -1.8421386 2.1252897 0.096175708 -1.8395886 2.1305676 0.095412195 -1.8424557 2.1255829 0.096323229 -1.8421386 2.1252897 0.096175708 -1.8387096 2.1300504 0.094625495 -1.8395886 2.1305676 0.095412195 -1.8417337 2.1248274 0.09554337 -1.8387096 2.1300504 0.094625495 -1.8421386 2.1252897 0.096175708 -1.8395886 2.1305676 0.095412195 -1.8381023 2.1361268 0.094518982 -1.8391396 2.1363375 0.094976537 -1.8395886 2.1305676 0.095412195 -1.8377218 2.1360493 0.09434963 -1.8381023 2.1361268 0.094518982 -1.8387096 2.1300504 0.094625495 -1.8377218 2.1360493 0.09434963 -1.8395886 2.1305676 0.095412195 -1.84003 2.1325653 0.095517352 -1.8395886 2.1305676 0.095412195 -1.8391396 2.1363375 0.094976537 -1.8417337 2.1248274 0.09554337 -1.8413287 2.1243663 0.094912335 -1.8387096 2.1300504 0.094625495 -1.84003 2.1325653 0.095517352 -1.8407631 2.1311786 0.095787786 -1.8395886 2.1305676 0.095412195 -1.8579214 2.1036146 0.097806469 -1.8573916 2.1031058 0.090959698 -1.8575293 2.1040101 0.097717665 -1.8589382 2.1025863 0.098034538 -1.8607702 2.099494 0.092317313 -1.8579214 2.1036146 0.097806469 -1.8391396 2.1363375 0.094976537 -1.8407631 2.1311786 0.095787786 -1.84003 2.1325653 0.095517352 -1.8391396 2.1363375 0.094976537 -1.8777769 2.1453743 0.10051756 -1.8407631 2.1311786 0.095787786 -1.8433087 2.1263709 0.096722014 -1.8777769 2.1453743 0.10051756 -1.8589252 2.1075933 0.10108168 -1.8407631 2.1311786 0.095787786 -1.8777769 2.1453743 0.10051756 -1.8433087 2.1263709 0.096722014 -1.8818941 2.1352222 0.10236418 -1.8809905 2.1353335 0.10194351 -1.8818765 2.1426735 0.10138351 -1.8845816 2.1770091 0.095656738 -1.8824165 2.1735835 0.095854767 -1.8821359 2.1738598 0.094479397 -1.8842591 2.1774485 0.094208963 -1.8853717 2.1810381 0.095062576 -1.8845816 2.1770091 0.095656738 -1.8824165 2.1735835 0.095854767 -1.8815531 2.1731091 0.094506718 -1.8821359 2.1738598 0.094479397 -1.8824165 2.1735835 0.095854767 -1.8790169 2.1718359 0.094232209 -1.8815531 2.1731091 0.094506718 -1.8791364 2.1713231 0.095641688 -1.8790169 2.1718359 0.094232209 -1.8824165 2.1735835 0.095854767 -1.8791364 2.1713231 0.095641688 -1.8786806 2.1716671 0.094195269 -1.8790169 2.1718359 0.094232209 -1.8775122 2.1710801 0.094068281 -1.8786806 2.1716671 0.094195269 -1.8791364 2.1713231 0.095641688 -1.8775122 2.1710801 0.094068281 -1.8752899 2.1705153 0.095017523 -1.8754452 2.1708612 0.093679048 -1.8791364 2.1713231 0.095641688 -1.8752899 2.1705153 0.095017523 -1.8775122 2.1710801 0.094068281 -1.8842591 2.1774485 0.094208963 -1.8850535 2.1808844 0.093696825 -1.8853717 2.1810381 0.095062576 -1.8845816 2.1770091 0.095656738 -1.8841711 2.1770661 0.094266348 -1.8842591 2.1774485 0.094208963 -1.8845816 2.1770091 0.095656738 -1.8839806 2.1762409 0.09438923 -1.8841711 2.1770661 0.094266348 -1.8821359 2.1738598 0.094479397 -1.8839806 2.1762409 0.09438923 -1.8845816 2.1770091 0.095656738 -1.8752311 2.1703849 0.095520116 -1.8752899 2.1705153 0.095017523 -1.8791364 2.1713231 0.095641688 -1.8850535 2.1808844 0.093696825 -1.8850098 2.2162111 0.088532694 -1.8853717 2.1810381 0.095062576 -1.9180578 2.2553198 0.089229234 -1.9190319 2.2548423 0.089708619 -1.9058027 2.2282908 0.092754409 -1.902334 2.2162988 0.094534047 -1.9190319 2.2548423 0.089708619 -1.9193919 2.2546663 0.089884825 -1.8898088 2.2571895 0.083856151 -1.9248621 2.2626741 0.086810417 -1.9243422 2.2623711 0.087287031 -1.8898088 2.2571895 0.083856151 -1.9250026 2.2627754 0.086665608 -1.9248621 2.2626741 0.086810417 -1.8898088 2.2571895 0.083856151 -1.9254111 2.2631314 0.085776523 -1.9250026 2.2627754 0.086665608 -1.9254172 2.2631726 0.085504673 -1.9254111 2.2631314 0.085776523 -1.8898088 2.2571895 0.083856151 -1.8898088 2.2571895 0.083856151 -1.8898884 2.2575881 0.08267609 -1.9254172 2.2631726 0.085504673 -1.8898002 2.2570515 0.084279537 -1.9238448 2.2619388 0.087654471 -1.8898478 2.2565145 0.084902428 -1.8898002 2.2570515 0.084279537 -1.9243422 2.2623711 0.087287031 -1.9238448 2.2619388 0.087654471 -1.8898088 2.2571895 0.083856151 -1.9243422 2.2623711 0.087287031 -1.8898002 2.2570515 0.084279537 -1.9236046 2.2617674 0.087745994 -1.889894 2.2559779 0.085523792 -1.8898478 2.2565145 0.084902428 -1.9236046 2.2617674 0.087745994 -1.8899477 2.2555938 0.08569999 -1.889894 2.2559779 0.085523792 -1.9221513 2.2607303 0.08830186 -1.8899477 2.2555938 0.08569999 -1.9236046 2.2617674 0.087745994 -1.9220432 2.2606525 0.088342868 -1.8899477 2.2555938 0.08569999 -1.9221513 2.2607303 0.08830186 -1.9220432 2.2606525 0.088342868 -1.890093 2.254544 0.086182147 -1.8899477 2.2555938 0.08569999 -1.9215111 2.260273 0.088546328 -1.890093 2.254544 0.086182147 -1.9220432 2.2606525 0.088342868 -1.8898478 2.2565145 0.084902428 -1.9238448 2.2619388 0.087654471 -1.9236046 2.2617674 0.087745994 -1.890093 2.254544 0.086182147 -1.9209682 2.2598622 0.088628292 -1.9208325 2.2597582 0.088643283 -1.890093 2.254544 0.086182147 -1.9211038 2.2599661 0.08861053 -1.9209682 2.2598622 0.088628292 -1.9212396 2.2600689 0.088591412 -1.9211038 2.2599661 0.08861053 -1.890093 2.254544 0.086182147 -1.890093 2.254544 0.086182147 -1.9213754 2.2601717 0.088569522 -1.9212396 2.2600689 0.088591412 -1.9215111 2.260273 0.088546328 -1.9213754 2.2601717 0.088569522 -1.890093 2.254544 0.086182147 -1.890093 2.254544 0.086182147 -1.9205621 2.2595491 0.088666528 -1.9204277 2.2594438 0.088676088 -1.890093 2.254544 0.086182147 -1.9206978 2.2596543 0.088656969 -1.9205621 2.2595491 0.088666528 -1.9208325 2.2597582 0.088643283 -1.9206978 2.2596543 0.088656969 -1.890093 2.254544 0.086182147 -1.8878543 2.2543168 0.085734159 -1.8899477 2.2555938 0.08569999 -1.890093 2.254544 0.086182147 -1.8870976 2.2548895 0.084896885 -1.8899477 2.2555938 0.08569999 -1.8878543 2.2543168 0.085734159 -1.8870976 2.2548895 0.084896885 -1.889894 2.2559779 0.085523792 -1.8899477 2.2555938 0.08569999 -1.8883325 2.2559643 0.084898241 -1.889894 2.2559779 0.085523792 -1.8870976 2.2548895 0.084896885 -1.8883325 2.2559643 0.084898241 -1.8898478 2.2565145 0.084902428 -1.889894 2.2559779 0.085523792 -1.8862607 2.2534642 0.08496929 -1.8865353 2.2519312 0.085727312 -1.8859723 2.2518201 0.085030772 -1.8862607 2.2534642 0.08496929 -1.8870976 2.2548895 0.084896885 -1.8865353 2.2519312 0.085727312 -1.8855876 2.2535615 0.083772831 -1.8870976 2.2548895 0.084896885 -1.8862607 2.2534642 0.08496929 -1.8855876 2.2535615 0.083772831 -1.8865578 2.25526 0.083760552 -1.8870976 2.2548895 0.084896885 -1.8856375 2.2543328 0.08248762 -1.8865578 2.25526 0.083760552 -1.8855876 2.2535615 0.083772831 -1.8870976 2.2548895 0.084896885 -1.8869734 2.251961 0.085909002 -1.8865353 2.2519312 0.085727312 -1.8878543 2.2543168 0.085734159 -1.8869734 2.251961 0.085909002 -1.8870976 2.2548895 0.084896885 -1.8878543 2.2543168 0.085734159 -1.8883728 2.2531497 0.086216256 -1.8869734 2.251961 0.085909002 -1.8887298 2.2536159 0.086176664 -1.8883728 2.2531497 0.086216256 -1.8878543 2.2543168 0.085734159 -1.8880138 2.2565403 0.083796076 -1.8872515 2.2563617 0.082560025 -1.8879288 2.2566807 0.082588702 -1.8865578 2.25526 0.083760552 -1.8872515 2.2563617 0.082560025 -1.8880138 2.2565403 0.083796076 -1.8865578 2.25526 0.083760552 -1.8864343 2.2553341 0.082523085 -1.8872515 2.2563617 0.082560025 -1.8854289 2.2534475 0.082476705 -1.8852675 2.2516265 0.083800144 -1.8849517 2.2514136 0.082452156 -1.8855876 2.2535615 0.083772831 -1.8852675 2.2516265 0.083800144 -1.8854289 2.2534475 0.082476705 -1.8855876 2.2535615 0.083772831 -1.8853865 2.2517054 0.084306858 -1.8852675 2.2516265 0.083800144 -1.8862607 2.2534642 0.08496929 -1.8853865 2.2517054 0.084306858 -1.8855876 2.2535615 0.083772831 -1.8862607 2.2534642 0.08496929 -1.8859723 2.2518201 0.085030772 -1.8853865 2.2517054 0.084306858 -1.8855876 2.2535615 0.083772831 -1.8854289 2.2534475 0.082476705 -1.8856375 2.2543328 0.08248762 -1.8898088 2.2571895 0.083856151 -1.8879288 2.2566807 0.082588702 -1.8898884 2.2575881 0.08267609 -1.8898088 2.2571895 0.083856151 -1.8880138 2.2565403 0.083796076 -1.8879288 2.2566807 0.082588702 -1.8880138 2.2565403 0.083796076 -1.8870976 2.2548895 0.084896885 -1.8865578 2.25526 0.083760552 -1.8880138 2.2565403 0.083796076 -1.8883325 2.2559643 0.084898241 -1.8870976 2.2548895 0.084896885 -1.8898478 2.2565145 0.084902428 -1.8883325 2.2559643 0.084898241 -1.8880138 2.2565403 0.083796076 -1.8898002 2.2570515 0.084279537 -1.8880138 2.2565403 0.083796076 -1.8898088 2.2571895 0.083856151 -1.8898478 2.2565145 0.084902428 -1.8880138 2.2565403 0.083796076 -1.8898002 2.2570515 0.084279537 -1.8890831 2.2540772 0.086137064 -1.8878543 2.2543168 0.085734159 -1.890093 2.254544 0.086182147 -1.8883728 2.2531497 0.086216256 -1.8881389 2.2520387 0.086392455 -1.8869734 2.251961 0.085909002 -1.8890831 2.2540772 0.086137064 -1.8887298 2.2536159 0.086176664 -1.8878543 2.2543168 0.085734159 -1.8856375 2.2543328 0.08248762 -1.8864343 2.2553341 0.082523085 -1.8865578 2.25526 0.083760552 -1.8853865 2.2517054 0.084306858 -1.8860632 2.1811755 0.096280873 -1.8852675 2.2516265 0.083800144 -1.8859723 2.2518201 0.085030772 -1.8860632 2.1811755 0.096280873 -1.8853865 2.2517054 0.084306858 -1.8853717 2.1810381 0.095062576 -1.8852675 2.2516265 0.083800144 -1.8854883 2.1810946 0.095565215 -1.8853717 2.1810381 0.095062576 -1.8850098 2.2162111 0.088532694 -1.8852675 2.2516265 0.083800144 -1.8881598 2.2405362 0.088483542 -1.8869734 2.251961 0.085909002 -1.8881389 2.2520387 0.086392455 -1.8882116 2.2026219 0.094364688 -1.8869734 2.251961 0.085909002 -1.8881598 2.2405362 0.088483542 -1.8870751 2.1812773 0.097179629 -1.8865353 2.2519312 0.085727312 -1.8869734 2.251961 0.085909002 -1.8859723 2.2518201 0.085030772 -1.8865353 2.2519312 0.085727312 -1.8870751 2.1812773 0.097179629 -1.8850098 2.2162111 0.088532694 -1.8849517 2.2514136 0.082452156 -1.8852675 2.2516265 0.083800144 -1.8887298 2.2536159 0.086176664 -1.8881389 2.2520387 0.086392455 -1.8883728 2.2531497 0.086216256 -1.9058027 2.2282908 0.092754409 -1.8881389 2.2520387 0.086392455 -1.8887298 2.2536159 0.086176664 -1.9058027 2.2282908 0.092754409 -1.8881598 2.2405362 0.088483542 -1.8881389 2.2520387 0.086392455 -1.890093 2.254544 0.086182147 -1.8887298 2.2536159 0.086176664 -1.8890831 2.2540772 0.086137064 -1.890093 2.254544 0.086182147 -1.9058027 2.2282908 0.092754409 -1.8887298 2.2536159 0.086176664 -1.9180578 2.2553198 0.089229234 -1.9058027 2.2282908 0.092754409 -1.890093 2.254544 0.086182147 -1.890093 2.254544 0.086182147 -1.9191846 2.257417 0.088942453 -1.9180578 2.2553198 0.089229234 -1.9204277 2.2594438 0.088676088 -1.9191846 2.257417 0.088942453 -1.890093 2.254544 0.086182147 -1.9199017 2.2544639 0.090539053 -1.9032784 2.2159994 0.095369928 -1.9193919 2.2546663 0.089884825 -1.9204104 2.2542615 0.091191925 -1.9032784 2.2159994 0.095369928 -1.9199017 2.2544639 0.090539053 -1.9204104 2.2542615 0.091191925 -1.9039478 2.2158408 0.096533552 -1.9032784 2.2159994 0.095369928 -1.9205472 2.2542412 0.091650829 -1.9039478 2.2158408 0.096533552 -1.9204104 2.2542615 0.091191925 -1.9205472 2.2542412 0.091650829 -1.912887 2.2371249 0.095195122 -1.9039478 2.2158408 0.096533552 -1.9015422 2.2165744 0.09409561 -1.902334 2.2162988 0.094534047 -1.8965919 2.2029645 0.095654026 -1.9058027 2.2282908 0.092754409 -1.902334 2.2162988 0.094534047 -1.9015422 2.2165744 0.09409561 -1.9058027 2.2282908 0.092754409 -1.9190319 2.2548423 0.089708619 -1.902334 2.2162988 0.094534047 -1.902334 2.2162988 0.094534047 -1.9193919 2.2546663 0.089884825 -1.9032784 2.2159994 0.095369928 -1.8859723 2.2518201 0.085030772 -1.886637 2.1812565 0.096995227 -1.8860632 2.1811755 0.096280873 -1.8870751 2.1812773 0.097179629 -1.886637 2.1812565 0.096995227 -1.8859723 2.2518201 0.085030772 -1.8854883 2.1810946 0.095565215 -1.8852675 2.2516265 0.083800144 -1.8860632 2.1811755 0.096280873 -1.8882116 2.2026219 0.094364688 -1.8870751 2.1812773 0.097179629 -1.8869734 2.251961 0.085909002 -1.9015422 2.2165744 0.09409561 -1.8881598 2.2405362 0.088483542 -1.9058027 2.2282908 0.092754409 -1.9015422 2.2165744 0.09409561 -1.8882116 2.2026219 0.094364688 -1.8881598 2.2405362 0.088483542 -1.8965919 2.2029645 0.095654026 -1.8882116 2.2026219 0.094364688 -1.9015422 2.2165744 0.09409561 -1.8369863 2.1506279 0.093056224 -1.8336121 2.1646085 0.090498082 -1.834623 2.1648595 0.090944663 -1.8377218 2.1360493 0.09434963 -1.8327057 2.1643333 0.089709967 -1.8332148 2.1645098 0.09032324 -1.8366749 2.1357505 0.093098529 -1.8321787 2.1641495 0.089074858 -1.8327057 2.1643333 0.089709967 -1.8320538 2.1640694 0.088640548 -1.8321787 2.1641495 0.089074858 -1.8366749 2.1357505 0.093098529 -1.8320538 2.1640694 0.088640548 -1.8361909 2.135499 0.091451362 -1.8340533 2.1497014 0.089536592 -1.8320538 2.1640694 0.088640548 -1.836544 2.1356828 0.092656024 -1.8361909 2.135499 0.091451362 -1.8320538 2.1640694 0.088640548 -1.8366749 2.1357505 0.093098529 -1.836544 2.1356828 0.092656024 -1.8340533 2.1497014 0.089536592 -1.8317066 2.1638453 0.087430462 -1.8320538 2.1640694 0.088640548 -1.834417 2.1676116 0.090381958 -1.8360733 2.1675773 0.09089686 -1.8351663 2.1669097 0.090801209 -1.834417 2.1676116 0.090381958 -1.8356193 2.168586 0.090478905 -1.8360733 2.1675773 0.09089686 -1.8337455 2.1682556 0.089576133 -1.8356193 2.168586 0.090478905 -1.834417 2.1676116 0.090381958 -1.8337455 2.1682556 0.089576133 -1.8353094 2.1695471 0.08964169 -1.8356193 2.168586 0.090478905 -1.8351481 2.1702321 0.088486247 -1.8353094 2.1695471 0.08964169 -1.8337455 2.1682556 0.089576133 -1.8351481 2.1702321 0.088486247 -1.8373522 2.1706312 0.089017496 -1.8353094 2.1695471 0.08964169 -1.8362588 2.1706574 0.088510789 -1.8373522 2.1706312 0.089017496 -1.8351481 2.1702321 0.088486247 -1.8362588 2.1706574 0.088510789 -1.8374279 2.1707592 0.088527195 -1.8373522 2.1706312 0.089017496 -1.8328015 2.1664128 0.089623928 -1.8332148 2.1645098 0.09032324 -1.8327057 2.1643333 0.089709967 -1.8328015 2.1664128 0.089623928 -1.8337455 2.1682556 0.089576133 -1.8332148 2.1645098 0.09032324 -1.8321618 2.1665328 0.088546313 -1.8337455 2.1682556 0.089576133 -1.8328015 2.1664128 0.089623928 -1.8321618 2.1665328 0.088546313 -1.8332838 2.1687202 0.088483468 -1.8337455 2.1682556 0.089576133 -1.8318474 2.1665518 0.087355345 -1.8332838 2.1687202 0.088483468 -1.8321618 2.1665328 0.088546313 -1.8337455 2.1682556 0.089576133 -1.8336121 2.1646085 0.090498082 -1.8332148 2.1645098 0.09032324 -1.834417 2.1676116 0.090381958 -1.8336121 2.1646085 0.090498082 -1.8337455 2.1682556 0.089576133 -1.834417 2.1676116 0.090381958 -1.8351663 2.1669097 0.090801209 -1.8336121 2.1646085 0.090498082 -1.8362588 2.1706574 0.088510789 -1.8364005 2.1708279 0.087203749 -1.8376311 2.1711075 0.08718729 -1.8362588 2.1706574 0.088510789 -1.835224 2.1705618 0.087220155 -1.8364005 2.1708279 0.087203749 -1.8351481 2.1702321 0.088486247 -1.835224 2.1705618 0.087220155 -1.8362588 2.1706574 0.088510789 -1.8351481 2.1702321 0.088486247 -1.8351113 2.1705358 0.087221511 -1.835224 2.1705618 0.087220155 -1.8332838 2.1687202 0.088483468 -1.8351113 2.1705358 0.087221511 -1.8351481 2.1702321 0.088486247 -1.8332838 2.1687202 0.088483468 -1.833086 2.1689422 0.087280229 -1.8351113 2.1705358 0.087221511 -1.8318353 2.1664038 0.087359414 -1.8320538 2.1640694 0.088640548 -1.8317066 2.1638453 0.087430462 -1.8318474 2.1665518 0.087355345 -1.8320538 2.1640694 0.088640548 -1.8318353 2.1664038 0.087359414 -1.8318474 2.1665518 0.087355345 -1.8321618 2.1665328 0.088546313 -1.8320538 2.1640694 0.088640548 -1.8356193 2.168586 0.090478905 -1.837135 2.1694286 0.090410635 -1.8371056 2.1689746 0.09058819 -1.8353094 2.1695471 0.08964169 -1.837135 2.1694286 0.090410635 -1.8356193 2.168586 0.090478905 -1.8353094 2.1695471 0.08964169 -1.8372411 2.1700194 0.089727782 -1.837135 2.1694286 0.090410635 -1.8321787 2.1641495 0.089074858 -1.8328015 2.1664128 0.089623928 -1.8327057 2.1643333 0.089709967 -1.8321787 2.1641495 0.089074858 -1.8321618 2.1665328 0.088546313 -1.8328015 2.1664128 0.089623928 -1.8320538 2.1640694 0.088640548 -1.8321618 2.1665328 0.088546313 -1.8321787 2.1641495 0.089074858 -1.8318474 2.1665518 0.087355345 -1.833086 2.1689422 0.087280229 -1.8332838 2.1687202 0.088483468 -1.8337455 2.1682556 0.089576133 -1.8332838 2.1687202 0.088483468 -1.8351481 2.1702321 0.088486247 -1.8373522 2.1706312 0.089017496 -1.8372411 2.1700194 0.089727782 -1.8353094 2.1695471 0.08964169 -1.8376311 2.1711075 0.08718729 -1.8374279 2.1707592 0.088527195 -1.8362588 2.1706574 0.088510789 -1.8356193 2.168586 0.090478905 -1.8370265 2.1677644 0.091058016 -1.8360733 2.1675773 0.09089686 -1.8371056 2.1689746 0.09058819 -1.8370265 2.1677644 0.091058016 -1.8356193 2.168586 0.090478905 -1.8346661 2.1659381 0.090821743 -1.8336121 2.1646085 0.090498082 -1.8351663 2.1669097 0.090801209 -1.8346661 2.1659381 0.090821743 -1.834623 2.1648595 0.090944663 -1.8336121 2.1646085 0.090498082 -1.8752899 2.1705153 0.095017523 -1.8374279 2.1707592 0.088527195 -1.8565105 2.1709769 0.09064696 -1.8752311 2.1703849 0.095520116 -1.8373522 2.1706312 0.089017496 -1.8374279 2.1707592 0.088527195 -1.8374279 2.1707592 0.088527195 -1.8376311 2.1711075 0.08718729 -1.8565105 2.1709769 0.09064696 -1.8346661 2.1659381 0.090821743 -1.8351663 2.1669097 0.090801209 -1.834623 2.1648595 0.090944663 -1.8370265 2.1677644 0.091058016 -1.8351663 2.1669097 0.090801209 -1.8360733 2.1675773 0.09089686 -1.8381023 2.1361268 0.094518982 -1.8336121 2.1646085 0.090498082 -1.8369863 2.1506279 0.093056224 -1.8381023 2.1361268 0.094518982 -1.8332148 2.1645098 0.09032324 -1.8336121 2.1646085 0.090498082 -1.8377218 2.1360493 0.09434963 -1.8332148 2.1645098 0.09032324 -1.8381023 2.1361268 0.094518982 -1.8371984 2.1359005 0.093724079 -1.8327057 2.1643333 0.089709967 -1.8377218 2.1360493 0.09434963 -1.8366749 2.1357505 0.093098529 -1.8327057 2.1643333 0.089709967 -1.8371984 2.1359005 0.093724079 -1.8380368 2.1436584 0.093993157 -1.8381023 2.1361268 0.094518982 -1.8369863 2.1506279 0.093056224 -1.8380368 2.1436584 0.093993157 -1.8391396 2.1363375 0.094976537 -1.8381023 2.1361268 0.094518982 -1.8752899 2.1705153 0.095017523 -1.8565105 2.1709769 0.09064696 -1.8754452 2.1708612 0.093679048 -1.8752311 2.1703849 0.095520116 -1.8374279 2.1707592 0.088527195 -1.8752899 2.1705153 0.095017523 -1.8751477 2.1697843 0.096220784 -1.8373522 2.1706312 0.089017496 -1.8752311 2.1703849 0.095520116 -1.8751477 2.1697843 0.096220784 -1.8372411 2.1700194 0.089727782 -1.8373522 2.1706312 0.089017496 -1.8750643 2.1691823 0.096921436 -1.8372411 2.1700194 0.089727782 -1.8751477 2.1697843 0.096220784 -1.8750643 2.1691823 0.096921436 -1.837135 2.1694286 0.090410635 -1.8372411 2.1700194 0.089727782 -1.875041 2.1687284 0.097100377 -1.837135 2.1694286 0.090410635 -1.8750643 2.1691823 0.096921436 -1.875041 2.1687284 0.097100377 -1.8371056 2.1689746 0.09058819 -1.837135 2.1694286 0.090410635 -1.875041 2.1687284 0.097100377 -1.8559755 2.167635 0.094529949 -1.8371056 2.1689746 0.09058819 -1.8559755 2.167635 0.094529949 -1.8370265 2.1677644 0.091058016 -1.8371056 2.1689746 0.09058819 -1.8369863 2.1506279 0.093056224 -1.8749809 2.1675181 0.097574323 -1.8380368 2.1436584 0.093993157 -1.8369863 2.1506279 0.093056224 -1.8559755 2.167635 0.094529949 -1.8749809 2.1675181 0.097574323 -1.834623 2.1648595 0.090944663 -1.8559755 2.167635 0.094529949 -1.8369863 2.1506279 0.093056224 -1.834623 2.1648595 0.090944663 -1.8351663 2.1669097 0.090801209 -1.8559755 2.167635 0.094529949 -1.8559755 2.167635 0.094529949 -1.8351663 2.1669097 0.090801209 -1.8370265 2.1677644 0.091058016 -1.8828926 2.1351259 0.1032014 -1.8915753 2.1759586 0.10077573 -1.8835864 2.1350963 0.10437596 -1.8908913 2.1760533 0.099606656 -1.8915753 2.1759586 0.10077573 -1.8828926 2.1351259 0.1032014 -1.8908913 2.1760533 0.099606656 -1.9032784 2.2159994 0.095369928 -1.8915753 2.1759586 0.10077573 -1.8899145 2.1762538 0.098769352 -1.9032784 2.2159994 0.095369928 -1.8908913 2.1760533 0.099606656 -1.8965919 2.2029645 0.095654026 -1.902334 2.2162988 0.094534047 -1.8899145 2.1762538 0.098769352 -1.8899145 2.1762538 0.098769352 -1.888975 2.1764705 0.098352782 -1.8956628 2.2004082 0.095947653 -1.8899145 2.1762538 0.098769352 -1.8876668 2.1717858 0.098823994 -1.888975 2.1764705 0.098352782 -1.8818941 2.1352222 0.10236418 -1.8876668 2.1717858 0.098823994 -1.8899145 2.1762538 0.098769352 -1.8818941 2.1352222 0.10236418 -1.882447 2.14554 0.10113226 -1.8876668 2.1717858 0.098823994 -1.8818765 2.1426735 0.10138351 -1.882447 2.14554 0.10113226 -1.8818941 2.1352222 0.10236418 -1.8835864 2.1350963 0.10437596 -1.8866967 2.1523249 0.10423259 -1.8858132 2.146332 0.10471744 -1.8835864 2.1350963 0.10437596 -1.8920435 2.1759331 0.10203639 -1.8866967 2.1523249 0.10423259 -1.8915753 2.1759586 0.10077573 -1.8920435 2.1759331 0.10203639 -1.8835864 2.1350963 0.10437596 -1.8915753 2.1759586 0.10077573 -1.8932443 2.1812334 0.10154337 -1.8920435 2.1759331 0.10203639 -1.9009218 2.2060709 0.09890186 -1.8932443 2.1812334 0.10154337 -1.8915753 2.1759586 0.10077573 -1.8858132 2.146332 0.10471744 -1.8841565 2.135087 0.10562842 -1.8835864 2.1350963 0.10437596 -1.9039478 2.2158408 0.096533552 -1.9009218 2.2060709 0.09890186 -1.8915753 2.1759586 0.10077573 -1.8956628 2.2004082 0.095947653 -1.8965919 2.2029645 0.095654026 -1.8899145 2.1762538 0.098769352 -1.8899145 2.1762538 0.098769352 -1.8828926 2.1351259 0.1032014 -1.8818941 2.1352222 0.10236418 -1.8908913 2.1760533 0.099606656 -1.8828926 2.1351259 0.1032014 -1.8899145 2.1762538 0.098769352 -1.8828816 2.1730902 0.097088046 -1.8824165 2.1735835 0.095854767 -1.8845816 2.1770091 0.095656738 -1.8828816 2.1730902 0.097088046 -1.8791364 2.1713231 0.095641688 -1.8824165 2.1735835 0.095854767 -1.8793193 2.1706378 0.096879102 -1.8791364 2.1713231 0.095641688 -1.8828816 2.1730902 0.097088046 -1.8793193 2.1706378 0.096879102 -1.8752311 2.1703849 0.095520116 -1.8791364 2.1713231 0.095641688 -1.8751477 2.1697843 0.096220784 -1.8752311 2.1703849 0.095520116 -1.8793193 2.1706378 0.096879102 -1.8852305 2.1768103 0.09690778 -1.8854883 2.1810946 0.095565215 -1.8860632 2.1811755 0.096280873 -1.8852305 2.1768103 0.09690778 -1.8853717 2.1810381 0.095062576 -1.8854883 2.1810946 0.095565215 -1.8845816 2.1770091 0.095656738 -1.8853717 2.1810381 0.095062576 -1.8852305 2.1768103 0.09690778 -1.8793193 2.1706378 0.096879102 -1.8750643 2.1691823 0.096921436 -1.8751477 2.1697843 0.096220784 -1.8796508 2.1696355 0.097768269 -1.8750643 2.1691823 0.096921436 -1.8793193 2.1706378 0.096879102 -1.8796508 2.1696355 0.097768269 -1.875041 2.1687284 0.097100377 -1.8750643 2.1691823 0.096921436 -1.8870751 2.1812773 0.097179629 -1.8861904 2.1764545 0.09780784 -1.886637 2.1812565 0.096995227 -1.8870751 2.1812773 0.097179629 -1.8880123 2.1787503 0.097975895 -1.8861904 2.1764545 0.09780784 -1.8882406 2.1813338 0.097665861 -1.8880123 2.1787503 0.097975895 -1.8870751 2.1812773 0.097179629 -1.8861904 2.1764545 0.09780784 -1.8860632 2.1811755 0.096280873 -1.886637 2.1812565 0.096995227 -1.8861904 2.1764545 0.09780784 -1.8852305 2.1768103 0.09690778 -1.8860632 2.1811755 0.096280873 -1.8828816 2.1730902 0.097088046 -1.8852305 2.1768103 0.09690778 -1.8861904 2.1764545 0.09780784 -1.8828816 2.1730902 0.097088046 -1.8796508 2.1696355 0.097768269 -1.8793193 2.1706378 0.096879102 -1.8828816 2.1730902 0.097088046 -1.8835841 2.1723506 0.097982675 -1.8796508 2.1696355 0.097768269 -1.8861904 2.1764545 0.09780784 -1.8835841 2.1723506 0.097982675 -1.8828816 2.1730902 0.097088046 -1.8861904 2.1764545 0.09780784 -1.8853754 2.1727152 0.098399282 -1.8835841 2.1723506 0.097982675 -1.8868935 2.1761904 0.098156132 -1.8853754 2.1727152 0.098399282 -1.8861904 2.1764545 0.09780784 -1.8796508 2.1696355 0.097768269 -1.8800325 2.1686292 0.098168433 -1.8777997 2.1681385 0.097904846 -1.8796508 2.1696355 0.097768269 -1.8804516 2.1687217 0.098217621 -1.8800325 2.1686292 0.098168433 -1.8835841 2.1723506 0.097982675 -1.8804516 2.1687217 0.098217621 -1.8796508 2.1696355 0.097768269 -1.8835841 2.1723506 0.097982675 -1.8841969 2.1717594 0.098355524 -1.8804516 2.1687217 0.098217621 -1.8853754 2.1727152 0.098399282 -1.8841969 2.1717594 0.098355524 -1.8835841 2.1723506 0.097982675 -1.8777997 2.1681385 0.097904846 -1.875041 2.1687284 0.097100377 -1.8796508 2.1696355 0.097768269 -1.8749809 2.1675181 0.097574323 -1.875041 2.1687284 0.097100377 -1.8777997 2.1681385 0.097904846 -1.8880123 2.1787503 0.097975895 -1.8868935 2.1761904 0.098156132 -1.8861904 2.1764545 0.09780784 -1.8845816 2.1770091 0.095656738 -1.8852305 2.1768103 0.09690778 -1.8828816 2.1730902 0.097088046 -1.8882406 2.1813338 0.097665861 -1.8870751 2.1812773 0.097179629 -1.8882116 2.2026219 0.094364688 -1.9053311 2.1568742 0.098192982 -1.9046723 2.1568749 0.11966345 -1.9074259 2.1774979 0.09819302 -1.9123378 2.1946709 0.11328376 -1.916883 2.2041986 0.09819302 -1.9074259 2.1774979 0.09819302 -1.8932443 2.1812334 0.10154337 -1.8931994 2.1760988 0.11559609 -1.8920435 2.1759331 0.10203639 -1.9009218 2.2060709 0.09890186 -1.8992698 2.1984079 0.1121939 -1.8932443 2.1812334 0.10154337 -1.8965919 2.2029645 0.095654026 -1.8882406 2.1813338 0.097665861 -1.8882116 2.2026219 0.094364688 -1.8956628 2.2004082 0.095947653 -1.8882406 2.1813338 0.097665861 -1.8965919 2.2029645 0.095654026 -1.8956628 2.2004082 0.095947653 -1.8880123 2.1787503 0.097975895 -1.8882406 2.1813338 0.097665861 -1.888975 2.1764705 0.098352782 -1.8880123 2.1787503 0.097975895 -1.8956628 2.2004082 0.095947653 -1.888975 2.1764705 0.098352782 -1.8868935 2.1761904 0.098156132 -1.8880123 2.1787503 0.097975895 -1.8876668 2.1717858 0.098823994 -1.8868935 2.1761904 0.098156132 -1.888975 2.1764705 0.098352782 -1.8876668 2.1717858 0.098823994 -1.8853754 2.1727152 0.098399282 -1.8868935 2.1761904 0.098156132 -1.8841969 2.1717594 0.098355524 -1.8853754 2.1727152 0.098399282 -1.8876668 2.1717858 0.098823994 -1.882447 2.14554 0.10113226 -1.8841969 2.1717594 0.098355524 -1.8876668 2.1717858 0.098823994 -1.882447 2.14554 0.10113226 -1.8804516 2.1687217 0.098217621 -1.8841969 2.1717594 0.098355524 -1.8800325 2.1686292 0.098168433 -1.8804516 2.1687217 0.098217621 -1.882447 2.14554 0.10113226 -1.8777769 2.1453743 0.10051756 -1.882447 2.14554 0.10113226 -1.8818765 2.1426735 0.10138351 -1.8777769 2.1453743 0.10051756 -1.8800325 2.1686292 0.098168433 -1.882447 2.14554 0.10113226 -1.8777997 2.1681385 0.097904846 -1.8800325 2.1686292 0.098168433 -1.8777769 2.1453743 0.10051756 -1.8777769 2.1453743 0.10051756 -1.8818765 2.1426735 0.10138351 -1.8809905 2.1353335 0.10194351 -1.8749809 2.1675181 0.097574323 -1.8777997 2.1681385 0.097904846 -1.8777769 2.1453743 0.10051756 -1.9123378 2.1946709 0.11328376 -1.9074259 2.1774979 0.09819302 -1.9091778 2.1865366 0.11457721 -1.8920435 2.1759331 0.10203639 -1.8914418 2.1696424 0.11657947 -1.8866967 2.1523249 0.10423259 -1.8899145 2.1762538 0.098769352 -1.902334 2.2162988 0.094534047 -1.9032784 2.2159994 0.095369928 -1.9039478 2.2158408 0.096533552 -1.8915753 2.1759586 0.10077573 -1.9032784 2.2159994 0.095369928 -1.9020827 2.2098262 0.098503053 -1.9009218 2.2060709 0.09890186 -1.9039478 2.2158408 0.096533552 -1.9039478 2.2158408 0.096533552 -1.9044303 2.2157576 0.097784653 -1.9020827 2.2098262 0.098503053 -1.912887 2.2371249 0.095195122 -1.9044303 2.2157576 0.097784653 -1.9039478 2.2158408 0.096533552 -1.9020827 2.2098262 0.098503053 -1.901872 2.2057011 0.11092233 -1.9009218 2.2060709 0.09890186 -1.9020827 2.2098262 0.098503053 -1.9053565 2.2154617 0.10921781 -1.901872 2.2057011 0.11092233 -1.9044303 2.2157576 0.097784653 -1.9053565 2.2154617 0.10921781 -1.9020827 2.2098262 0.098503053 -1.9044303 2.2157576 0.097784653 -1.9092971 2.2265077 0.10729064 -1.9053565 2.2154617 0.10921781 -1.912887 2.2371249 0.095195122 -1.9092971 2.2265077 0.10729064 -1.9044303 2.2157576 0.097784653 -1.912887 2.2371249 0.095195122 -1.9211229 2.2538216 0.097403578 -1.9092971 2.2265077 0.10729064 -1.9162546 2.2358084 0.10896377 -1.9069312 2.2153211 0.11243153 -1.9231421 2.2530382 0.10497285 -1.9216999 2.2534711 0.10308805 -1.905412 2.2156348 0.110488 -1.9092971 2.2265077 0.10729064 -1.9218354 2.2534773 0.10351828 -1.9060467 2.2155514 0.1116011 -1.905412 2.2156348 0.110488 -1.914754 2.200892 0.11229499 -1.916883 2.2041986 0.09819302 -1.9123378 2.1946709 0.11328376 -1.9009218 2.2060709 0.09890186 -1.901872 2.2057011 0.11092233 -1.8992698 2.1984079 0.1121939 -1.8749809 2.1675181 0.097574323 -1.8559755 2.167635 0.094529949 -1.875041 2.1687284 0.097100377 -1.8380368 2.1436584 0.093993157 -1.8777769 2.1453743 0.10051756 -1.8391396 2.1363375 0.094976537 -1.8380368 2.1436584 0.093993157 -1.8749809 2.1675181 0.097574323 -1.8777769 2.1453743 0.10051756 -1.905412 2.2156348 0.110488 -1.9053565 2.2154617 0.10921781 -1.9092971 2.2265077 0.10729064 -1.9199116 2.2130315 0.11370718 -1.9207031 2.212302 0.11225811 -1.9109333 2.1956668 0.11631181 -1.9199116 2.2130315 0.11370718 -1.9326221 2.2273884 0.11010011 -1.9207031 2.212302 0.11225811 -1.9319508 2.2282572 0.11155879 -1.9326221 2.2273884 0.11010011 -1.9199116 2.2130315 0.11370718 -1.9319508 2.2282572 0.11155879 -1.9471189 2.2397721 0.10842426 -1.9326221 2.2273884 0.11010011 -1.9465929 2.2407532 0.1098898 -1.9471189 2.2397721 0.10842426 -1.9319508 2.2282572 0.11155879 -1.9207031 2.212302 0.11225811 -1.9167067 2.2042878 0.11178279 -1.911816 2.1950967 0.11487495 -1.9207031 2.212302 0.11225811 -1.9210663 2.2118652 0.11063962 -1.9167067 2.2042878 0.11178279 -1.922455 2.2142794 0.11027494 -1.9210663 2.2118652 0.11063962 -1.9207031 2.212302 0.11225811 -1.9207031 2.212302 0.11225811 -1.9317251 2.2258956 0.10860317 -1.922455 2.2142794 0.11027494 -1.9326221 2.2273884 0.11010011 -1.9317251 2.2258956 0.10860317 -1.9207031 2.212302 0.11225811 -1.9309138 2.2294307 0.11231824 -1.9300494 2.2303309 0.11230045 -1.9358392 2.2362878 0.11150008 -1.9309138 2.2294307 0.11231824 -1.9250692 2.2252073 0.11298878 -1.9300494 2.2303309 0.11230045 -1.9187003 2.2139747 0.1144734 -1.9250692 2.2252073 0.11298878 -1.9309138 2.2294307 0.11231824 -1.9187003 2.2139747 0.1144734 -1.9175825 2.2147484 0.1144611 -1.9250692 2.2252073 0.11298878 -1.9158806 2.212244 0.11481625 -1.9175825 2.2147484 0.1144611 -1.9187003 2.2139747 0.1144734 -1.9465929 2.2407532 0.1098898 -1.9457734 2.2421174 0.11064369 -1.9633756 2.250083 0.10869741 -1.9309138 2.2294307 0.11231824 -1.9457734 2.2421174 0.11064369 -1.9465929 2.2407532 0.1098898 -1.9309138 2.2294307 0.11231824 -1.9422017 2.2411013 0.1108786 -1.9457734 2.2421174 0.11064369 -1.9358392 2.2362878 0.11150008 -1.9422017 2.2411013 0.1108786 -1.9309138 2.2294307 0.11231824 -1.9622492 2.2529926 0.10937761 -1.9628106 2.251591 0.1094486 -1.9614027 2.2526948 0.10941307 -1.9457734 2.2421174 0.11064369 -1.9628106 2.251591 0.1094486 -1.9633756 2.250083 0.10869741 -1.9457734 2.2421174 0.11064369 -1.9614027 2.2526948 0.10941307 -1.9628106 2.251591 0.1094486 -1.9479504 2.2454515 0.11031726 -1.9614027 2.2526948 0.10941307 -1.9457734 2.2421174 0.11064369 -1.9457734 2.2421174 0.11064369 -1.9450532 2.2432594 0.11060002 -1.9479504 2.2454515 0.11031726 -1.9422017 2.2411013 0.1108786 -1.9450532 2.2432594 0.11060002 -1.9457734 2.2421174 0.11064369 -1.9187003 2.2139747 0.1144734 -1.9199116 2.2130315 0.11370718 -1.9095993 2.1963494 0.11708754 -1.9187003 2.2139747 0.1144734 -1.9319508 2.2282572 0.11155879 -1.9199116 2.2130315 0.11370718 -1.9309138 2.2294307 0.11231824 -1.9319508 2.2282572 0.11155879 -1.9187003 2.2139747 0.1144734 -1.9465929 2.2407532 0.1098898 -1.9319508 2.2282572 0.11155879 -1.9309138 2.2294307 0.11231824 -1.9158806 2.212244 0.11481625 -1.916109 2.2126892 0.11475063 -1.9175825 2.2147484 0.1144611 -1.9250692 2.2252073 0.11298878 -1.9175825 2.2147484 0.1144611 -1.9081045 2.214901 0.1128345 -1.9300494 2.2303309 0.11230045 -1.9250692 2.2252073 0.11298878 -1.9081045 2.214901 0.1128345 -1.9081045 2.214901 0.1128345 -1.9162546 2.2358084 0.10896377 -1.9300494 2.2303309 0.11230045 -1.9162546 2.2358084 0.10896377 -1.9358392 2.2362878 0.11150008 -1.9300494 2.2303309 0.11230045 -1.9240659 2.2526348 0.10548911 -1.9422017 2.2411013 0.1108786 -1.9358392 2.2362878 0.11150008 -1.8811089 2.0001197 0.13252245 -1.8824269 2.0467908 0.13223839 -1.8820499 2.0001187 0.13336386 -1.8814859 2.0467715 0.13139705 -1.8824269 2.0467908 0.13223839 -1.8811089 2.0001197 0.13252245 -1.8814859 2.0467715 0.13139705 -1.8831064 2.0934513 0.12859851 -1.8824269 2.0467908 0.13223839 -1.8825854 2.0934141 0.12794842 -1.8831064 2.0934513 0.12859851 -1.8814859 2.0467715 0.13139705 -1.8808389 2.046736 0.13025253 -1.8802171 2.0001204 0.13002309 -1.8805307 2.0445325 0.12910391 -1.8804631 2.0001202 0.13137656 -1.8802171 2.0001204 0.13002309 -1.8808389 2.046736 0.13025253 -1.8820499 2.0001187 0.13336386 -1.8831258 2.0041511 0.13378724 -1.8831457 2.0001187 0.13370252 -1.8820499 2.0001187 0.13336386 -1.8833402 2.0264864 0.1331303 -1.8831258 2.0041511 0.13378724 -1.8824269 2.0467908 0.13223839 -1.8833402 2.0264864 0.1331303 -1.8820499 2.0001187 0.13336386 -1.8824269 2.0467908 0.13223839 -1.8835359 2.0467858 0.13253202 -1.8833402 2.0264864 0.1331303 -1.8835962 2.0530155 0.13234903 -1.8835359 2.0467858 0.13253202 -1.8824269 2.0467908 0.13223839 -1.884403 2.0878611 0.12970616 -1.8834904 2.0934534 0.12878156 -1.8845322 2.093461 0.12928142 -1.884403 2.0878611 0.12970616 -1.8824269 2.0467908 0.13223839 -1.8834904 2.0934534 0.12878156 -1.8835962 2.0530155 0.13234903 -1.8824269 2.0467908 0.13223839 -1.884403 2.0878611 0.12970616 -1.8819373 2.0933444 0.12684891 -1.8808389 2.046736 0.13025253 -1.8815963 2.0932558 0.12562513 -1.8820633 2.0933771 0.12729968 -1.8808389 2.046736 0.13025253 -1.8819373 2.0933444 0.12684891 -1.8820633 2.0933771 0.12729968 -1.8814859 2.0467715 0.13139705 -1.8808389 2.046736 0.13025253 -1.8825854 2.0934141 0.12794842 -1.8814859 2.0467715 0.13139705 -1.8820633 2.0933771 0.12729968 -1.8808389 2.046736 0.13025253 -1.8811089 2.0001197 0.13252245 -1.8804631 2.0001202 0.13137656 -1.8814859 2.0467715 0.13139705 -1.8811089 2.0001197 0.13252245 -1.8808389 2.046736 0.13025253 -1.8808389 2.046736 0.13025253 -1.8805784 2.0466847 0.12894955 -1.8815963 2.0932558 0.12562513 -1.8805307 2.0445325 0.12910391 -1.8805784 2.0466847 0.12894955 -1.8808389 2.046736 0.13025253 -1.8831064 2.0934513 0.12859851 -1.8834904 2.0934534 0.12878156 -1.8824269 2.0467908 0.13223839 -1.886964 2.1352797 0.1242949 -1.8831064 2.0934513 0.12859851 -1.8860339 2.1353359 0.12345899 -1.8834904 2.0934534 0.12878156 -1.8831064 2.0934513 0.12859851 -1.886964 2.1352797 0.1242949 -1.8825854 2.0934141 0.12794842 -1.8860339 2.1353359 0.12345899 -1.8831064 2.0934513 0.12859851 -1.8820633 2.0933771 0.12729968 -1.8860339 2.1353359 0.12345899 -1.8825854 2.0934141 0.12794842 -1.8820633 2.0933771 0.12729968 -1.8853869 2.1353152 0.12232673 -1.8860339 2.1353359 0.12345899 -1.8819373 2.0933444 0.12684891 -1.8853869 2.1353152 0.12232673 -1.8820633 2.0933771 0.12729968 -1.8819373 2.0933444 0.12684891 -1.8825167 2.1109533 0.12383871 -1.8853869 2.1353152 0.12232673 -1.8815963 2.0932558 0.12562513 -1.8825167 2.1109533 0.12383871 -1.8819373 2.0933444 0.12684891 -1.8865159 2.1228645 0.1261797 -1.886964 2.1352797 0.1242949 -1.8882828 2.1351116 0.12467457 -1.8865159 2.1228645 0.1261797 -1.8834904 2.0934534 0.12878156 -1.886964 2.1352797 0.1242949 -1.8845322 2.093461 0.12928142 -1.8834904 2.0934534 0.12878156 -1.8865159 2.1228645 0.1261797 -1.8852692 2.1352012 0.12105521 -1.8858844 2.14063 0.12043238 -1.8853869 2.1353152 0.12232673 -1.8825167 2.1109533 0.12383871 -1.8852692 2.1352012 0.12105521 -1.8853869 2.1353152 0.12232673 -1.9041133 2.1178551 0.12717947 -1.9031448 2.1180141 0.12859167 -1.9043208 2.1571074 0.12123549 -1.9041133 2.1178551 0.12717947 -1.9029745 2.0787091 0.13281886 -1.9031448 2.1180141 0.12859167 -1.9039441 2.0786028 0.13140112 -1.9029745 2.0787091 0.13281886 -1.9041133 2.1178551 0.12717947 -1.9039441 2.0786028 0.13140112 -1.9028581 2.0394027 0.13534832 -1.9029745 2.0787091 0.13281886 -1.9038267 2.0393491 0.13392787 -1.9028581 2.0394027 0.13534832 -1.9039441 2.0786028 0.13140112 -1.9038267 2.0393491 0.13392787 -1.9027922 2.0000978 0.13618967 -1.9028581 2.0394027 0.13534832 -1.903762 2.0000968 0.13476786 -1.9027922 2.0000978 0.13618967 -1.9038267 2.0393491 0.13392787 -1.9014467 2.0394356 0.13616098 -1.900016 2.039432 0.13591787 -1.9000623 2.0603926 0.13509701 -1.9014467 2.0394356 0.13616098 -1.8999898 2.0277112 0.13637543 -1.900016 2.039432 0.13591787 -1.9013807 2.0000992 0.13700233 -1.8999898 2.0277112 0.13637543 -1.9014467 2.0394356 0.13616098 -1.9013807 2.0000992 0.13700233 -1.8999544 2.0116634 0.13700369 -1.8999898 2.0277112 0.13637543 -1.8999476 2.0001032 0.13684253 -1.8999544 2.0116634 0.13700369 -1.9013807 2.0000992 0.13700233 -1.903762 2.0000968 0.13476786 -1.9041122 2.0106106 0.13311249 -1.9041123 2.000109 0.13275194 -1.903762 2.0000968 0.13476786 -1.9041914 2.0392485 0.13145989 -1.9041122 2.0106106 0.13311249 -1.9038267 2.0393491 0.13392787 -1.9041914 2.0392485 0.13145989 -1.903762 2.0000968 0.13476786 -1.9038267 2.0393491 0.13392787 -1.9043005 2.0784557 0.12919809 -1.9041914 2.0392485 0.13145989 -1.9039441 2.0786028 0.13140112 -1.9043005 2.0784557 0.12919809 -1.9038267 2.0393491 0.13392787 -1.9039441 2.0786028 0.13140112 -1.9043459 2.0949638 0.12824611 -1.9043005 2.0784557 0.12919809 -1.9044659 2.1176226 0.1251048 -1.9043459 2.0949638 0.12824611 -1.9039441 2.0786028 0.13140112 -1.9041133 2.1178551 0.12717947 -1.9044659 2.1176226 0.1251048 -1.9039441 2.0786028 0.13140112 -1.9041133 2.1178551 0.12717947 -1.9046723 2.1568749 0.11966345 -1.9044659 2.1176226 0.1251048 -1.9031448 2.1180141 0.12859167 -1.9017335 2.1181095 0.1293975 -1.9020251 2.1574433 0.12342489 -1.9031448 2.1180141 0.12859167 -1.9015642 2.0787733 0.13362876 -1.9017335 2.1181095 0.1293975 -1.9029745 2.0787091 0.13281886 -1.9015642 2.0787733 0.13362876 -1.9031448 2.1180141 0.12859167 -1.9029745 2.0787091 0.13281886 -1.9014467 2.0394356 0.13616098 -1.9015642 2.0787733 0.13362876 -1.9028581 2.0394027 0.13534832 -1.9014467 2.0394356 0.13616098 -1.9029745 2.0787091 0.13281886 -1.9028581 2.0394027 0.13534832 -1.9013807 2.0000992 0.13700233 -1.9014467 2.0394356 0.13616098 -1.9027922 2.0000978 0.13618967 -1.9013807 2.0000992 0.13700233 -1.9028581 2.0394027 0.13534832 -1.9017335 2.1181095 0.1293975 -1.9002992 2.1181009 0.12927464 -1.9004756 2.1503158 0.124564 -1.9017335 2.1181095 0.1293975 -1.9002492 2.1090367 0.1306008 -1.9002992 2.1181009 0.12927464 -1.9015642 2.0787733 0.13362876 -1.9002492 2.1090367 0.1306008 -1.9017335 2.1181095 0.1293975 -1.9015642 2.0787733 0.13362876 -1.9001728 2.0891671 0.1324378 -1.9002492 2.1090367 0.1306008 -1.9001324 2.0787597 0.13339934 -1.9001728 2.0891671 0.1324378 -1.9015642 2.0787733 0.13362876 -1.9000623 2.0603926 0.13509701 -1.9015642 2.0787733 0.13362876 -1.9014467 2.0394356 0.13616098 -1.9001324 2.0787597 0.13339934 -1.9015642 2.0787733 0.13362876 -1.9000623 2.0603926 0.13509701 -1.9041914 2.0392485 0.13145989 -1.9053311 2.1568742 0.098192982 -1.9041138 1.9609281 0.13140932 -1.9043005 2.0784557 0.12919809 -1.9053311 2.1568742 0.098192982 -1.9041914 2.0392485 0.13145989 -1.9043005 2.0784557 0.12919809 -1.9044659 2.1176226 0.1251048 -1.9053311 2.1568742 0.098192982 -1.9043459 2.0949638 0.12824611 -1.9044659 2.1176226 0.1251048 -1.9043005 2.0784557 0.12919809 -1.9041123 2.000109 0.13275194 -1.9041122 2.0106106 0.13311249 -1.9041914 2.0392485 0.13145989 -1.9053311 2.1568742 0.098192982 -1.9041156 1.9269246 0.1302443 -1.9041138 1.9609281 0.13140932 -1.9053311 2.1568742 0.098192982 -1.9041308 1.9217308 0.12958729 -1.9041156 1.9269246 0.1302443 -1.8802941 2.0933073 0.10867284 -1.8825167 2.1109533 0.12383871 -1.8815963 2.0932558 0.12562513 -1.8823739 2.1229942 0.10660772 -1.8825167 2.1109533 0.12383871 -1.8802941 2.0933073 0.10867284 -1.8823739 2.1229942 0.10660772 -1.8852692 2.1352012 0.12105521 -1.8825167 2.1109533 0.12383871 -1.8841565 2.135087 0.10562842 -1.8852692 2.1352012 0.12105521 -1.8823739 2.1229942 0.10660772 -1.8841565 2.135087 0.10562842 -1.8858844 2.14063 0.12043238 -1.8852692 2.1352012 0.12105521 -1.8802171 2.0001204 0.13002309 -1.8781468 2.0001225 0.10160614 -1.8793763 2.0805728 0.1024161 -1.8815963 2.0932558 0.12562513 -1.8801713 2.0893679 0.10891867 -1.8802321 2.0913382 0.10879706 -1.8815963 2.0932558 0.12562513 -1.8799458 2.0846634 0.10809644 -1.8801713 2.0893679 0.10891867 -1.8805784 2.0466847 0.12894955 -1.8799458 2.0846634 0.10809644 -1.8815963 2.0932558 0.12562513 -1.8805784 2.0466847 0.12894955 -1.8798656 2.0838194 0.10740262 -1.8799458 2.0846634 0.10809644 -1.8796643 2.0817313 0.10568447 -1.8798656 2.0838194 0.10740262 -1.8805784 2.0466847 0.12894955 -1.8794208 2.0806379 0.10296783 -1.8802171 2.0001204 0.13002309 -1.8793763 2.0805728 0.1024161 -1.8794208 2.0806379 0.10296783 -1.8805307 2.0445325 0.12910391 -1.8802171 2.0001204 0.13002309 -1.8796378 2.0816085 0.10537986 -1.8805307 2.0445325 0.12910391 -1.8794208 2.0806379 0.10296783 -1.8796378 2.0816085 0.10537986 -1.8805784 2.0466847 0.12894955 -1.8805307 2.0445325 0.12910391 -1.8796643 2.0817313 0.10568447 -1.8805784 2.0466847 0.12894955 -1.8796378 2.0816085 0.10537986 -1.8802321 2.0913382 0.10879706 -1.8802941 2.0933073 0.10867284 -1.8815963 2.0932558 0.12562513 -1.8957702 2.0888429 0.13197617 -1.9002992 2.1181009 0.12927464 -1.9002492 2.1090367 0.1306008 -1.8957702 2.0888429 0.13197617 -1.9004756 2.1503158 0.124564 -1.9002992 2.1181009 0.12927464 -1.8958316 2.1499214 0.12393572 -1.9004756 2.1503158 0.124564 -1.8957702 2.0888429 0.13197617 -1.8957702 2.0888429 0.13197617 -1.9001324 2.0787597 0.13339934 -1.9000623 2.0603926 0.13509701 -1.8957702 2.0888429 0.13197617 -1.9001728 2.0891671 0.1324378 -1.9001324 2.0787597 0.13339934 -1.9002492 2.1090367 0.1306008 -1.9001728 2.0891671 0.1324378 -1.8957702 2.0888429 0.13197617 -1.8835962 2.0530155 0.13234903 -1.8957083 2.0274246 0.13588648 -1.8835359 2.0467858 0.13253202 -1.8957702 2.0888429 0.13197617 -1.8957083 2.0274246 0.13588648 -1.8835962 2.0530155 0.13234903 -1.8957702 2.0888429 0.13197617 -1.900016 2.039432 0.13591787 -1.8957083 2.0274246 0.13588648 -1.9000623 2.0603926 0.13509701 -1.900016 2.039432 0.13591787 -1.8957702 2.0888429 0.13197617 -1.8957083 2.0274246 0.13588648 -1.8999544 2.0116634 0.13700369 -1.8999476 2.0001032 0.13684253 -1.8999898 2.0277112 0.13637543 -1.8999544 2.0116634 0.13700369 -1.8957083 2.0274246 0.13588648 -1.8957083 2.0274246 0.13588648 -1.8831457 2.0001187 0.13370252 -1.8831258 2.0041511 0.13378724 -1.8833402 2.0264864 0.1331303 -1.8957083 2.0274246 0.13588648 -1.8831258 2.0041511 0.13378724 -1.8957083 2.0274246 0.13588648 -1.8833402 2.0264864 0.1331303 -1.8835359 2.0467858 0.13253202 -1.8865159 2.1228645 0.1261797 -1.884403 2.0878611 0.12970616 -1.8845322 2.093461 0.12928142 -1.8865159 2.1228645 0.1261797 -1.8957702 2.0888429 0.13197617 -1.884403 2.0878611 0.12970616 -1.8882828 2.1351116 0.12467457 -1.8957702 2.0888429 0.13197617 -1.8865159 2.1228645 0.1261797 -1.8882828 2.1351116 0.12467457 -1.8958316 2.1499214 0.12393572 -1.8957702 2.0888429 0.13197617 -1.8835962 2.0530155 0.13234903 -1.884403 2.0878611 0.12970616 -1.8957702 2.0888429 0.13197617 -1.900016 2.039432 0.13591787 -1.8999898 2.0277112 0.13637543 -1.8957083 2.0274246 0.13588648 -1.886964 2.1352797 0.1242949 -1.8907026 2.1518745 0.12261357 -1.8903461 2.149404 0.12291677 -1.886964 2.1352797 0.1242949 -1.8948605 2.1760595 0.11881667 -1.8907026 2.1518745 0.12261357 -1.8939497 2.1762059 0.11798353 -1.8948605 2.1760595 0.11881667 -1.886964 2.1352797 0.1242949 -1.8939497 2.1762059 0.11798353 -1.9069312 2.2153211 0.11243153 -1.8948605 2.1760595 0.11881667 -1.9060467 2.2155514 0.1116011 -1.9069312 2.2153211 0.11243153 -1.8939497 2.1762059 0.11798353 -1.9060467 2.2155514 0.1116011 -1.9228038 2.2531853 0.10478438 -1.9069312 2.2153211 0.11243153 -1.8933076 2.1762378 0.11686086 -1.8914418 2.1696424 0.11657947 -1.8931994 2.1760988 0.11559609 -1.8933076 2.1762378 0.11686086 -1.8853869 2.1353152 0.12232673 -1.8914418 2.1696424 0.11657947 -1.8939497 2.1762059 0.11798353 -1.8853869 2.1353152 0.12232673 -1.8933076 2.1762378 0.11686086 -1.8939497 2.1762059 0.11798353 -1.8860339 2.1353359 0.12345899 -1.8853869 2.1353152 0.12232673 -1.886964 2.1352797 0.1242949 -1.8860339 2.1353359 0.12345899 -1.8939497 2.1762059 0.11798353 -1.905412 2.2156348 0.110488 -1.901872 2.2057011 0.11092233 -1.9053565 2.2154617 0.10921781 -1.8933076 2.1762378 0.11686086 -1.901872 2.2057011 0.11092233 -1.905412 2.2156348 0.110488 -1.8933076 2.1762378 0.11686086 -1.8992698 2.1984079 0.1121939 -1.901872 2.2057011 0.11092233 -1.8931994 2.1760988 0.11559609 -1.8992698 2.1984079 0.1121939 -1.8933076 2.1762378 0.11686086 -1.8948605 2.1760595 0.11881667 -1.8970734 2.1804621 0.11856538 -1.8960316 2.175791 0.11922778 -1.8948605 2.1760595 0.11881667 -1.9055667 2.208389 0.11404046 -1.8970734 2.1804621 0.11856538 -1.9069312 2.2153211 0.11243153 -1.9055667 2.208389 0.11404046 -1.8948605 2.1760595 0.11881667 -1.9069312 2.2153211 0.11243153 -1.9067627 2.211457 0.11347227 -1.9055667 2.208389 0.11404046 -1.9081045 2.214901 0.1128345 -1.9067627 2.211457 0.11347227 -1.9069312 2.2153211 0.11243153 -1.9081045 2.214901 0.1128345 -1.9069312 2.2153211 0.11243153 -1.9162546 2.2358084 0.10896377 -1.8882828 2.1351116 0.12467457 -1.886964 2.1352797 0.1242949 -1.8903461 2.149404 0.12291677 -1.8948605 2.1760595 0.11881667 -1.8958569 2.175005 0.11933836 -1.8907026 2.1518745 0.12261357 -1.8960316 2.175791 0.11922778 -1.8958569 2.175005 0.11933836 -1.8948605 2.1760595 0.11881667 -1.8853869 2.1353152 0.12232673 -1.886934 2.1461062 0.1197058 -1.8914418 2.1696424 0.11657947 -1.8853869 2.1353152 0.12232673 -1.8858844 2.14063 0.12043238 -1.886934 2.1461062 0.1197058 -1.905412 2.2156348 0.110488 -1.8939497 2.1762059 0.11798353 -1.8933076 2.1762378 0.11686086 -1.9060467 2.2155514 0.1116011 -1.8939497 2.1762059 0.11798353 -1.905412 2.2156348 0.110488 -1.9043208 2.1571074 0.12123549 -1.905854 2.1718843 0.11702748 -1.9046723 2.1568749 0.11966345 -1.9043208 2.1571074 0.12123549 -1.9063147 2.176542 0.11788382 -1.905854 2.1718843 0.11702748 -1.9053718 2.1769369 0.11930425 -1.9063147 2.176542 0.11788382 -1.9043208 2.1571074 0.12123549 -1.9053718 2.1769369 0.11930425 -1.911816 2.1950967 0.11487495 -1.9063147 2.176542 0.11788382 -1.9109333 2.1956668 0.11631181 -1.911816 2.1950967 0.11487495 -1.9053718 2.1769369 0.11930425 -1.9109333 2.1956668 0.11631181 -1.9207031 2.212302 0.11225811 -1.911816 2.1950967 0.11487495 -1.9039716 2.1773458 0.12009232 -1.9033669 2.1573188 0.12264361 -1.9020251 2.1574433 0.12342489 -1.9053718 2.1769369 0.11930425 -1.9033669 2.1573188 0.12264361 -1.9039716 2.1773458 0.12009232 -1.9053718 2.1769369 0.11930425 -1.9043208 2.1571074 0.12123549 -1.9033669 2.1573188 0.12264361 -1.9011565 2.1685853 0.121622 -1.9020251 2.1574433 0.12342489 -1.9005152 2.1574671 0.12351777 -1.9011565 2.1685853 0.121622 -1.9039716 2.1773458 0.12009232 -1.9020251 2.1574433 0.12342489 -1.9028124 2.1776092 0.12014692 -1.9039716 2.1773458 0.12009232 -1.9011565 2.1685853 0.121622 -1.9063147 2.176542 0.11788382 -1.9068353 2.1762116 0.11630356 -1.905854 2.1718843 0.11702748 -1.9063147 2.176542 0.11788382 -1.9071403 2.1775546 0.1160782 -1.9068353 2.1762116 0.11630356 -1.911816 2.1950967 0.11487495 -1.9071403 2.1775546 0.1160782 -1.9063147 2.176542 0.11788382 -1.911816 2.1950967 0.11487495 -1.9091778 2.1865366 0.11457721 -1.9071403 2.1775546 0.1160782 -1.9123378 2.1946709 0.11328376 -1.9091778 2.1865366 0.11457721 -1.911816 2.1950967 0.11487495 -1.911816 2.1950967 0.11487495 -1.914754 2.200892 0.11229499 -1.9123378 2.1946709 0.11328376 -1.911816 2.1950967 0.11487495 -1.9167067 2.2042878 0.11178279 -1.914754 2.200892 0.11229499 -1.9083517 2.1969049 0.11709716 -1.9095993 2.1963494 0.11708754 -1.9039962 2.1840611 0.11909253 -1.9089921 2.1987944 0.11680347 -1.9095993 2.1963494 0.11708754 -1.9083517 2.1969049 0.11709716 -1.9089921 2.1987944 0.11680347 -1.9187003 2.2139747 0.1144734 -1.9095993 2.1963494 0.11708754 -1.9158806 2.212244 0.11481625 -1.9187003 2.2139747 0.1144734 -1.9089921 2.1987944 0.11680347 -1.9109333 2.1956668 0.11631181 -1.9095993 2.1963494 0.11708754 -1.9199116 2.2130315 0.11370718 -1.9039716 2.1773458 0.12009232 -1.9095993 2.1963494 0.11708754 -1.9109333 2.1956668 0.11631181 -1.9039716 2.1773458 0.12009232 -1.9039962 2.1840611 0.11909253 -1.9095993 2.1963494 0.11708754 -1.9028124 2.1776092 0.12014692 -1.9039962 2.1840611 0.11909253 -1.9039716 2.1773458 0.12009232 -1.9109333 2.1956668 0.11631181 -1.9053718 2.1769369 0.11930425 -1.9039716 2.1773458 0.12009232 -1.9043208 2.1571074 0.12123549 -1.9031448 2.1180141 0.12859167 -1.9033669 2.1573188 0.12264361 -1.9043208 2.1571074 0.12123549 -1.9046723 2.1568749 0.11966345 -1.9041133 2.1178551 0.12717947 -1.9004756 2.1503158 0.124564 -1.9020251 2.1574433 0.12342489 -1.9017335 2.1181095 0.1293975 -1.9005152 2.1574671 0.12351777 -1.9020251 2.1574433 0.12342489 -1.9004756 2.1503158 0.124564 -1.9020251 2.1574433 0.12342489 -1.9033669 2.1573188 0.12264361 -1.9031448 2.1180141 0.12859167 -1.9044659 2.1176226 0.1251048 -1.9046723 2.1568749 0.11966345 -1.9053311 2.1568742 0.098192982 -1.9074259 2.1774979 0.09819302 -1.9071403 2.1775546 0.1160782 -1.9091778 2.1865366 0.11457721 -1.9074259 2.1774979 0.09819302 -1.9068353 2.1762116 0.11630356 -1.9071403 2.1775546 0.1160782 -1.905854 2.1718843 0.11702748 -1.9068353 2.1762116 0.11630356 -1.9074259 2.1774979 0.09819302 -1.9074259 2.1774979 0.09819302 -1.9046723 2.1568749 0.11966345 -1.905854 2.1718843 0.11702748 -1.8858132 2.146332 0.10471744 -1.8858844 2.14063 0.12043238 -1.8841565 2.135087 0.10562842 -1.8858132 2.146332 0.10471744 -1.886934 2.1461062 0.1197058 -1.8858844 2.14063 0.12043238 -1.8866967 2.1523249 0.10423259 -1.886934 2.1461062 0.1197058 -1.8858132 2.146332 0.10471744 -1.8866967 2.1523249 0.10423259 -1.8914418 2.1696424 0.11657947 -1.886934 2.1461062 0.1197058 -1.8920435 2.1759331 0.10203639 -1.8931994 2.1760988 0.11559609 -1.8914418 2.1696424 0.11657947 -1.8932443 2.1812334 0.10154337 -1.8992698 2.1984079 0.1121939 -1.8931994 2.1760988 0.11559609 -1.8958316 2.1499214 0.12393572 -1.9005152 2.1574671 0.12351777 -1.9004756 2.1503158 0.124564 -1.9011565 2.1685853 0.121622 -1.9005152 2.1574671 0.12351777 -1.8958316 2.1499214 0.12393572 -1.8903461 2.149404 0.12291677 -1.8958316 2.1499214 0.12393572 -1.8882828 2.1351116 0.12467457 -1.8903461 2.149404 0.12291677 -1.8958569 2.175005 0.11933836 -1.8958316 2.1499214 0.12393572 -1.8907026 2.1518745 0.12261357 -1.8958569 2.175005 0.11933836 -1.8903461 2.149404 0.12291677 -1.8958569 2.175005 0.11933836 -1.9011565 2.1685853 0.121622 -1.8958316 2.1499214 0.12393572 -1.8958569 2.175005 0.11933836 -1.9028124 2.1776092 0.12014692 -1.9011565 2.1685853 0.121622 -1.8960316 2.175791 0.11922778 -1.9028124 2.1776092 0.12014692 -1.8958569 2.175005 0.11933836 -1.8960316 2.175791 0.11922778 -1.9039962 2.1840611 0.11909253 -1.9028124 2.1776092 0.12014692 -1.8970734 2.1804621 0.11856538 -1.9039962 2.1840611 0.11909253 -1.8960316 2.175791 0.11922778 -1.8970734 2.1804621 0.11856538 -1.9083517 2.1969049 0.11709716 -1.9039962 2.1840611 0.11909253 -1.9055667 2.208389 0.11404046 -1.9083517 2.1969049 0.11709716 -1.8970734 2.1804621 0.11856538 -1.9055667 2.208389 0.11404046 -1.9089921 2.1987944 0.11680347 -1.9083517 2.1969049 0.11709716 -1.9158806 2.212244 0.11481625 -1.9089921 2.1987944 0.11680347 -1.9055667 2.208389 0.11404046 -1.9067627 2.211457 0.11347227 -1.9158806 2.212244 0.11481625 -1.9055667 2.208389 0.11404046 -1.9067627 2.211457 0.11347227 -1.916109 2.2126892 0.11475063 -1.9158806 2.212244 0.11481625 -1.9081045 2.214901 0.1128345 -1.916109 2.2126892 0.11475063 -1.9067627 2.211457 0.11347227 -1.9081045 2.214901 0.1128345 -1.9175825 2.2147484 0.1144611 -1.916109 2.2126892 0.11475063 </float_array>
          <technique_common>
            <accessor count="12075" offset="0" source="#meshId0-positions-array" stride="3">
              <param name="X" type="float" />
              <param name="Y" type="float" />
              <param name="Z" type="float" />
            </accessor>
          </technique_common>
        </source>
        <source id="meshId0-normals" name="meshId0-normals">
          <float_array id="meshId0-normals-array" count="36225"> -0.9721095 -0.19543913 0.12964077 -0.9890039 -0.066932984 0.13187614 -0.98913652 0.064943045 0.13187616 -0.95230502 -0.27312365 0.1360828 -0.9890039 -0.066932984 0.13187614 -0.9721095 -0.19543913 0.12964077 -0.9890039 -0.066932984 0.13187614 -0.98913652 0.064943045 0.13187616 -0.98913652 0.064943045 0.13187616 -0.73266232 -0.66740406 0.13333331 -0.73266232 -0.66740406 0.13333331 -0.87202978 -0.4706867 0.13423121 -0.59786779 -0.79882997 0.066518947 -0.73266232 -0.66740406 0.13333331 -0.73266232 -0.66740406 0.13333331 -0.47213224 -0.87893403 0.067573667 -0.73266232 -0.66740406 0.13333331 -0.59786779 -0.79882997 0.066518947 -0.87202978 -0.4706867 0.13423121 -0.92280054 -0.33061874 0.19781415 -0.95230502 -0.27312365 0.1360828 -0.27311036 -0.95953947 0.068518773 -0.27120715 -0.95285267 0.13608266 -0.47213224 -0.87893403 0.067573667 -0.065370783 -0.99565125 0.066372216 -0.13088107 -0.98920286 0.065937936 -0.27311036 -0.95953947 0.068518773 -0.27120715 -0.95285267 0.13608266 -0.46893129 -0.87297505 0.13423114 -0.27120715 -0.95285267 0.13608266 -0.46893129 -0.87297505 0.13423114 -0.67041302 -0.73894644 0.06711556 -0.46893129 -0.87297505 0.13423114 -0.66592866 -0.7340036 0.1333333 -0.84931004 -0.52383095 0.065372027 -0.67041302 -0.73894644 0.06711556 -0.82950032 -0.55420625 0.069171429 -0.93928039 -0.33652306 0.06711562 -0.84931004 -0.52383095 0.065372027 -0.82950032 -0.55420625 0.069171429 -0.95898801 -0.27504033 0.068518892 -0.93928039 -0.33652306 0.06711562 -0.99109447 -0.13316077 4.3174104e-08 -0.99771774 -0.06752269 5.1391385e-08 -0.95898801 -0.27504033 0.068518892 -0.19471401 -0.97868848 0.065232702 -0.064943053 -0.98913658 0.13187598 0.0010059475 -0.99999952 -1.1923917e-07 -0.39215025 -0.91756546 0.065512091 -0.27120715 -0.95285267 0.13608266 -0.19471401 -0.97868848 0.065232702 -0.87798232 -0.47389963 0.067573734 -0.79238367 -0.59553415 0.13216369 -0.59786779 -0.79882997 0.066518947 -0.39215025 -0.91756546 0.065512091 -0.59786779 -0.79882997 0.066518947 -0.46893129 -0.87297505 0.13423114 -0.87999374 -0.47498527 -4.1830939e-09 -0.95230502 -0.27312365 0.1360828 -0.87798232 -0.47389963 0.067573734 -0.95230502 -0.27312365 0.1360828 -0.96124709 -0.27568823 2.4409635e-08 -0.99771774 -0.06752269 5.1391385e-08 -0.87999374 -0.47498527 -4.1830939e-09 -0.96124709 -0.27568823 2.4409635e-08 -0.95230502 -0.27312365 0.1360828 -0.13088107 -0.98920286 0.065937936 -0.065370783 -0.99565125 0.066372216 0.0010059475 -0.99999952 -1.1923917e-07 -0.98913652 0.064943045 0.13187616 -0.97250074 0.19348292 0.12964082 -0.97250074 0.19348292 0.12964082 -0.98913652 0.064943045 0.13187616 -0.97250074 0.19348292 0.12964082 -0.98913652 0.064943045 0.13187616 -0.19348292 -0.97250074 0.12964064 -0.27120715 -0.95285267 0.13608266 -0.27120715 -0.95285267 0.13608266 -0.95230502 -0.27312365 0.1360828 -0.92280054 -0.33061874 0.19781415 -0.9890039 -0.066932984 0.13187614 -0.9890039 -0.066932984 0.13187614 -0.98913652 0.064943045 0.13187616 -0.98913652 0.064943045 0.13187616 -0.97855717 0.064248435 0.19569848 -0.98913652 0.064943045 0.13187616 -0.9890039 -0.066932984 0.13187614 -0.46893129 -0.87297505 0.13423114 -0.73266232 -0.66740406 0.13333331 -0.47213224 -0.87893403 0.067573667 -0.73266232 -0.66740406 0.13333331 -0.92280054 -0.33061874 0.19781415 -0.87202978 -0.4706867 0.13423121 -0.47213224 -0.87893403 0.067573667 -0.27120715 -0.95285267 0.13608266 -0.46893129 -0.87297505 0.13423114 -0.27311036 -0.95953947 0.068518773 -0.13088107 -0.98920286 0.065937936 -0.27120715 -0.95285267 0.13608266 -0.19348292 -0.97250074 0.12964064 -0.13088107 -0.98920286 0.065937936 -0.13003576 -0.98281395 0.13102426 -0.27120715 -0.95285267 0.13608266 -0.13088107 -0.98920286 0.065937936 -0.19348292 -0.97250074 0.12964064 -0.97829473 -0.19668265 0.065232843 -0.95898801 -0.27504033 0.068518892 -0.87202978 -0.4706867 0.13423121 -0.97829473 -0.19668265 0.065232843 -0.99109447 -0.13316077 4.3174104e-08 -0.95898801 -0.27504033 0.068518892 -0.99551767 -0.067373805 0.06637238 -0.99109447 -0.13316077 4.3174104e-08 -0.97829473 -0.19668265 0.065232843 -0.46893129 -0.87297505 0.13423114 -0.46893129 -0.87297505 0.13423114 -0.27120715 -0.95285267 0.13608266 -0.66592866 -0.7340036 0.1333333 -0.67041302 -0.73894644 0.06711556 -0.46893129 -0.87297505 0.13423114 -0.82950032 -0.55420625 0.069171429 -0.84931004 -0.52383095 0.065372027 -0.66592866 -0.7340036 0.1333333 -0.87202978 -0.4706867 0.13423121 -0.95898801 -0.27504033 0.068518892 -0.82950032 -0.55420625 0.069171429 -0.27120715 -0.95285267 0.13608266 -0.2681216 -0.94201207 0.20180175 -0.46893129 -0.87297505 0.13423114 -0.19471401 -0.97868848 0.065232702 -0.27120715 -0.95285267 0.13608266 -0.064943053 -0.98913658 0.13187598 -0.39215025 -0.91756546 0.065512091 -0.46373808 -0.86330724 0.19911692 -0.27120715 -0.95285267 0.13608266 -0.46893129 -0.87297505 0.13423114 -0.46373808 -0.86330724 0.19911692 -0.39215025 -0.91756546 0.065512091 -0.59786779 -0.79882997 0.066518947 -0.59786779 -0.79882997 0.066518947 -0.46893129 -0.87297505 0.13423114 -0.59786779 -0.79882997 0.066518947 -0.79238367 -0.59553415 0.13216369 -0.59786779 -0.79882997 0.066518947 -0.91677463 -0.39399552 0.065512188 -0.79238367 -0.59553415 0.13216369 -0.87798232 -0.47389963 0.067573734 -0.87798232 -0.47389963 0.067573734 -0.95230502 -0.27312365 0.1360828 -0.91677463 -0.39399552 0.065512188 -0.87798232 -0.47389963 0.067573734 -0.95230502 -0.27312365 0.1360828 -0.95230502 -0.27312365 0.1360828 -0.95230502 -0.27312365 0.1360828 -0.99771774 -0.06752269 5.1391385e-08 -0.98255032 -0.13201284 0.13102441 0.00099713111 -0.99122745 0.1321636 0.0010059475 -0.99999952 -1.1923917e-07 -0.064943053 -0.98913658 0.13187598 0.00099713111 -0.99122745 0.1321636 -0.13088107 -0.98920286 0.065937936 0.0010059475 -0.99999952 -1.1923917e-07 -0.13003576 -0.98281395 0.13102426 -0.13088107 -0.98920286 0.065937936 0.00099713111 -0.99122745 0.1321636 -0.98913652 0.064943045 0.13187616 -0.98281395 0.13003576 0.13102444 -0.97250074 0.19348292 0.12964082 -0.97855717 0.064248435 0.19569848 -0.98281395 0.13003576 0.13102444 -0.98913652 0.064943045 0.13187616 -0.19348292 -0.97250074 0.12964064 -0.2681216 -0.94201207 0.20180175 -0.27120715 -0.95285267 0.13608266 -0.9336682 0.33239427 0.13333343 -0.9336682 0.33239427 0.13333343 -0.84496307 0.5188061 0.12991408 -0.95285261 0.27120712 0.13608286 -0.9336682 0.33239427 0.13333343 -0.9336682 0.33239427 0.13333343 -0.97250074 0.19348292 0.12964082 -0.97250074 0.19348292 0.12964082 -0.95285261 0.27120712 0.13608286 -0.9336682 0.33239427 0.13333343 -0.84496307 0.5188061 0.12991408 -0.84496307 0.5188061 0.12991408 -0.97868842 0.19471401 0.065232888 -0.84496307 0.5188061 0.12991408 -0.9336682 0.33239427 0.13333343 -0.98058015 -0.00098643603 0.19611619 -0.97868842 0.19471401 0.065232888 -0.9336682 0.33239427 0.13333343 -0.99778461 -0.0010037273 0.066519067 -0.97868842 0.19471401 0.065232888 -0.98058015 -0.00098643603 0.19611619 -0.94174141 -0.00094738294 0.33633646 -0.94174141 -0.00094738294 0.33633646 -0.98058015 -0.00098643603 0.19611619 -0.89743185 0.34413016 0.27602631 -0.94174141 -0.00094738294 0.33633646 -0.94201207 0.2681216 0.20180193 -0.96152347 -0.00096727529 0.27472118 -0.98058015 -0.00098643603 0.19611619 -0.94174141 -0.00094738294 0.33633646 -0.98913652 0.064943045 0.13187616 -0.94201207 0.2681216 0.20180193 -0.94174141 -0.00094738294 0.33633646 -0.98913652 0.064943045 0.13187616 -0.89964586 0.41412389 0.13834299 -0.94201207 0.2681216 0.20180193 -0.95285261 0.27120712 0.13608286 -0.89964586 0.41412389 0.13834299 -0.98913652 0.064943045 0.13187616 -0.94174141 -0.00094738294 0.33633646 -0.98058015 -0.00098643603 0.19611619 -0.98913652 0.064943045 0.13187616 -0.84496307 0.5188061 0.12991408 -0.9336682 0.33239427 0.13333343 -0.84496307 0.5188061 0.12991408 -0.95285261 0.27120712 0.13608286 -0.97250074 0.19348292 0.12964082 -0.9336682 0.33239427 0.13333343 -0.95285261 0.27120712 0.13608286 -0.84496307 0.5188061 0.12991408 -0.89964586 0.41412389 0.13834299 -0.9336682 0.33239427 0.13333343 -0.84496307 0.5188061 0.12991408 -0.95285261 0.27120712 0.13608286 -0.79358023 0.59393877 0.13216384 -0.89964586 0.41412389 0.13834299 -0.84496307 0.5188061 0.12991408 -0.98058015 -0.00098643603 0.19611619 -0.99778461 -0.0010037273 0.066519067 -0.98913652 0.064943045 0.13187616 -0.98058015 -0.00098643603 0.19611619 -0.99778461 -0.0010037273 0.066519067 -0.98058015 -0.00098643603 0.19611619 -0.98058015 -0.00098643603 0.19611619 -0.9336682 0.33239427 0.13333343 -0.99778461 -0.0010037273 0.066519067 -0.98058015 -0.00098643603 0.19611619 -0.94174141 -0.00094738294 0.33633646 -0.98058015 -0.00098643603 0.19611619 -0.95285261 0.27120712 0.13608286 -0.99778461 -0.0010037273 0.066519067 -0.9336682 0.33239427 0.13333343 -0.99778461 -0.0010037273 0.066519067 -0.95285261 0.27120712 0.13608286 -0.98913652 0.064943045 0.13187616 -0.33239427 -0.9336682 0.13333325 -0.19348292 -0.97250074 0.12964064 -0.19348292 -0.97250074 0.12964064 -0.52212119 -0.85036224 0.065371975 -0.41412389 -0.89964586 0.1383428 -0.33239427 -0.9336682 0.13333325 -0.55253625 -0.83061361 0.069171377 -0.59393877 -0.79358023 0.13216366 -0.52212119 -0.85036224 0.065371975 -0.13088107 -0.98920286 0.065937936 0.0010037234 -0.99778467 0.066518888 -0.13088107 -0.98920286 0.065937936 -0.27311036 -0.95953947 0.068518773 -0.27120715 -0.95285267 0.13608266 -0.39215025 -0.91756546 0.065512091 -0.13088107 -0.98920286 0.065937936 -0.13088107 -0.98920286 0.065937936 -0.27311036 -0.95953947 0.068518773 -0.39215025 -0.91756546 0.065512091 -0.41412389 -0.89964586 0.1383428 -0.47213224 -0.87893403 0.067573667 -0.55253625 -0.83061361 0.069171377 -0.59786779 -0.79882997 0.066518947 -0.59393877 -0.79358023 0.13216366 -0.47213224 -0.87893403 0.067573667 -0.59393877 -0.79358023 0.13216366 -0.59786779 -0.79882997 0.066518947 -0.19348292 -0.97250074 0.12964064 -0.27120715 -0.95285267 0.13608266 -0.19348292 -0.97250074 0.12964064 -0.33239427 -0.9336682 0.13333325 -0.41412389 -0.89964586 0.1383428 -0.19348292 -0.97250074 0.12964064 -0.52212119 -0.85036224 0.065371975 -0.59393877 -0.79358023 0.13216366 -0.41412389 -0.89964586 0.1383428 -0.41412389 -0.89964586 0.1383428 -0.19348292 -0.97250074 0.12964064 -0.19348292 -0.97250074 0.12964064 -0.13088107 -0.98920286 0.065937936 0.0010037234 -0.99778467 0.066518888 0.0010059475 -0.99999952 -1.1923917e-07 -0.27311036 -0.95953947 0.068518773 -0.13088107 -0.98920286 0.065937936 -0.27120715 -0.95285267 0.13608266 -0.47213224 -0.87893403 0.067573667 -0.41412389 -0.89964586 0.1383428 -0.59393877 -0.79358023 0.13216366 -0.27120715 -0.95285267 0.13608266 -0.41412389 -0.89964586 0.1383428 -0.39215025 -0.91756546 0.065512091 -0.59393877 -0.79358023 0.13216366 -0.59786779 -0.79882997 0.066518947 -0.59393877 -0.79358023 0.13216366 -0.19348292 -0.97250074 0.12964064 -0.2681216 -0.94201207 0.20180175 -0.19348292 -0.97250074 0.12964064 -0.98281395 0.13003576 0.13102444 -0.9572261 0.20411295 0.20507586 -0.97250074 0.19348292 0.12964082 -0.87474483 0.26818925 0.40360376 -0.94174141 -0.00094738294 0.33633646 -0.89743185 0.34413016 0.27602631 -0.88907379 0.40925738 0.20507589 -0.84496307 0.5188061 0.12991408 -0.9336682 0.33239427 0.13333343 -0.97250074 0.19348292 0.12964082 -0.9572261 0.20411295 0.20507586 -0.9336682 0.33239427 0.13333343 -0.88907379 0.40925738 0.20507589 -0.79358023 0.59393877 0.13216384 -0.84496307 0.5188061 0.12991408 -0.79358023 0.59393877 0.13216384 -0.94201207 0.2681216 0.20180193 -0.89964586 0.41412389 0.13834299 -0.89743185 0.34413016 0.27602631 -0.94201207 0.2681216 0.20180193 -0.79358023 0.59393877 0.13216384 -0.94174141 -0.00094738294 0.33633646 -0.96152347 -0.00096727529 0.27472118 -0.94174141 -0.00094738294 0.33633646 -0.98255032 -0.13201284 0.13102441 -0.99771774 -0.06752269 5.1391385e-08 -0.99122739 -0.00099713891 0.13216378 -0.99771774 -0.06752269 5.1391385e-08 -0.99551767 -0.067373805 0.06637238 -0.99122739 -0.00099713891 0.13216378 -0.99771774 -0.06752269 5.1391385e-08 -0.99109447 -0.13316077 4.3174104e-08 -0.99551767 -0.067373805 0.06637238 -0.99771774 -0.06752269 5.1391385e-08 -0.99771774 -0.06752269 5.1391385e-08 -0.99109447 -0.13316077 4.3174104e-08 -0.9721095 -0.19543913 0.12964077 -0.93299752 -0.33427209 0.13333336 -0.91092902 -0.39148331 0.13018893 -0.9721095 -0.19543913 0.12964077 -0.93299752 -0.33427209 0.13333336 -0.9721095 -0.19543913 0.12964077 -0.91092902 -0.39148331 0.13018893 -0.82361025 -0.55027103 0.13736054 -0.84391755 -0.52050501 0.12991394 -0.82361025 -0.55027103 0.13736054 -0.95230502 -0.27312365 0.1360828 -0.84391755 -0.52050501 0.12991394 -0.82361025 -0.55027103 0.13736054 -0.93928039 -0.33652306 0.06711562 -0.95230502 -0.27312365 0.1360828 -0.95230502 -0.27312365 0.1360828 -0.99778461 -0.0010037273 0.066519067 -0.98058015 -0.00098643603 0.19611619 -0.93928039 -0.33652306 0.06711562 -0.99778461 -0.0010037273 0.066519067 -0.95230502 -0.27312365 0.1360828 -0.96152347 -0.00096727529 0.27472118 -0.94147074 -0.27001634 0.20180187 -0.92280054 -0.33061874 0.19781415 -0.96152347 -0.00096727529 0.27472118 -0.94174141 -0.00094738294 0.33633646 -0.94147074 -0.27001634 0.20180187 -0.98058015 -0.00098643603 0.19611619 -0.94174141 -0.00094738294 0.33633646 -0.96152347 -0.00096727529 0.27472118 -0.98058015 -0.00098643603 0.19611619 -0.96152347 -0.00096727529 0.27472118 -0.94174141 -0.00094738294 0.33633646 -0.98058015 -0.00098643603 0.19611619 -0.96152347 -0.00096727529 0.27472118 -0.98058015 -0.00098643603 0.19611619 -0.94174141 -0.00094738294 0.33633646 -0.92280054 -0.33061874 0.19781415 -0.94147074 -0.27001634 0.20180187 -0.89680713 -0.27692854 0.34503281 -0.92280054 -0.33061874 0.19781415 -0.94174141 -0.00094738294 0.33633646 -0.98058015 -0.00098643603 0.19611619 -0.98058015 -0.00098643603 0.19611619 -0.96152347 -0.00096727529 0.27472118 -0.95681351 -0.20603842 0.20507582 -0.91092902 -0.39148331 0.13018893 -0.89680713 -0.27692854 0.34503281 -0.9721095 -0.19543913 0.12964077 -0.91092902 -0.39148331 0.13018893 -0.95681351 -0.20603842 0.20507582 -0.91092902 -0.39148331 0.13018893 -0.8740682 -0.40448317 0.26906911 -0.89680713 -0.27692854 0.34503281 -0.84391755 -0.52050501 0.12991394 -0.8740682 -0.40448317 0.26906911 -0.91092902 -0.39148331 0.13018893 -0.82361025 -0.55027103 0.13736054 -0.92280054 -0.33061874 0.19781415 -0.94147074 -0.27001634 0.20180187 -0.84391755 -0.52050501 0.12991394 -0.92280054 -0.33061874 0.19781415 -0.82361025 -0.55027103 0.13736054 -0.84391755 -0.52050501 0.12991394 -0.95230502 -0.27312365 0.1360828 -0.92280054 -0.33061874 0.19781415 -0.95230502 -0.27312365 0.1360828 -0.98058015 -0.00098643603 0.19611619 -0.98058015 -0.00098643603 0.19611619 -0.98058015 -0.00098643603 0.19611619 -0.95230502 -0.27312365 0.1360828 -0.98058015 -0.00098643603 0.19611619 -0.98058015 -0.00098643603 0.19611619 -0.92280054 -0.33061874 0.19781415 -0.95230502 -0.27312365 0.1360828 -0.96152347 -0.00096727529 0.27472118 -0.92280054 -0.33061874 0.19781415 -0.98058015 -0.00098643603 0.19611619 -0.39399549 0.91677463 0.065512314 -0.19668263 0.97829473 0.065232933 -0.13287097 0.98893756 0.065938175 -0.4738996 0.87798232 0.067573875 -0.19668263 0.97829473 0.065232933 -0.39399549 0.91677463 0.065512314 -0.19668263 0.97829473 0.065232933 -0.067373797 0.99551767 0.066372447 -0.13287097 0.98893756 0.065938175 -0.66740406 0.73266232 0.13333347 -0.72598141 0.65865052 0.19781426 -0.4738996 0.87798232 0.067573875 -0.82471567 0.54861289 0.13736068 -0.72598141 0.65865052 0.19781426 -0.66740406 0.73266232 0.13333347 -0.9336682 0.33239427 0.13333343 -0.9336682 0.33239427 0.13333343 -0.82471567 0.54861289 0.13736068 -0.9336682 0.33239427 0.13333343 -0.97243547 0.12866257 0.1944612 -0.9336682 0.33239427 0.13333343 -0.98281395 0.13003576 0.13102444 -0.97243547 0.12866257 0.1944612 -0.9336682 0.33239427 0.13333343 -0.9890039 -0.066932984 0.13187614 -0.9890039 -0.066932984 0.13187614 -0.98281395 0.13003576 0.13102444 -0.79358023 0.59393877 0.13216384 -0.79882997 0.59786779 0.066519126 -0.93995559 0.33463264 0.067115702 -0.62783033 0.76577508 0.13934673 -0.47068667 0.87202978 0.13423134 -0.79882997 0.59786779 0.066519126 -0.39148328 0.91092896 0.13018905 -0.39148328 0.91092896 0.13018905 -0.47068667 0.87202978 0.13423134 -0.97868842 0.19471401 0.065232888 -0.93995559 0.33463264 0.067115702 -0.99785155 0.065515257 6.7254724e-08 -0.27312362 0.95230502 0.1360829 -0.27312362 0.95230502 0.1360829 -0.39148328 0.91092896 0.13018905 -0.99136037 0.13116653 7.4692288e-08 -0.99565125 0.065370783 0.066372395 -0.99999952 -0.0010059475 5.9454738e-08 -0.91954082 0.39299446 1.0161814e-07 -0.95285261 0.27120712 0.13608286 -0.99136037 0.13116653 7.4692288e-08 -0.67189837 0.73759609 0.067115732 -0.62783033 0.76577508 0.13934673 -0.83260792 0.55386293 1.1561133e-07 -0.39399549 0.91677463 0.065512314 -0.52383095 0.84931004 0.065372176 -0.67189837 0.73759609 0.067115732 -0.2750403 0.95898801 0.068519004 -0.27312362 0.95230502 0.1360829 -0.39399549 0.91677463 0.065512314 -0.06752269 0.99771774 1.2292996e-07 -0.27312362 0.95230502 0.1360829 -0.2750403 0.95898801 0.068519004 -0.91954082 0.39299446 1.0161814e-07 -0.83260792 0.55386293 1.1561133e-07 -0.89964586 0.41412389 0.13834299 -0.067373797 0.99551767 0.066372447 -0.06752269 0.99771774 1.2292996e-07 -0.067373797 0.99551767 0.066372447 -0.9890039 -0.066932984 0.13187614 -0.9721095 -0.19543913 0.12964077 -0.9721095 -0.19543913 0.12964077 -0.9890039 -0.066932984 0.13187614 -0.9721095 -0.19543913 0.12964077 -0.9890039 -0.066932984 0.13187614 -0.1954391 0.9721095 0.12964088 -0.27312362 0.95230502 0.1360829 -0.27312362 0.95230502 0.1360829 -0.41593304 0.89881086 0.13834302 -0.19668263 0.97829473 0.065232933 -0.4738996 0.87798232 0.067573875 -0.19668263 0.97829473 0.065232933 -0.067373797 0.99551767 0.066372447 -0.067373797 0.99551767 0.066372447 -0.13201281 0.98255032 0.13102448 -0.067373797 0.99551767 0.066372447 -0.19668263 0.97829473 0.065232933 -0.4738996 0.87798232 0.067573875 -0.72598141 0.65865052 0.19781426 -0.41593304 0.89881086 0.13834302 -0.82471567 0.54861289 0.13736068 -0.9336682 0.33239427 0.13333343 -0.72598141 0.65865052 0.19781426 -0.9336682 0.33239427 0.13333343 -0.97243547 0.12866257 0.1944612 -0.9336682 0.33239427 0.13333343 -0.98281395 0.13003576 0.13102444 -0.9890039 -0.066932984 0.13187614 -0.97243547 0.12866257 0.1944612 -0.9890039 -0.066932984 0.13187614 -0.97842598 -0.06621711 0.19569847 -0.97243547 0.12866257 0.1944612 -0.62783033 0.76577508 0.13934673 -0.79882997 0.59786779 0.066519126 -0.79358023 0.59393877 0.13216384 -0.39148328 0.91092896 0.13018905 -0.47068667 0.87202978 0.13423134 -0.62783033 0.76577508 0.13934673 -0.39148328 0.91092896 0.13018905 -0.27312362 0.95230502 0.1360829 -0.39148328 0.91092896 0.13018905 -0.27001631 0.94147074 0.20180197 -0.27312362 0.95230502 0.1360829 -0.39148328 0.91092896 0.13018905 -0.93995559 0.33463264 0.067115702 -0.89964586 0.41412389 0.13834299 -0.79358023 0.59393877 0.13216384 -0.97868842 0.19471401 0.065232888 -0.89964586 0.41412389 0.13834299 -0.93995559 0.33463264 0.067115702 -0.97868842 0.19471401 0.065232888 -0.99785155 0.065515257 6.7254724e-08 -0.99136037 0.13116653 7.4692288e-08 -0.99136037 0.13116653 7.4692288e-08 -0.97243547 0.12866257 0.1944612 -0.97868842 0.19471401 0.065232888 -0.99136037 0.13116653 7.4692288e-08 -0.95285261 0.27120712 0.13608286 -0.99565125 0.065370783 0.066372395 -0.91954082 0.39299446 1.0161814e-07 -0.88907379 0.40925738 0.20507589 -0.95285261 0.27120712 0.13608286 -0.89964586 0.41412389 0.13834299 -0.88907379 0.40925738 0.20507589 -0.91954082 0.39299446 1.0161814e-07 -0.83260792 0.55386293 1.1561133e-07 -0.62783033 0.76577508 0.13934673 -0.79882997 0.59786779 0.066519126 -0.67189837 0.73759609 0.067115732 -0.52383095 0.84931004 0.065372176 -0.62783033 0.76577508 0.13934673 -0.39399549 0.91677463 0.065512314 -0.27312362 0.95230502 0.1360829 -0.52383095 0.84931004 0.065372176 -0.2750403 0.95898801 0.068519004 -0.27312362 0.95230502 0.1360829 -0.27312362 0.95230502 0.1360829 -0.89964586 0.41412389 0.13834299 -0.83260792 0.55386293 1.1561133e-07 -0.79882997 0.59786779 0.066519126 -0.06752269 0.99771774 1.2292996e-07 -0.13061875 0.97217464 0.19446124 -0.27312362 0.95230502 0.1360829 -0.067373797 0.99551767 0.066372447 -0.00099711539 0.99122739 0.13216384 -0.06752269 0.99771774 1.2292996e-07 -0.13201281 0.98255032 0.13102448 -0.00099711539 0.99122739 0.13216384 -0.067373797 0.99551767 0.066372447 -0.00099711539 0.99122739 0.13216384 -0.13061875 0.97217464 0.19446124 -0.06752269 0.99771774 1.2292996e-07 -0.9890039 -0.066932984 0.13187614 -0.9721095 -0.19543913 0.12964077 -0.9721747 -0.1306188 0.19446117 -0.9721747 -0.1306188 0.19446117 -0.97842598 -0.06621711 0.19569847 -0.9890039 -0.066932984 0.13187614 -0.13201281 0.98255032 0.13102448 -0.27312362 0.95230502 0.1360829 -0.27001631 0.94147074 0.20180197 -0.41593304 0.89881086 0.13834302 -0.47068667 0.87202978 0.13423134 -0.27312362 0.95230502 0.1360829 -0.27312362 0.95230502 0.1360829 -0.1954391 0.9721095 0.12964088 -0.1954391 0.9721095 0.12964088 -0.59553415 0.79238367 0.13216385 -0.59947377 0.79762548 0.066519141 -0.47068667 0.87202978 0.13423134 -0.0010037154 0.99778461 0.066519126 -0.0010037154 0.99778461 0.066519126 -0.067373797 0.99551767 0.066372447 -0.52050501 0.84391755 0.12991409 -0.52383095 0.84931004 0.065372176 -0.59947377 0.79762548 0.066519141 -0.52050501 0.84391755 0.12991409 -0.4738996 0.87798232 0.067573875 -0.52383095 0.84931004 0.065372176 -0.33427206 0.93299752 0.13333347 -0.33652306 0.93928039 0.067115739 -0.4738996 0.87798232 0.067573875 -0.2750403 0.95898801 0.068519004 -0.33652306 0.93928039 0.067115739 -0.33427206 0.93299752 0.13333347 -0.13287097 0.98893756 0.065938175 -0.19668263 0.97829473 0.065232933 -0.2750403 0.95898801 0.068519004 -0.067373797 0.99551767 0.066372447 -0.19668263 0.97829473 0.065232933 -0.13287097 0.98893756 0.065938175 -0.1954391 0.9721095 0.12964088 -0.27312362 0.95230502 0.1360829 -0.1954391 0.9721095 0.12964088 -0.41593304 0.89881086 0.13834302 -0.1954391 0.9721095 0.12964088 -0.20603839 0.95681345 0.2050759 -0.41593304 0.89881086 0.13834302 -0.27312362 0.95230502 0.1360829 -0.1954391 0.9721095 0.12964088 -0.59553415 0.79238367 0.13216385 -0.47068667 0.87202978 0.13423134 -0.41593304 0.89881086 0.13834302 -0.066217072 0.97842592 0.19569854 -0.067373797 0.99551767 0.066372447 -0.13287097 0.98893756 0.065938175 -0.0010037154 0.99778461 0.066519126 -0.067373797 0.99551767 0.066372447 -0.066217072 0.97842592 0.19569854 -0.59947377 0.79762548 0.066519141 -0.59553415 0.79238367 0.13216385 -0.52050501 0.84391755 0.12991409 -0.33427206 0.93299752 0.13333347 -0.4738996 0.87798232 0.067573875 -0.52050501 0.84391755 0.12991409 -0.2750403 0.95898801 0.068519004 -0.20603839 0.95681345 0.2050759 -0.1954391 0.9721095 0.12964088 -0.2750403 0.95898801 0.068519004 -0.1954391 0.9721095 0.12964088 -0.20603839 0.95681345 0.2050759 -0.33427206 0.93299752 0.13333347 -0.1954391 0.9721095 0.12964088 -0.2750403 0.95898801 0.068519004 -0.13287097 0.98893756 0.065938175 -0.2750403 0.95898801 0.068519004 -0.1954391 0.9721095 0.12964088 -0.1954391 0.9721095 0.12964088 -0.27312362 0.95230502 0.1360829 -0.13201281 0.98255032 0.13102448 -0.13201281 0.98255032 0.13102448 -0.20603839 0.95681345 0.2050759 -0.1954391 0.9721095 0.12964088 -0.79999959 -0.00080482947 0.60000008 -0.89680713 -0.27692854 0.34503281 -0.94174141 -0.00094738294 0.33633646 -0.82361025 -0.55027103 0.13736054 -0.8740682 -0.40448317 0.26906911 -0.84391755 -0.52050501 0.12991394 -0.82361025 -0.55027103 0.13736054 -0.94147074 -0.27001634 0.20180187 -0.92280054 -0.33061874 0.19781415 -0.9721747 -0.1306188 0.19446117 -0.9721095 -0.19543913 0.12964077 -0.95681351 -0.20603842 0.20507582 -0.99136037 0.13116653 7.4692288e-08 -0.99122739 -0.00099713891 0.13216378 -0.97243547 0.12866257 0.1944612 -0.99785155 0.065515257 6.7254724e-08 -0.99122739 -0.00099713891 0.13216378 -0.99136037 0.13116653 7.4692288e-08 -0.99785155 0.065515257 6.7254724e-08 -0.99565125 0.065370783 0.066372395 -0.99122739 -0.00099713891 0.13216378 -0.99785155 0.065515257 6.7254724e-08 -0.99999952 -0.0010059475 5.9454738e-08 -0.99565125 0.065370783 0.066372395 0.41593307 -0.89881086 0.13834275 0.4706867 -0.87202984 0.13423108 0.27312365 -0.95230508 0.13608263 0.27312365 -0.95230508 0.13608263 0.19543912 -0.9721095 0.12964061 0.19543912 -0.9721095 0.12964061 0.59553415 -0.79238367 0.13216358 0.59947377 -0.79762554 0.066518873 0.4706867 -0.87202984 0.13423108 0.52050501 -0.84391761 0.12991382 0.52383095 -0.8493101 0.065371908 0.59947377 -0.79762554 0.066518873 0.52050501 -0.84391761 0.12991382 0.47389963 -0.87798238 0.067573607 0.52383095 -0.8493101 0.065371908 0.33427206 -0.93299758 0.13333321 0.33652306 -0.93928045 0.067115471 0.47389963 -0.87798238 0.067573607 0.2750403 -0.95898801 0.068518735 0.33652306 -0.93928045 0.067115471 0.33427206 -0.93299758 0.13333321 0.13287099 -0.98893756 0.065937921 0.19668265 -0.97829473 0.065232679 0.2750403 -0.95898801 0.068518735 0.067373805 -0.99551773 0.066372208 0.19668265 -0.97829473 0.065232679 0.13287099 -0.98893756 0.065937921 0.19543912 -0.9721095 0.12964061 0.27312365 -0.95230508 0.13608263 0.19543912 -0.9721095 0.12964061 0.13287099 -0.98893756 0.065937921 0.0010037234 -0.99778467 0.066518888 0.067373805 -0.99551773 0.066372208 0.41593307 -0.89881086 0.13834275 0.19543912 -0.9721095 0.12964061 0.2060384 -0.95681351 0.20507567 0.41593307 -0.89881086 0.13834275 0.27312365 -0.95230508 0.13608263 0.19543912 -0.9721095 0.12964061 0.59553415 -0.79238367 0.13216358 0.4706867 -0.87202984 0.13423108 0.41593307 -0.89881086 0.13834275 0.59947377 -0.79762554 0.066518873 0.59553415 -0.79238367 0.13216358 0.52050501 -0.84391761 0.12991382 0.33427206 -0.93299758 0.13333321 0.47389963 -0.87798238 0.067573607 0.52050501 -0.84391761 0.12991382 0.2750403 -0.95898801 0.068518735 0.2060384 -0.95681351 0.20507567 0.19543912 -0.9721095 0.12964061 0.2750403 -0.95898801 0.068518735 0.19543912 -0.9721095 0.12964061 0.2060384 -0.95681351 0.20507567 0.33427206 -0.93299758 0.13333321 0.19543912 -0.9721095 0.12964061 0.2750403 -0.95898801 0.068518735 0.13287099 -0.98893756 0.065937921 0.2750403 -0.95898801 0.068518735 0.19543912 -0.9721095 0.12964061 0.19543912 -0.9721095 0.12964061 0.27312365 -0.95230508 0.13608263 0.13201283 -0.98255038 0.13102424 0.13201283 -0.98255038 0.13102424 0.2060384 -0.95681351 0.20507567 0.19543912 -0.9721095 0.12964061 0.066217095 -0.97842598 0.19569831 0.0010037234 -0.99778467 0.066518888 0.13287099 -0.98893756 0.065937921 0.0010059475 -0.99999952 -1.1923917e-07 0.0010037234 -0.99778467 0.066518888 0.066217095 -0.97842598 0.19569831 0.39399552 -0.91677463 0.065512046 0.19668265 -0.97829473 0.065232679 0.13287099 -0.98893756 0.065937921 0.47389963 -0.87798238 0.067573607 0.19668265 -0.97829473 0.065232679 0.39399552 -0.91677463 0.065512046 0.19668265 -0.97829473 0.065232679 0.067373805 -0.99551773 0.066372208 0.13287099 -0.98893756 0.065937921 0.66740406 -0.73266238 0.13333321 0.72598141 -0.65865058 0.19781402 0.47389963 -0.87798238 0.067573607 0.82471567 -0.54861289 0.13736044 0.72598141 -0.65865058 0.19781402 0.66740406 -0.73266238 0.13333321 0.9336682 -0.3323943 0.13333325 0.9336682 -0.3323943 0.13333325 0.82471567 -0.54861289 0.13736044 0.9336682 -0.3323943 0.13333325 0.97243553 -0.12866262 0.19446105 0.9336682 -0.3323943 0.13333325 0.98281395 -0.13003579 0.13102429 0.97243553 -0.12866262 0.19446105 0.9336682 -0.3323943 0.13333325 0.9890039 0.066932954 0.13187605 0.9890039 0.066932954 0.13187605 0.98281395 -0.13003579 0.13102429 0.79358023 -0.59393877 0.1321636 0.79882997 -0.59786779 0.066518888 0.93995559 -0.33463266 0.067115508 0.62783033 -0.76577514 0.13934647 0.4706867 -0.87202984 0.13423108 0.79882997 -0.59786779 0.066518888 0.39148328 -0.91092902 0.13018878 0.39148328 -0.91092902 0.13018878 0.4706867 -0.87202984 0.13423108 0.97868848 -0.19471402 0.065232724 0.93995559 -0.33463266 0.067115508 0.99785155 -0.065515257 -6.7254724e-08 0.27312365 -0.95230508 0.13608263 0.27312365 -0.95230508 0.13608263 0.39148328 -0.91092902 0.13018878 0.99136037 -0.13116653 -7.4692288e-08 0.99565125 -0.065370798 0.06637226 0.99999952 0.0010059475 -5.9454738e-08 0.91954082 -0.39299446 -1.0161814e-07 0.95285261 -0.27120718 0.13608268 0.99136037 -0.13116653 -7.4692288e-08 0.67189837 -0.73759615 0.067115478 0.62783033 -0.76577514 0.13934647 0.83260792 -0.55386293 -1.1561133e-07 0.39399552 -0.91677463 0.065512046 0.52383095 -0.8493101 0.065371908 0.67189837 -0.73759615 0.067115478 0.2750403 -0.95898801 0.068518735 0.27312365 -0.95230508 0.13608263 0.39399552 -0.91677463 0.065512046 0.06752269 -0.99771774 -1.2292996e-07 0.27312365 -0.95230508 0.13608263 0.2750403 -0.95898801 0.068518735 0.91954082 -0.39299446 -1.0161814e-07 0.83260792 -0.55386293 -1.1561133e-07 0.89964586 -0.41412392 0.13834278 0.067373805 -0.99551773 0.066372208 0.06752269 -0.99771774 -1.2292996e-07 0.067373805 -0.99551773 0.066372208 0.9890039 0.066932954 0.13187605 0.9721095 0.1954391 0.12964071 0.9721095 0.1954391 0.12964071 0.9890039 0.066932954 0.13187605 0.9721095 0.1954391 0.12964071 0.9890039 0.066932954 0.13187605 0.19543912 -0.9721095 0.12964061 0.27312365 -0.95230508 0.13608263 0.27312365 -0.95230508 0.13608263 0.41593307 -0.89881086 0.13834275 0.19668265 -0.97829473 0.065232679 0.47389963 -0.87798238 0.067573607 0.19668265 -0.97829473 0.065232679 0.067373805 -0.99551773 0.066372208 0.067373805 -0.99551773 0.066372208 0.13201283 -0.98255038 0.13102424 0.067373805 -0.99551773 0.066372208 0.19668265 -0.97829473 0.065232679 0.47389963 -0.87798238 0.067573607 0.72598141 -0.65865058 0.19781402 0.41593307 -0.89881086 0.13834275 0.82471567 -0.54861289 0.13736044 0.9336682 -0.3323943 0.13333325 0.72598141 -0.65865058 0.19781402 0.9336682 -0.3323943 0.13333325 0.97243553 -0.12866262 0.19446105 0.9336682 -0.3323943 0.13333325 0.98281395 -0.13003579 0.13102429 0.9890039 0.066932954 0.13187605 0.97243553 -0.12866262 0.19446105 0.9890039 0.066932954 0.13187605 0.97842598 0.066217065 0.19569838 0.97243553 -0.12866262 0.19446105 0.62783033 -0.76577514 0.13934647 0.79882997 -0.59786779 0.066518888 0.79358023 -0.59393877 0.1321636 0.39148328 -0.91092902 0.13018878 0.4706867 -0.87202984 0.13423108 0.62783033 -0.76577514 0.13934647 0.39148328 -0.91092902 0.13018878 0.27312365 -0.95230508 0.13608263 0.39148328 -0.91092902 0.13018878 0.27001631 -0.94147074 0.2018017 0.27312365 -0.95230508 0.13608263 0.39148328 -0.91092902 0.13018878 0.93995559 -0.33463266 0.067115508 0.89964586 -0.41412392 0.13834278 0.79358023 -0.59393877 0.1321636 0.97868848 -0.19471402 0.065232724 0.89964586 -0.41412392 0.13834278 0.93995559 -0.33463266 0.067115508 0.97868848 -0.19471402 0.065232724 0.99785155 -0.065515257 -6.7254724e-08 0.99136037 -0.13116653 -7.4692288e-08 0.99136037 -0.13116653 -7.4692288e-08 0.97243553 -0.12866262 0.19446105 0.97868848 -0.19471402 0.065232724 0.99136037 -0.13116653 -7.4692288e-08 0.95285261 -0.27120718 0.13608268 0.99565125 -0.065370798 0.06637226 0.91954082 -0.39299446 -1.0161814e-07 0.88907385 -0.40925744 0.20507568 0.95285261 -0.27120718 0.13608268 0.89964586 -0.41412392 0.13834278 0.88907385 -0.40925744 0.20507568 0.91954082 -0.39299446 -1.0161814e-07 0.83260792 -0.55386293 -1.1561133e-07 0.62783033 -0.76577514 0.13934647 0.79882997 -0.59786779 0.066518888 0.67189837 -0.73759615 0.067115478 0.52383095 -0.8493101 0.065371908 0.62783033 -0.76577514 0.13934647 0.39399552 -0.91677463 0.065512046 0.27312365 -0.95230508 0.13608263 0.52383095 -0.8493101 0.065371908 0.2750403 -0.95898801 0.068518735 0.27312365 -0.95230508 0.13608263 0.27312365 -0.95230508 0.13608263 0.89964586 -0.41412392 0.13834278 0.83260792 -0.55386293 -1.1561133e-07 0.79882997 -0.59786779 0.066518888 0.06752269 -0.99771774 -1.2292996e-07 0.13061878 -0.9721747 0.194461 0.27312365 -0.95230508 0.13608263 0.067373805 -0.99551773 0.066372208 0.00099713111 -0.99122745 0.1321636 0.06752269 -0.99771774 -1.2292996e-07 0.13201283 -0.98255038 0.13102424 0.00099713111 -0.99122745 0.1321636 0.067373805 -0.99551773 0.066372208 0.00099713111 -0.99122745 0.1321636 0.13061878 -0.9721747 0.194461 0.06752269 -0.99771774 -1.2292996e-07 0.9890039 0.066932954 0.13187605 0.9721095 0.1954391 0.12964071 0.9721747 0.13061874 0.19446108 0.9721747 0.13061874 0.19446108 0.97842598 0.066217065 0.19569838 0.9890039 0.066932954 0.13187605 0.13201283 -0.98255038 0.13102424 0.27312365 -0.95230508 0.13608263 0.27001631 -0.94147074 0.2018017 0.9721095 0.1954391 0.12964071 0.93299758 0.33427206 0.13333333 0.91092902 0.39148328 0.1301889 0.9721095 0.1954391 0.12964071 0.93299758 0.33427206 0.13333333 0.9721095 0.1954391 0.12964071 0.91092902 0.39148328 0.1301889 0.82361025 0.55027097 0.13736057 0.84391761 0.52050501 0.12991397 0.82361025 0.55027097 0.13736057 0.95898801 0.2750403 0.068518847 0.84391761 0.52050501 0.12991397 0.82361025 0.55027097 0.13736057 0.93928045 0.33652306 0.06711559 0.95898801 0.2750403 0.068518847 0.95898801 0.2750403 0.068518847 0.99778467 0.0010037115 0.066518947 0.96152347 0.00096720981 0.27472106 0.95898801 0.2750403 0.068518847 0.93928045 0.33652306 0.06711559 0.99778467 0.0010037115 0.066518947 0.96152347 0.00096720981 0.27472106 0.94147074 0.27001628 0.20180181 0.92280054 0.33061868 0.19781412 0.96152347 0.00096720981 0.27472106 0.94174141 0.00094730279 0.33633634 0.94147074 0.27001628 0.20180181 0.96152347 0.00096720981 0.27472106 0.94174141 0.00094730279 0.33633634 0.96152347 0.00096720981 0.27472106 0.96152347 0.00096720981 0.27472106 0.96152347 0.00096720981 0.27472106 0.94174141 0.00094730279 0.33633634 0.94174141 0.00094730279 0.33633634 0.96152347 0.00096720981 0.27472106 0.96152347 0.00096720981 0.27472106 0.94174141 0.00094730279 0.33633634 0.92280054 0.33061868 0.19781412 0.94147074 0.27001628 0.20180181 0.89680713 0.27692845 0.34503275 0.92280054 0.33061868 0.19781412 0.94174141 0.00094730279 0.33633634 0.94174141 0.00094730279 0.33633634 0.96152347 0.00096720981 0.27472106 0.96152347 0.00096720981 0.27472106 0.95681351 0.20603837 0.20507576 0.91092902 0.39148328 0.1301889 0.89680713 0.27692845 0.34503275 0.9721095 0.1954391 0.12964071 0.91092902 0.39148328 0.1301889 0.95681351 0.20603837 0.20507576 0.91092902 0.39148328 0.1301889 0.8740682 0.40448311 0.26906911 0.89680713 0.27692845 0.34503275 0.84391761 0.52050501 0.12991397 0.8740682 0.40448311 0.26906911 0.91092902 0.39148328 0.1301889 0.82361025 0.55027097 0.13736057 0.92280054 0.33061868 0.19781412 0.94147074 0.27001628 0.20180181 0.84391761 0.52050501 0.12991397 0.92280054 0.33061868 0.19781412 0.82361025 0.55027097 0.13736057 0.84391761 0.52050501 0.12991397 0.95898801 0.2750403 0.068518847 0.92280054 0.33061868 0.19781412 0.96152347 0.00096720981 0.27472106 0.95898801 0.2750403 0.068518847 0.96152347 0.00096720981 0.27472106 0.96152347 0.00096720981 0.27472106 0.92280054 0.33061868 0.19781412 0.95898801 0.2750403 0.068518847 0.96152347 0.00096720981 0.27472106 0.92280054 0.33061868 0.19781412 0.96152347 0.00096720981 0.27472106 0.96152347 0.00096720981 0.27472106 0.94174141 0.00094730279 0.33633634 0.96152347 0.00096720981 0.27472106 0.9721747 0.13061874 0.19446108 0.9721095 0.1954391 0.12964071 0.95681351 0.20603837 0.20507576 0.79999965 0.00080468645 0.59999996 0.89680713 0.27692845 0.34503275 0.94174141 0.00094730279 0.33633634 0.82361025 0.55027097 0.13736057 0.8740682 0.40448311 0.26906911 0.84391761 0.52050501 0.12991397 0.82361025 0.55027097 0.13736057 0.94147074 0.27001628 0.20180181 0.92280054 0.33061868 0.19781412 0.99136037 -0.13116653 -7.4692288e-08 0.99122745 0.00099710748 0.13216366 0.97243553 -0.12866262 0.19446105 0.99785155 -0.065515257 -6.7254724e-08 0.99122745 0.00099710748 0.13216366 0.99136037 -0.13116653 -7.4692288e-08 0.99785155 -0.065515257 -6.7254724e-08 0.99565125 -0.065370798 0.06637226 0.99122745 0.00099710748 0.13216366 0.99785155 -0.065515257 -6.7254724e-08 0.99999952 0.0010059475 -5.9454738e-08 0.99565125 -0.065370798 0.06637226 0.3323943 0.93366814 0.13333343 0.19348295 0.97250068 0.12964085 0.19348295 0.97250068 0.12964085 0.52212119 0.85036224 0.065372109 0.41412392 0.89964586 0.13834298 0.3323943 0.93366814 0.13333343 0.55253625 0.83061361 0.069171511 0.59393877 0.79358017 0.13216378 0.52212119 0.85036224 0.065372109 0.13088109 0.98920286 0.06593816 0.13088109 0.98920286 0.06593816 -0.0010037154 0.99778461 0.066519126 0.27311036 0.95953941 0.068518966 0.27120715 0.95285261 0.13608287 0.39215025 0.91756546 0.06551227 0.13088109 0.98920286 0.06593816 0.13088109 0.98920286 0.06593816 0.27311036 0.95953941 0.068518966 0.39215025 0.91756546 0.06551227 0.41412392 0.89964586 0.13834298 0.47213227 0.87893403 0.067573816 0.55253625 0.83061361 0.069171511 0.59786779 0.79882997 0.066519067 0.59393877 0.79358017 0.13216378 0.47213227 0.87893403 0.067573816 0.59393877 0.79358017 0.13216378 0.59786779 0.79882997 0.066519067 0.19348295 0.97250068 0.12964085 0.27120715 0.95285261 0.13608287 0.19348295 0.97250068 0.12964085 0.3323943 0.93366814 0.13333343 0.41412392 0.89964586 0.13834298 0.19348295 0.97250068 0.12964085 0.52212119 0.85036224 0.065372109 0.59393877 0.79358017 0.13216378 0.41412392 0.89964586 0.13834298 0.41412392 0.89964586 0.13834298 0.19348295 0.97250068 0.12964085 0.19348295 0.97250068 0.12964085 -0.0010037154 0.99778461 0.066519126 0.13088109 0.98920286 0.06593816 -0.0010037154 0.99778461 0.066519126 0.27311036 0.95953941 0.068518966 0.13088109 0.98920286 0.06593816 0.27120715 0.95285261 0.13608287 0.47213227 0.87893403 0.067573816 0.41412392 0.89964586 0.13834298 0.59393877 0.79358017 0.13216378 0.27120715 0.95285261 0.13608287 0.41412392 0.89964586 0.13834298 0.39215025 0.91756546 0.06551227 0.59393877 0.79358017 0.13216378 0.59786779 0.79882997 0.066519067 0.59393877 0.79358017 0.13216378 0.19348295 0.97250068 0.12964085 0.26812163 0.94201207 0.20180193 0.19348295 0.97250068 0.12964085 0.9336682 -0.3323943 0.13333325 0.9336682 -0.3323943 0.13333325 0.84496307 -0.5188061 0.12991384 0.95285261 -0.27120718 0.13608268 0.9336682 -0.3323943 0.13333325 0.9336682 -0.3323943 0.13333325 0.97250074 -0.19348295 0.12964067 0.97250074 -0.19348295 0.12964067 0.95285261 -0.27120718 0.13608268 0.95285261 -0.27120718 0.13608268 0.84496307 -0.5188061 0.12991384 0.84496307 -0.5188061 0.12991384 0.97868848 -0.19471402 0.065232724 0.84496307 -0.5188061 0.12991384 0.95285261 -0.27120718 0.13608268 0.96152347 0.00096720981 0.27472106 0.97868848 -0.19471402 0.065232724 0.95285261 -0.27120718 0.13608268 0.96152347 0.00096720981 0.27472106 0.99778467 0.0010037115 0.066518947 0.97868848 -0.19471402 0.065232724 0.94174141 0.00094730279 0.33633634 0.94174141 0.00094730279 0.33633634 0.96152347 0.00096720981 0.27472106 0.89743191 -0.34413022 0.27602613 0.94174141 0.00094730279 0.33633634 0.94201207 -0.26812166 0.20180175 0.96152347 0.00096720981 0.27472106 0.96152347 0.00096720981 0.27472106 0.94174141 0.00094730279 0.33633634 0.97855723 -0.064248487 0.19569837 0.94201207 -0.26812166 0.20180175 0.94174141 0.00094730279 0.33633634 0.97855723 -0.064248487 0.19569837 0.89964586 -0.41412392 0.13834278 0.94201207 -0.26812166 0.20180175 0.9336682 -0.3323943 0.13333325 0.89964586 -0.41412392 0.13834278 0.97855723 -0.064248487 0.19569837 0.94174141 0.00094730279 0.33633634 0.96152347 0.00096720981 0.27472106 0.97855723 -0.064248487 0.19569837 0.84496307 -0.5188061 0.12991384 0.9336682 -0.3323943 0.13333325 0.84496307 -0.5188061 0.12991384 0.95285261 -0.27120718 0.13608268 0.97250074 -0.19348295 0.12964067 0.9336682 -0.3323943 0.13333325 0.9336682 -0.3323943 0.13333325 0.84496307 -0.5188061 0.12991384 0.89964586 -0.41412392 0.13834278 0.95285261 -0.27120718 0.13608268 0.84496307 -0.5188061 0.12991384 0.9336682 -0.3323943 0.13333325 0.79358023 -0.59393877 0.1321636 0.89964586 -0.41412392 0.13834278 0.84496307 -0.5188061 0.12991384 0.97855723 -0.064248487 0.19569837 0.95285261 -0.27120718 0.13608268 0.9336682 -0.3323943 0.13333325 0.96152347 0.00096720981 0.27472106 0.95285261 -0.27120718 0.13608268 0.97855723 -0.064248487 0.19569837 0.96152347 0.00096720981 0.27472106 0.96152347 0.00096720981 0.27472106 0.95285261 -0.27120718 0.13608268 0.94174141 0.00094730279 0.33633634 0.96152347 0.00096720981 0.27472106 0.96152347 0.00096720981 0.27472106 0.9721095 0.1954391 0.12964071 0.9890039 0.066932954 0.13187605 0.98913658 -0.064943075 0.13187604 0.95230508 0.27312362 0.13608274 0.9890039 0.066932954 0.13187605 0.9721095 0.1954391 0.12964071 0.9890039 0.066932954 0.13187605 0.98913658 -0.064943075 0.13187604 0.98913658 -0.064943075 0.13187604 0.73266238 0.66740406 0.13333337 0.73266238 0.66740406 0.13333337 0.87202984 0.47068667 0.13423121 0.59786779 0.79882997 0.066519067 0.73266238 0.66740406 0.13333337 0.73266238 0.66740406 0.13333337 0.47213227 0.87893403 0.067573816 0.73266238 0.66740406 0.13333337 0.59786779 0.79882997 0.066519067 0.87202984 0.47068667 0.13423121 0.94147074 0.27001628 0.20180181 0.95230508 0.27312362 0.13608274 0.27311036 0.95953941 0.068518966 0.27120715 0.95285261 0.13608287 0.47213227 0.87893403 0.067573816 0.065370791 0.99565125 0.066372439 0.13088109 0.98920286 0.06593816 0.27311036 0.95953941 0.068518966 0.27120715 0.95285261 0.13608287 0.46893132 0.87297499 0.13423128 0.27120715 0.95285261 0.13608287 0.46893132 0.87297499 0.13423128 0.67041308 0.73894644 0.06711565 0.46893132 0.87297499 0.13423128 0.66592866 0.7340036 0.13333338 0.8493101 0.52383095 0.065372057 0.67041308 0.73894644 0.06711565 0.82950032 0.55420625 0.069171458 0.93928045 0.33652306 0.06711559 0.8493101 0.52383095 0.065372057 0.82950032 0.55420625 0.069171458 0.95898801 0.2750403 0.068518847 0.93928045 0.33652306 0.06711559 0.99109447 0.13316077 -4.3174104e-08 0.99771774 0.06752269 -5.1391385e-08 0.95898801 0.2750403 0.068518847 0.19471402 0.97868842 0.06523291 0.064943068 0.98913652 0.13187622 -0.0010059475 0.99999952 1.1923917e-07 0.39215025 0.91756546 0.06551227 0.27120715 0.95285261 0.13608287 0.19471402 0.97868842 0.06523291 0.87798238 0.4738996 0.067573749 0.79238367 0.59553415 0.13216375 0.59786779 0.79882997 0.066519067 0.39215025 0.91756546 0.06551227 0.59786779 0.79882997 0.066519067 0.46893132 0.87297499 0.13423128 0.87999374 0.47498527 4.1830939e-09 0.95230508 0.27312362 0.13608274 0.87798238 0.4738996 0.067573749 0.95230508 0.27312362 0.13608274 0.96124709 0.27568823 -2.4409635e-08 0.99771774 0.06752269 -5.1391385e-08 0.87999374 0.47498527 4.1830939e-09 0.96124709 0.27568823 -2.4409635e-08 0.95230508 0.27312362 0.13608274 0.13088109 0.98920286 0.06593816 0.065370791 0.99565125 0.066372439 -0.0010059475 0.99999952 1.1923917e-07 0.98913658 -0.064943075 0.13187604 0.97250074 -0.19348295 0.12964067 0.97250074 -0.19348295 0.12964067 0.98913658 -0.064943075 0.13187604 0.97250074 -0.19348295 0.12964067 0.98913658 -0.064943075 0.13187604 0.19348295 0.97250068 0.12964085 0.27120715 0.95285261 0.13608287 0.27120715 0.95285261 0.13608287 0.95230508 0.27312362 0.13608274 0.94147074 0.27001628 0.20180181 0.9890039 0.066932954 0.13187605 0.9890039 0.066932954 0.13187605 0.98913658 -0.064943075 0.13187604 0.98913658 -0.064943075 0.13187604 0.97855723 -0.064248487 0.19569837 0.98913658 -0.064943075 0.13187604 0.9890039 0.066932954 0.13187605 0.46893132 0.87297499 0.13423128 0.73266238 0.66740406 0.13333337 0.47213227 0.87893403 0.067573816 0.73266238 0.66740406 0.13333337 0.94147074 0.27001628 0.20180181 0.87202984 0.47068667 0.13423121 0.47213227 0.87893403 0.067573816 0.27120715 0.95285261 0.13608287 0.46893132 0.87297499 0.13423128 0.27311036 0.95953941 0.068518966 0.13088109 0.98920286 0.06593816 0.27120715 0.95285261 0.13608287 0.19471402 0.97868842 0.06523291 0.13088109 0.98920286 0.06593816 0.13003577 0.98281395 0.13102446 0.27120715 0.95285261 0.13608287 0.13088109 0.98920286 0.06593816 0.19471402 0.97868842 0.06523291 0.97829473 0.19668263 0.065232769 0.95898801 0.2750403 0.068518847 0.87202984 0.47068667 0.13423121 0.97829473 0.19668263 0.065232769 0.99109447 0.13316077 -4.3174104e-08 0.95898801 0.2750403 0.068518847 0.99551767 0.06737379 0.066372275 0.99109447 0.13316077 -4.3174104e-08 0.97829473 0.19668263 0.065232769 0.46893132 0.87297499 0.13423128 0.46893132 0.87297499 0.13423128 0.27120715 0.95285261 0.13608287 0.66592866 0.7340036 0.13333338 0.67041308 0.73894644 0.06711565 0.46893132 0.87297499 0.13423128 0.82950032 0.55420625 0.069171458 0.8493101 0.52383095 0.065372057 0.66592866 0.7340036 0.13333338 0.87202984 0.47068667 0.13423121 0.95898801 0.2750403 0.068518847 0.82950032 0.55420625 0.069171458 0.27120715 0.95285261 0.13608287 0.26812163 0.94201207 0.20180193 0.46893132 0.87297499 0.13423128 0.19471402 0.97868842 0.06523291 0.27120715 0.95285261 0.13608287 0.064943068 0.98913652 0.13187622 0.39215025 0.91756546 0.06551227 0.46373811 0.86330718 0.19911706 0.27120715 0.95285261 0.13608287 0.46893132 0.87297499 0.13423128 0.46373811 0.86330718 0.19911706 0.39215025 0.91756546 0.06551227 0.59786779 0.79882997 0.066519067 0.59786779 0.79882997 0.066519067 0.46893132 0.87297499 0.13423128 0.59786779 0.79882997 0.066519067 0.79238367 0.59553415 0.13216375 0.59786779 0.79882997 0.066519067 0.91677463 0.39399549 0.065512173 0.79238367 0.59553415 0.13216375 0.87798238 0.4738996 0.067573749 0.87798238 0.4738996 0.067573749 0.95230508 0.27312362 0.13608274 0.91677463 0.39399549 0.065512173 0.87798238 0.4738996 0.067573749 0.95230508 0.27312362 0.13608274 0.95230508 0.27312362 0.13608274 0.95230508 0.27312362 0.13608274 0.99771774 0.06752269 -5.1391385e-08 0.98255032 0.1320128 0.13102432 -0.00099711539 0.99122739 0.13216384 -0.0010059475 0.99999952 1.1923917e-07 0.064943068 0.98913652 0.13187622 -0.00099711539 0.99122739 0.13216384 0.13088109 0.98920286 0.06593816 -0.0010059475 0.99999952 1.1923917e-07 0.13003577 0.98281395 0.13102446 0.13088109 0.98920286 0.06593816 -0.00099711539 0.99122739 0.13216384 0.98913658 -0.064943075 0.13187604 0.98281395 -0.13003579 0.13102429 0.97250074 -0.19348295 0.12964067 0.97855723 -0.064248487 0.19569837 0.98281395 -0.13003579 0.13102429 0.98913658 -0.064943075 0.13187604 0.19348295 0.97250068 0.12964085 0.26812163 0.94201207 0.20180193 0.27120715 0.95285261 0.13608287 0.94174141 0.00094730279 0.33633634 0.96152347 0.00096720981 0.27472106 0.94174141 0.00094730279 0.33633634 0.87474489 -0.26818934 0.40360358 0.94174141 0.00094730279 0.33633634 0.89743191 -0.34413022 0.27602613 0.88907385 -0.40925744 0.20507568 0.84496307 -0.5188061 0.12991384 0.9336682 -0.3323943 0.13333325 0.97250074 -0.19348295 0.12964067 0.9572261 -0.20411299 0.20507571 0.9336682 -0.3323943 0.13333325 0.88907385 -0.40925744 0.20507568 0.79358023 -0.59393877 0.1321636 0.84496307 -0.5188061 0.12991384 0.79358023 -0.59393877 0.1321636 0.94201207 -0.26812166 0.20180175 0.89964586 -0.41412392 0.13834278 0.89743191 -0.34413022 0.27602613 0.94201207 -0.26812166 0.20180175 0.79358023 -0.59393877 0.1321636 0.98281395 -0.13003579 0.13102429 0.9572261 -0.20411299 0.20507571 0.97250074 -0.19348295 0.12964067 0.99771774 0.06752269 -5.1391385e-08 0.99122745 0.00099710748 0.13216366 0.98255032 0.1320128 0.13102432 0.99771774 0.06752269 -5.1391385e-08 0.99551767 0.06737379 0.066372275 0.99122745 0.00099710748 0.13216366 0.99771774 0.06752269 -5.1391385e-08 0.99109447 0.13316077 -4.3174104e-08 0.99551767 0.06737379 0.066372275 0.99771774 0.06752269 -5.1391385e-08 0.99771774 0.06752269 -5.1391385e-08 0.99109447 0.13316077 -4.3174104e-08 -0.27400637 -0.068794653 0.95926422 -0.4696739 -0.13470384 0.87250286 -0.27202845 -0.13635659 0.95257932 -0.59999967 -0.00060366385 0.80000007 -0.76822084 -0.00077286654 0.64018446 -0.54930371 -0.1379133 0.82416338 -0.87263745 0.1333534 0.46980929 -0.88047063 -0.0008857642 0.47409987 -0.76822084 -0.00077286654 0.64018446 -0.95933264 0.067553833 0.27407554 -0.88047063 -0.0008857642 0.47409987 -0.87263745 0.1333534 0.46980929 -0.95933264 0.067553833 0.27407554 -0.9572261 0.20411295 0.20507586 -0.98281395 0.13003576 0.13102444 -0.95933264 0.067553833 0.27407554 -0.94194442 0.20085436 0.26906919 -0.9572261 0.20411295 0.20507586 -0.95933264 0.067553833 0.27407554 -0.87263745 0.1333534 0.46980929 -0.94194442 0.20085436 0.26906919 -0.98281395 0.13003576 0.13102444 -0.97855717 0.064248435 0.19569848 -0.95933264 0.067553833 0.27407554 -0.4696739 -0.13470384 0.87250286 -0.26886591 -0.20207252 0.94174188 -0.40994501 -0.20548838 0.88866168 -0.4696739 -0.13470384 0.87250286 -0.40333274 -0.26947507 0.87447464 -0.26886591 -0.20207252 0.94174188 -0.53773189 -0.40414488 0.73994005 -0.40333274 -0.26947507 0.87447464 -0.4696739 -0.13470384 0.87250286 -0.53773189 -0.40414488 0.73994005 -0.2686629 -0.40387425 0.87447459 -0.40333274 -0.26947507 0.87447464 -0.34773549 -0.62740988 0.69673294 -0.2686629 -0.40387425 0.87447459 -0.53773189 -0.40414488 0.73994005 -0.34773549 -0.62740988 0.69673294 -0.20466304 -0.41035777 0.88866162 -0.2686629 -0.40387425 0.87447459 -0.20590509 -0.61979312 0.75727117 -0.20466304 -0.41035777 0.88866162 -0.34773549 -0.62740988 0.69673294 -0.75706303 -0.20729026 0.61958557 -0.54930371 -0.1379133 0.82416338 -0.76822084 -0.00077286654 0.64018446 -0.75706303 -0.20729026 0.61958557 -0.53773189 -0.40414488 0.73994005 -0.54930371 -0.1379133 0.82416338 -0.92293316 -0.1987427 0.32969028 -0.53773189 -0.40414488 0.73994005 -0.75706303 -0.20729026 0.61958557 -0.92293316 -0.1987427 0.32969028 -0.72949433 -0.59808511 0.33186162 -0.53773189 -0.40414488 0.73994005 -0.92280054 -0.33061874 0.19781415 -0.72949433 -0.59808511 0.33186162 -0.92293316 -0.1987427 0.32969028 -0.53773189 -0.40414488 0.73994005 -0.4696739 -0.13470384 0.87250286 -0.54930371 -0.1379133 0.82416338 -0.46893129 -0.87297505 0.13423114 -0.72949433 -0.59808511 0.33186162 -0.73266232 -0.66740406 0.13333331 -0.46893129 -0.87297505 0.13423114 -0.40742671 -0.81690693 0.40824825 -0.72949433 -0.59808511 0.33186162 -0.27120715 -0.95285267 0.13608266 -0.40742671 -0.81690693 0.40824825 -0.46893129 -0.87297505 0.13423114 -0.27120715 -0.95285267 0.13608266 -0.20085438 -0.94194442 0.26906902 -0.40742671 -0.81690693 0.40824825 -0.19348292 -0.97250074 0.12964064 -0.20085438 -0.94194442 0.26906902 -0.27120715 -0.95285267 0.13608266 -0.19348292 -0.97250074 0.12964064 -0.06424845 -0.97855723 0.19569831 -0.20085438 -0.94194442 0.26906902 -0.13003576 -0.98281395 0.13102426 -0.06424845 -0.97855723 0.19569831 -0.19348292 -0.97250074 0.12964064 -0.92293316 -0.1987427 0.32969028 -0.9890039 -0.066932984 0.13187614 -0.92280054 -0.33061874 0.19781415 -0.95933264 0.067553833 0.27407554 -0.9890039 -0.066932984 0.13187614 -0.92293316 -0.1987427 0.32969028 -0.95933264 0.067553833 0.27407554 -0.97855717 0.064248435 0.19569848 -0.9890039 -0.066932984 0.13187614 -0.34773549 -0.62740988 0.69673294 -0.19532686 -0.78466147 0.58834833 -0.20590509 -0.61979312 0.75727117 -0.40742671 -0.81690693 0.40824825 -0.19532686 -0.78466147 0.58834833 -0.34773549 -0.62740988 0.69673294 -0.40742671 -0.81690693 0.40824825 -0.13335343 -0.87263751 0.46980914 -0.19532686 -0.78466147 0.58834833 -0.20085438 -0.94194442 0.26906902 -0.13335343 -0.87263751 0.46980914 -0.40742671 -0.81690693 0.40824825 -0.20085438 -0.94194442 0.26906902 -0.06424845 -0.97855723 0.19569831 -0.13335343 -0.87263751 0.46980914 -0.88047063 -0.0008857642 0.47409987 -0.75706303 -0.20729026 0.61958557 -0.76822084 -0.00077286654 0.64018446 -0.88047063 -0.0008857642 0.47409987 -0.92293316 -0.1987427 0.32969028 -0.75706303 -0.20729026 0.61958557 -0.95933264 0.067553833 0.27407554 -0.92293316 -0.1987427 0.32969028 -0.88047063 -0.0008857642 0.47409987 -0.92280054 -0.33061874 0.19781415 -0.73266232 -0.66740406 0.13333331 -0.72949433 -0.59808511 0.33186162 -0.40742671 -0.81690693 0.40824825 -0.53773189 -0.40414488 0.73994005 -0.72949433 -0.59808511 0.33186162 -0.34773549 -0.62740988 0.69673294 -0.53773189 -0.40414488 0.73994005 -0.40742671 -0.81690693 0.40824825 -0.40333274 -0.26947507 0.87447464 -0.26886591 -0.20207252 0.94174188 -0.26886591 -0.20207252 0.94174188 -0.2686629 -0.40387425 0.87447459 -0.26886591 -0.20207252 0.94174188 -0.40333274 -0.26947507 0.87447464 -0.2686629 -0.40387425 0.87447459 -0.20153101 -0.26927209 0.94174188 -0.26886591 -0.20207252 0.94174188 -0.20466304 -0.41035777 0.88866162 -0.20153101 -0.26927209 0.94174188 -0.2686629 -0.40387425 0.87447459 -0.40994501 -0.20548838 0.88866168 -0.27202845 -0.13635659 0.95257932 -0.4696739 -0.13470384 0.87250286 0.00099713111 -0.99122745 0.1321636 -0.06424845 -0.97855723 0.19569831 -0.13003576 -0.98281395 0.13102426 -0.12866257 -0.97243553 0.19446102 -0.06424845 -0.97855723 0.19569831 0.00099713111 -0.99122745 0.1321636 -0.12866257 -0.97243553 0.19446102 -0.13335343 -0.87263751 0.46980914 -0.06424845 -0.97855723 0.19569831 -0.13335343 -0.87263751 0.46980914 -0.19532686 -0.78466147 0.58834833 -0.13335343 -0.87263751 0.46980914 -0.40994501 -0.20548838 0.88866168 -0.26886591 -0.20207252 0.94174188 -0.27202845 -0.13635659 0.95257932 -0.20153101 -0.26927209 0.94174188 -0.26886591 -0.20207252 0.94174188 -0.26886591 -0.20207252 0.94174188 -0.39300692 -0.065907665 0.91717052 -0.4696739 -0.13470384 0.87250286 -0.27400637 -0.068794653 0.95926422 -0.39300692 -0.065907665 0.91717052 -0.54930371 -0.1379133 0.82416338 -0.4696739 -0.13470384 0.87250286 -0.59999967 -0.00060366385 0.80000007 -0.54930371 -0.1379133 0.82416338 -0.39300692 -0.065907665 0.91717052 -0.73833877 0.066372827 0.67115611 -0.76822084 -0.00077286654 0.64018446 -0.59999967 -0.00060366385 0.80000007 -0.87263745 0.1333534 0.46980929 -0.76822084 -0.00077286654 0.64018446 -0.73833877 0.066372827 0.67115611 -0.27400637 -0.068794653 0.95926422 -0.39300692 -0.065907665 0.91717052 -0.27400637 -0.068794653 0.95926422 -0.27400637 -0.068794653 0.95926422 -0.27400637 -0.068794653 0.95926422 -0.39300692 -0.065907665 0.91717052 -0.13335343 -0.87263751 0.46980914 -0.13335343 -0.87263751 0.46980914 -0.12866257 -0.97243553 0.19446102 -0.13857552 -0.76654619 0.62705964 -0.19532686 -0.78466147 0.58834833 -0.13335343 -0.87263751 0.46980914 -0.13857552 -0.76654619 0.62705964 -0.20590509 -0.61979312 0.75727117 -0.19532686 -0.78466147 0.58834833 -0.20310682 -0.54328007 0.81461304 -0.20590509 -0.61979312 0.75727117 -0.13857552 -0.76654619 0.62705964 -0.20310682 -0.54328007 0.81461304 -0.20466304 -0.41035777 0.88866162 -0.20590509 -0.61979312 0.75727117 -0.19285804 -0.38668829 0.90181923 -0.20466304 -0.41035777 0.88866162 -0.20310682 -0.54328007 0.81461304 -0.19285804 -0.38668829 0.90181923 -0.13580886 -0.27230242 0.95257932 -0.20466304 -0.41035777 0.88866162 0.00099713111 -0.99122745 0.1321636 -0.064943053 -0.98913658 0.13187598 -0.12866257 -0.97243553 0.19446102 -0.13580886 -0.27230242 0.95257932 -0.20153101 -0.26927209 0.94174188 -0.20466304 -0.41035777 0.88866162 -0.27400637 -0.068794653 0.95926422 -0.129445 -0.19459155 0.9723056 -0.27400637 -0.068794653 0.95926422 -0.27400637 -0.068794653 0.95926422 -0.13580886 -0.27230242 0.95257932 -0.129445 -0.19459155 0.9723056 -0.27202845 -0.13635659 0.95257932 -0.13580886 -0.27230242 0.95257932 -0.27400637 -0.068794653 0.95926422 -0.27202845 -0.13635659 0.95257932 -0.26886591 -0.20207252 0.94174188 -0.13580886 -0.27230242 0.95257932 -0.13580886 -0.27230242 0.95257932 -0.26886591 -0.20207252 0.94174188 -0.20153101 -0.26927209 0.94174188 -0.26463979 -0.26517293 0.92717266 -0.20486933 -0.20528209 0.95702028 -0.20486933 -0.20528209 0.95702028 -0.47375888 -0.33911955 0.81274253 -0.40333274 -0.26947507 0.87447464 -0.26463979 -0.26517293 0.92717266 -0.25910896 -0.71478784 0.64956975 -0.20681837 -0.69192296 0.69171441 -0.26672336 -0.53479117 0.80178368 -0.25910896 -0.71478784 0.64956975 -0.19532686 -0.78466147 0.58834833 -0.20681837 -0.69192296 0.69171441 -0.27585062 -0.83033538 0.48420003 -0.19532686 -0.78466147 0.58834833 -0.25910896 -0.71478784 0.64956975 -0.27585062 -0.83033538 0.48420003 -0.20418172 -0.88886756 0.41015148 -0.19532686 -0.78466147 0.58834833 -0.26397362 -0.92743868 0.26490638 -0.20418172 -0.88886756 0.41015148 -0.27585062 -0.83033538 0.48420003 -0.26397362 -0.92743868 0.26490638 -0.33698481 -0.87879807 0.3378686 -0.20418172 -0.88886756 0.41015148 -0.26397362 -0.92743868 0.26490638 -0.2681216 -0.94201207 0.20180175 -0.33698481 -0.87879807 0.3378686 -0.19348292 -0.97250074 0.12964064 -0.2681216 -0.94201207 0.20180175 -0.26397362 -0.92743868 0.26490638 -0.26397362 -0.92743868 0.26490638 -0.2681216 -0.94201207 0.20180175 -0.19348292 -0.97250074 0.12964064 -0.20590509 -0.61979312 0.75727117 -0.26672336 -0.53479117 0.80178368 -0.20681837 -0.69192296 0.69171441 -0.20590509 -0.61979312 0.75727117 -0.19864947 -0.4648065 0.86284024 -0.26672336 -0.53479117 0.80178368 -0.20590509 -0.61979312 0.75727117 -0.19864947 -0.4648065 0.86284024 -0.20590509 -0.61979312 0.75727117 -0.1329979 -0.33346742 0.93333328 -0.19864947 -0.4648065 0.86284024 -0.20590509 -0.61979312 0.75727117 -0.1329979 -0.33346742 0.93333328 -0.1329979 -0.33346742 0.93333328 -0.19748233 -0.32988918 0.92313266 -0.1329979 -0.33346742 0.93333328 -0.12979591 -0.3906976 0.9113223 -0.1329979 -0.33346742 0.93333328 -0.12979591 -0.3906976 0.9113223 -0.12979591 -0.3906976 0.9113223 -0.1329979 -0.33346742 0.93333328 -0.1329979 -0.33346742 0.93333328 -0.12979591 -0.3906976 0.9113223 -0.12979591 -0.3906976 0.9113223 -0.1329979 -0.33346742 0.93333328 -0.20310682 -0.54328007 0.81461304 -0.12979591 -0.3906976 0.9113223 -0.19715069 -0.65957922 0.72531843 -0.20310682 -0.54328007 0.81461304 -0.1329979 -0.33346742 0.93333328 -0.1329979 -0.33346742 0.93333328 -0.19748233 -0.32988918 0.92313266 -0.20153101 -0.26927209 0.94174188 -0.1329979 -0.33346742 0.93333328 -0.19748233 -0.32988918 0.92313266 -0.19748233 -0.32988918 0.92313266 -0.19748233 -0.32988918 0.92313266 -0.19748233 -0.32988918 0.92313266 -0.1329979 -0.33346742 0.93333328 -0.20590509 -0.61979312 0.75727117 -0.19715069 -0.65957922 0.72531843 -0.1329979 -0.33346742 0.93333328 -0.33752859 -0.3382085 0.87845862 -0.19864947 -0.4648065 0.86284024 -0.1329979 -0.33346742 0.93333328 -0.54766816 -0.48018336 0.68518871 -0.19864947 -0.4648065 0.86284024 -0.33752859 -0.3382085 0.87845862 -0.54766816 -0.48018336 0.68518871 -0.26672336 -0.53479117 0.80178368 -0.19864947 -0.4648065 0.86284024 -0.40662342 -0.6792537 0.61095977 -0.26672336 -0.53479117 0.80178368 -0.54766816 -0.48018336 0.68518871 -0.40662342 -0.6792537 0.61095977 -0.25910896 -0.71478784 0.64956975 -0.26672336 -0.53479117 0.80178368 -0.74474108 -0.27166358 0.60955691 -0.58815074 -0.19670798 0.78446454 -0.73319882 -0.13407105 0.66666669 -0.74474108 -0.27166358 0.60955691 -0.54766816 -0.48018336 0.68518871 -0.58815074 -0.19670798 0.78446454 -0.87811828 -0.33875224 0.33786869 -0.54766816 -0.48018336 0.68518871 -0.74474108 -0.27166358 0.60955691 -0.87811828 -0.33875224 0.33786869 -0.74440044 -0.61030608 0.27091417 -0.54766816 -0.48018336 0.68518871 -0.87202978 -0.4706867 0.13423121 -0.74440044 -0.61030608 0.27091417 -0.87811828 -0.33875224 0.33786869 -0.54766816 -0.48018336 0.68518871 -0.46440572 -0.19958436 0.86284029 -0.58815074 -0.19670798 0.78446454 -0.33752859 -0.3382085 0.87845862 -0.46440572 -0.19958436 0.86284029 -0.54766816 -0.48018336 0.68518871 -0.33752859 -0.3382085 0.87845862 -0.26886591 -0.20207252 0.94174188 -0.46440572 -0.19958436 0.86284029 -0.129445 -0.19459155 0.9723056 -0.26886591 -0.20207252 0.94174188 -0.33752859 -0.3382085 0.87845862 -0.26397362 -0.92743868 0.26490638 -0.46893129 -0.87297505 0.13423114 -0.2681216 -0.94201207 0.20180175 -0.46177506 -0.79344732 0.39649111 -0.46893129 -0.87297505 0.13423114 -0.26397362 -0.92743868 0.26490638 -0.46177506 -0.79344732 0.39649111 -0.66592866 -0.7340036 0.1333333 -0.46893129 -0.87297505 0.13423114 -0.74440044 -0.61030608 0.27091417 -0.66592866 -0.7340036 0.1333333 -0.46177506 -0.79344732 0.39649111 -0.74440044 -0.61030608 0.27091417 -0.82950032 -0.55420625 0.069171429 -0.66592866 -0.7340036 0.1333333 -0.97829473 -0.19668265 0.065232843 -0.95919478 -0.069483839 0.27407554 -0.99551767 -0.067373805 0.06637238 -0.87811828 -0.33875224 0.33786869 -0.95919478 -0.069483839 0.27407554 -0.97829473 -0.19668265 0.065232843 -0.87811828 -0.33875224 0.33786869 -0.89908916 -0.13924745 0.41502872 -0.95919478 -0.069483839 0.27407554 -0.74474108 -0.27166358 0.60955691 -0.89908916 -0.13924745 0.41502872 -0.87811828 -0.33875224 0.33786869 -0.74474108 -0.27166358 0.60955691 -0.73319882 -0.13407105 0.66666669 -0.89908916 -0.13924745 0.41502872 -0.87811828 -0.33875224 0.33786869 -0.97829473 -0.19668265 0.065232843 -0.87202978 -0.4706867 0.13423121 -0.46177506 -0.79344732 0.39649111 -0.54766816 -0.48018336 0.68518871 -0.74440044 -0.61030608 0.27091417 -0.46177506 -0.79344732 0.39649111 -0.40662342 -0.6792537 0.61095977 -0.54766816 -0.48018336 0.68518871 -0.25910896 -0.71478784 0.64956975 -0.40662342 -0.6792537 0.61095977 -0.46177506 -0.79344732 0.39649111 -0.46177506 -0.79344732 0.39649111 -0.27585062 -0.83033538 0.48420003 -0.25910896 -0.71478784 0.64956975 -0.46177506 -0.79344732 0.39649111 -0.26397362 -0.92743868 0.26490638 -0.27585062 -0.83033538 0.48420003 -0.20153101 -0.26927209 0.94174188 -0.33752859 -0.3382085 0.87845862 -0.1329979 -0.33346742 0.93333328 -0.26886591 -0.20207252 0.94174188 -0.20486933 -0.20528209 0.95702028 -0.46440572 -0.19958436 0.86284029 -0.20153101 -0.26927209 0.94174188 -0.129445 -0.19459155 0.9723056 -0.33752859 -0.3382085 0.87845862 -0.87202978 -0.4706867 0.13423121 -0.82950032 -0.55420625 0.069171429 -0.74440044 -0.61030608 0.27091417 -0.89908916 -0.13924745 0.41502872 -0.79284894 -0.13296142 0.59473681 -0.95919478 -0.069483839 0.27407554 -0.73319882 -0.13407105 0.66666669 -0.79284894 -0.13296142 0.59473681 -0.89908916 -0.13924745 0.41502872 -0.95244193 -0.13704097 0.27216557 -0.95919478 -0.069483839 0.27407554 -0.89908916 -0.13924745 0.41502872 -0.95244193 -0.13704097 0.27216557 -0.99122739 -0.00099713891 0.13216378 -0.95919478 -0.069483839 0.27407554 -0.46440572 -0.19958436 0.86284029 -0.4696739 -0.13470384 0.87250286 -0.58815074 -0.19670798 0.78446454 -0.46440572 -0.19958436 0.86284029 -0.27202845 -0.13635659 0.95257932 -0.33319899 -0.13366871 0.93333334 -0.20486933 -0.20528209 0.95702028 -0.27202845 -0.13635659 0.95257932 -0.46440572 -0.19958436 0.86284029 -0.4696739 -0.13470384 0.87250286 -0.73319882 -0.13407105 0.66666669 -0.58815074 -0.19670798 0.78446454 -0.99122739 -0.00099713891 0.13216378 -0.99551767 -0.067373805 0.06637238 -0.95919478 -0.069483839 0.27407554 -0.129445 -0.19459155 0.9723056 -0.20486933 -0.20528209 0.95702028 -0.26886591 -0.20207252 0.94174188 -0.20486933 -0.20528209 0.95702028 -0.20486933 -0.20528209 0.95702028 -0.129445 -0.19459155 0.9723056 -0.20486933 -0.20528209 0.95702028 -0.27202845 -0.13635659 0.95257932 -0.20486933 -0.20528209 0.95702028 -0.1329979 -0.33346742 0.93333328 -0.129445 -0.19459155 0.9723056 -0.20153101 -0.26927209 0.94174188 -0.1329979 -0.33346742 0.93333328 -0.20486933 -0.20528209 0.95702028 -0.129445 -0.19459155 0.9723056 -0.20486933 -0.20528209 0.95702028 -0.20486933 -0.20528209 0.95702028 -0.1329979 -0.33346742 0.93333328 -0.1329979 -0.33346742 0.93333328 -0.20153101 -0.26927209 0.94174188 -0.20486933 -0.20528209 0.95702028 -0.20153101 -0.26927209 0.94174188 -0.20153101 -0.26927209 0.94174188 -0.1329979 -0.33346742 0.93333328 -0.26463979 -0.26517293 0.92717266 -0.40333274 -0.26947507 0.87447464 -0.20486933 -0.20528209 0.95702028 -0.47375888 -0.33911955 0.81274253 -0.69638216 -0.34906727 0.6270597 -0.40333274 -0.26947507 0.87447464 -0.65055126 -0.39122143 0.65094453 -0.69638216 -0.34906727 0.6270597 -0.47375888 -0.33911955 0.81274253 -0.40333274 -0.26947507 0.87447464 -0.26886591 -0.20207252 0.94174188 -0.20486933 -0.20528209 0.95702028 -0.26886591 -0.20207252 0.94174188 -0.26886591 -0.20207252 0.94174188 -0.40333274 -0.26947507 0.87447464 -0.76598537 -0.41881061 0.4877131 -0.69638216 -0.34906727 0.6270597 -0.65055126 -0.39122143 0.65094453 -0.76598537 -0.41881061 0.4877131 -0.92280054 -0.33061874 0.19781415 -0.69638216 -0.34906727 0.6270597 -0.86237246 -0.46547407 0.19911699 -0.92280054 -0.33061874 0.19781415 -0.76598537 -0.41881061 0.4877131 -0.86237246 -0.46547407 0.19911699 -0.89881086 -0.41593307 0.13834289 -0.92280054 -0.33061874 0.19781415 -0.73319882 -0.13407105 0.66666669 -0.62691915 -0.13997741 0.7664063 -0.79284894 -0.13296142 0.59473681 -0.4696739 -0.13470384 0.87250286 -0.62691915 -0.13997741 0.7664063 -0.73319882 -0.13407105 0.66666669 -0.89908916 -0.13924745 0.41502872 -0.95919478 -0.069483839 0.27407554 -0.79284894 -0.13296142 0.59473681 -0.33319899 -0.13366871 0.93333334 -0.4696739 -0.13470384 0.87250286 -0.46440572 -0.19958436 0.86284029 -0.26886591 -0.20207252 0.94174188 -0.27202845 -0.13635659 0.95257932 -0.20486933 -0.20528209 0.95702028 -0.26886591 -0.20207252 0.94174188 -0.33319899 -0.13366871 0.93333334 -0.27202845 -0.13635659 0.95257932 -0.26886591 -0.20207252 0.94174188 -0.33319899 -0.13366871 0.93333334 -0.26886591 -0.20207252 0.94174188 -0.85679615 -0.3964904 0.32969025 -0.67972904 -0.68109798 0.27216551 -0.79238367 -0.59553415 0.13216369 -0.95230502 -0.27312365 0.1360828 -0.95244193 -0.13704097 0.27216557 -0.85679615 -0.3964904 0.32969025 -0.67972904 -0.68109798 0.27216551 -0.59786779 -0.79882997 0.066518947 -0.79238367 -0.59553415 0.13216369 -0.67972904 -0.68109798 0.27216551 -0.46893129 -0.87297505 0.13423114 -0.59786779 -0.79882997 0.066518947 -0.39476576 -0.85759217 0.32969016 -0.46893129 -0.87297505 0.13423114 -0.67972904 -0.68109798 0.27216551 -0.39476576 -0.85759217 0.32969016 -0.46373808 -0.86330724 0.19911692 -0.46893129 -0.87297505 0.13423114 -0.27120715 -0.95285267 0.13608266 -0.46373808 -0.86330724 0.19911692 -0.39476576 -0.85759217 0.32969016 -0.27120715 -0.95285267 0.13608266 -0.12866257 -0.97243553 0.19446102 -0.064943053 -0.98913658 0.13187598 -0.39476576 -0.85759217 0.32969016 -0.12866257 -0.97243553 0.19446102 -0.27120715 -0.95285267 0.13608266 -0.95230502 -0.27312365 0.1360828 -0.98255032 -0.13201284 0.13102441 -0.95244193 -0.13704097 0.27216557 -0.85679615 -0.3964904 0.32969025 -0.95230502 -0.27312365 0.1360828 -0.95230502 -0.27312365 0.1360828 -0.85679615 -0.3964904 0.32969025 -0.91677463 -0.39399552 0.065512188 -0.95230502 -0.27312365 0.1360828 -0.79238367 -0.59553415 0.13216369 -0.91677463 -0.39399552 0.065512188 -0.85679615 -0.3964904 0.32969025 -0.13335343 -0.87263751 0.46980914 -0.12866257 -0.97243553 0.19446102 -0.39476576 -0.85759217 0.32969016 -0.98255032 -0.13201284 0.13102441 -0.99122739 -0.00099713891 0.13216378 -0.95244193 -0.13704097 0.27216557 -0.129445 -0.19459155 0.9723056 -0.13580886 -0.27230242 0.95257932 -0.19285804 -0.38668829 0.90181923 -0.27400637 -0.068794653 0.95926422 -0.19433056 -0.12983641 0.9723056 -0.27400637 -0.068794653 0.95926422 -0.27400637 -0.068794653 0.95926422 -0.129445 -0.19459155 0.9723056 -0.19433056 -0.12983641 0.9723056 -0.40994501 -0.20548838 0.88866168 -0.40333274 -0.26947507 0.87447464 -0.69638216 -0.34906727 0.6270597 -0.92280054 -0.33061874 0.19781415 -0.93299752 -0.33427209 0.13333336 -0.93928039 -0.33652306 0.06711562 -0.88824862 -0.41104534 0.20507579 -0.93299752 -0.33427209 0.13333336 -0.92280054 -0.33061874 0.19781415 -0.69638216 -0.34906727 0.6270597 -0.92280054 -0.33061874 0.19781415 -0.89680713 -0.27692854 0.34503281 -0.89881086 -0.41593307 0.13834289 -0.88824862 -0.41104534 0.20507579 -0.92280054 -0.33061874 0.19781415 -0.93299752 -0.33427209 0.13333336 -0.8740682 -0.40448317 0.26906911 -0.93928039 -0.33652306 0.06711562 -0.93299752 -0.33427209 0.13333336 -0.93928039 -0.33652306 0.06711562 -0.8740682 -0.40448317 0.26906911 -0.88824862 -0.41104534 0.20507579 -0.93928039 -0.33652306 0.06711562 -0.93299752 -0.33427209 0.13333336 -0.88824862 -0.41104534 0.20507579 -0.89881086 -0.41593307 0.13834289 -0.93928039 -0.33652306 0.06711562 -0.89881086 -0.41593307 0.13834289 -0.89881086 -0.41593307 0.13834289 -0.88824862 -0.41104534 0.20507579 -0.89881086 -0.41593307 0.13834289 -0.87798232 -0.47389963 0.067573734 -0.89881086 -0.41593307 0.13834289 -0.33752859 -0.3382085 0.87845862 -0.47375888 -0.33911955 0.81274253 -0.39529637 -0.33008817 0.8571946 -0.82956988 -0.48503491 0.27668577 -0.87811828 -0.33875224 0.33786869 -0.89881086 -0.41593307 0.13834289 -0.74283487 -0.47376373 0.47301617 -0.67843413 -0.40798929 0.61095983 -0.87811828 -0.33875224 0.33786869 0.87798238 0.4738996 0.067573749 0.91677463 0.39399549 0.065512173 0.87798238 0.4738996 0.067573749 -0.93928039 -0.33652306 0.06711562 -0.8740682 -0.40448317 0.26906911 -0.92690569 -0.26583904 0.2649065 -0.76626569 -0.14011757 0.6270597 -0.89680713 -0.27692854 0.34503281 -0.95244193 -0.13704097 0.27216557 -0.74474108 -0.27166358 0.60955691 -0.89680713 -0.27692854 0.34503281 -0.76626569 -0.14011757 0.6270597 -0.74474108 -0.27166358 0.60955691 -0.69638216 -0.34906727 0.6270597 -0.89680713 -0.27692854 0.34503281 -0.40994501 -0.20548838 0.88866168 -0.69638216 -0.34906727 0.6270597 -0.74474108 -0.27166358 0.60955691 -0.26886591 -0.20207252 0.94174188 -0.40333274 -0.26947507 0.87447464 -0.40994501 -0.20548838 0.88866168 -0.89680713 -0.27692854 0.34503281 -0.95230502 -0.27312365 0.1360828 -0.97829473 -0.19668265 0.065232843 -0.89680713 -0.27692854 0.34503281 -0.93928039 -0.33652306 0.06711562 -0.95230502 -0.27312365 0.1360828 -0.92280054 -0.33061874 0.19781415 -0.93928039 -0.33652306 0.06711562 -0.89680713 -0.27692854 0.34503281 -0.95244193 -0.13704097 0.27216557 -0.9721747 -0.1306188 0.19446117 -0.9721747 -0.1306188 0.19446117 -0.97829473 -0.19668265 0.065232843 -0.9721747 -0.1306188 0.19446117 -0.95244193 -0.13704097 0.27216557 -0.40994501 -0.20548838 0.88866168 -0.26886591 -0.20207252 0.94174188 -0.26886591 -0.20207252 0.94174188 -0.40994501 -0.20548838 0.88866168 -0.19433056 -0.12983641 0.9723056 -0.26886591 -0.20207252 0.94174188 -0.19433056 -0.12983641 0.9723056 -0.19433056 -0.12983641 0.9723056 -0.40994501 -0.20548838 0.88866168 -0.19433056 -0.12983641 0.9723056 -0.41488928 -0.13876042 0.89922881 -0.13089243 -0.13115622 0.98268265 -0.40994501 -0.20548838 0.88866168 -0.41488928 -0.13876042 0.89922881 -0.19433056 -0.12983641 0.9723056 -0.40994501 -0.20548838 0.88866168 -0.76626569 -0.14011757 0.6270597 -0.41488928 -0.13876042 0.89922881 -0.74474108 -0.27166358 0.60955691 -0.76626569 -0.14011757 0.6270597 -0.40994501 -0.20548838 0.88866168 -0.19433056 -0.12983641 0.9723056 -0.13089243 -0.13115622 0.98268265 -0.41488928 -0.13876042 0.89922881 -0.95244193 -0.13704097 0.27216557 -0.97829473 -0.19668265 0.065232843 -0.97829473 -0.19668265 0.065232843 -0.89680713 -0.27692854 0.34503281 -0.97829473 -0.19668265 0.065232843 -0.95244193 -0.13704097 0.27216557 -0.55281454 -0.55392802 0.62254298 -0.67972904 -0.68109798 0.27216551 -0.85679615 -0.3964904 0.32969025 -0.55281454 -0.55392802 0.62254298 -0.39476576 -0.85759217 0.32969016 -0.67972904 -0.68109798 0.27216551 -0.3476654 -0.69708318 0.62705964 -0.39476576 -0.85759217 0.32969016 -0.55281454 -0.55392802 0.62254298 -0.3476654 -0.69708318 0.62705964 -0.13335343 -0.87263751 0.46980914 -0.39476576 -0.85759217 0.32969016 -0.13857552 -0.76654619 0.62705964 -0.13335343 -0.87263751 0.46980914 -0.3476654 -0.69708318 0.62705964 -0.80151445 -0.26806772 0.53452247 -0.89908916 -0.13924745 0.41502872 -0.79284894 -0.13296142 0.59473681 -0.80151445 -0.26806772 0.53452247 -0.95244193 -0.13704097 0.27216557 -0.89908916 -0.13924745 0.41502872 -0.85679615 -0.3964904 0.32969025 -0.95244193 -0.13704097 0.27216557 -0.80151445 -0.26806772 0.53452247 -0.2686629 -0.40387425 0.87447459 -0.20486933 -0.20528209 0.95702028 -0.129445 -0.19459155 0.9723056 -0.2686629 -0.40387425 0.87447459 -0.33752859 -0.3382085 0.87845862 -0.20486933 -0.20528209 0.95702028 -0.55281454 -0.55392802 0.62254298 -0.33752859 -0.3382085 0.87845862 -0.2686629 -0.40387425 0.87447459 -0.55281454 -0.55392802 0.62254298 -0.4839215 -0.2771728 0.83005738 -0.33752859 -0.3382085 0.87845862 -0.80151445 -0.26806772 0.53452247 -0.4839215 -0.2771728 0.83005738 -0.55281454 -0.55392802 0.62254298 -0.80151445 -0.26806772 0.53452247 -0.79284894 -0.13296142 0.59473681 -0.4839215 -0.2771728 0.83005738 -0.3476654 -0.69708318 0.62705964 -0.20310682 -0.54328007 0.81461304 -0.13857552 -0.76654619 0.62705964 -0.2686629 -0.40387425 0.87447459 -0.20310682 -0.54328007 0.81461304 -0.3476654 -0.69708318 0.62705964 -0.2686629 -0.40387425 0.87447459 -0.19285804 -0.38668829 0.90181923 -0.20310682 -0.54328007 0.81461304 -0.4696739 -0.13470384 0.87250286 -0.4839215 -0.2771728 0.83005738 -0.62691915 -0.13997741 0.7664063 -0.4696739 -0.13470384 0.87250286 -0.19433056 -0.12983641 0.9723056 -0.4839215 -0.2771728 0.83005738 -0.32949105 -0.19814579 0.92313266 -0.19433056 -0.12983641 0.9723056 -0.4696739 -0.13470384 0.87250286 -0.79284894 -0.13296142 0.59473681 -0.62691915 -0.13997741 0.7664063 -0.4839215 -0.2771728 0.83005738 -0.33752859 -0.3382085 0.87845862 -0.20486933 -0.20528209 0.95702028 -0.20486933 -0.20528209 0.95702028 -0.33752859 -0.3382085 0.87845862 -0.20486933 -0.20528209 0.95702028 -0.20486933 -0.20528209 0.95702028 -0.4839215 -0.2771728 0.83005738 -0.20486933 -0.20528209 0.95702028 -0.33752859 -0.3382085 0.87845862 -0.4839215 -0.2771728 0.83005738 -0.19433056 -0.12983641 0.9723056 -0.20486933 -0.20528209 0.95702028 -0.19433056 -0.12983641 0.9723056 -0.19433056 -0.12983641 0.9723056 -0.4839215 -0.2771728 0.83005738 -0.20153101 -0.26927209 0.94174188 -0.2686629 -0.40387425 0.87447459 -0.129445 -0.19459155 0.9723056 -0.20153101 -0.26927209 0.94174188 -0.19285804 -0.38668829 0.90181923 -0.2686629 -0.40387425 0.87447459 -0.129445 -0.19459155 0.9723056 -0.19285804 -0.38668829 0.90181923 -0.20153101 -0.26927209 0.94174188 -0.2686629 -0.40387425 0.87447459 -0.3476654 -0.69708318 0.62705964 -0.55281454 -0.55392802 0.62254298 -0.85679615 -0.3964904 0.32969025 -0.80151445 -0.26806772 0.53452247 -0.55281454 -0.55392802 0.62254298 -0.32949105 -0.19814579 0.92313266 -0.4696739 -0.13470384 0.87250286 -0.33319899 -0.13366871 0.93333334 0.99999952 0.0010059475 -5.9454738e-08 0.99122745 0.00099710748 0.13216366 0.97829473 0.19668263 0.065232769 0.97829473 0.19668263 0.065232769 0.92280054 0.33061868 0.19781412 0.87798238 0.4738996 0.067573749 -0.95230502 -0.27312365 0.1360828 -0.95898801 -0.27504033 0.068518892 -0.97829473 -0.19668265 0.065232843 -0.93928039 -0.33652306 0.06711562 -0.92690569 -0.26583904 0.2649065 -0.95230502 -0.27312365 0.1360828 -0.26886591 -0.20207252 0.94174188 -0.32949105 -0.19814579 0.92313266 -0.33319899 -0.13366871 0.93333334 -0.26886591 -0.20207252 0.94174188 -0.32949105 -0.19814579 0.92313266 -0.26886591 -0.20207252 0.94174188 -0.26886591 -0.20207252 0.94174188 -0.19433056 -0.12983641 0.9723056 -0.32949105 -0.19814579 0.92313266 -0.19433056 -0.12983641 0.9723056 -0.19433056 -0.12983641 0.9723056 -0.26886591 -0.20207252 0.94174188 -0.19433056 -0.12983641 0.9723056 -0.19433056 -0.12983641 0.9723056 -0.19433056 -0.12983641 0.9723056 -0.19433056 -0.12983641 0.9723056 -0.19433056 -0.12983641 0.9723056 -0.19433056 -0.12983641 0.9723056 -0.19433056 -0.12983641 0.9723056 -0.20486933 -0.20528209 0.95702028 -0.19433056 -0.12983641 0.9723056 -0.20486933 -0.20528209 0.95702028 -0.20486933 -0.20528209 0.95702028 -0.19433056 -0.12983641 0.9723056 -0.13089243 -0.13115622 0.98268265 -0.20486933 -0.20528209 0.95702028 -0.19433056 -0.12983641 0.9723056 -0.13089243 -0.13115622 0.98268265 -0.20486933 -0.20528209 0.95702028 -0.20486933 -0.20528209 0.95702028 -0.129445 -0.19459155 0.9723056 -0.20486933 -0.20528209 0.95702028 -0.13089243 -0.13115622 0.98268265 -0.19433056 -0.12983641 0.9723056 -0.13089243 -0.13115622 0.98268265 -0.19433056 -0.12983641 0.9723056 -0.19433056 -0.12983641 0.9723056 -0.129445 -0.19459155 0.9723056 -0.13089243 -0.13115622 0.98268265 -0.20153101 -0.26927209 0.94174188 -0.129445 -0.19459155 0.9723056 -0.19433056 -0.12983641 0.9723056 -0.19433056 -0.12983641 0.9723056 -0.19433056 -0.12983641 0.9723056 -0.27202845 -0.13635659 0.95257932 -0.129445 -0.19459155 0.9723056 -0.20153101 -0.26927209 0.94174188 -0.19433056 -0.12983641 0.9723056 0.87798238 0.4738996 0.067573749 0.92280054 0.33061868 0.19781412 0.91677463 0.39399549 0.065512173 0.97829473 0.19668263 0.065232769 0.95230508 0.27312362 0.13608274 0.92280054 0.33061868 0.19781412 -0.97829473 -0.19668265 0.065232843 -0.94147074 -0.27001634 0.20180187 -0.97829473 -0.19668265 0.065232843 -0.87811828 -0.33875224 0.33786869 -0.93928039 -0.33652306 0.06711562 -0.89881086 -0.41593307 0.13834289 -0.73993963 -0.00074442098 0.67267287 -0.80205214 0.26645449 0.53452253 -0.47409952 -0.00047702444 0.88047111 -0.87474483 0.26818925 0.40360376 -0.80205214 0.26645449 0.53452253 -0.73993963 -0.00074442098 0.67267287 -0.87474483 0.26818925 0.40360376 -0.73993963 -0.00074442098 0.67267287 -0.94174141 -0.00094738294 0.33633646 -0.87474483 0.26818925 0.40360376 -0.73993963 -0.00074442098 0.67267287 -0.87474483 0.26818925 0.40360376 -0.74034566 0.40285906 0.53813833 -0.47409952 -0.00047702444 0.88047111 -0.79338074 0.39569321 0.46257311 -0.65133703 0.38991165 0.65094459 -0.47409952 -0.00047702444 0.88047111 -0.74034566 0.40285906 0.53813833 -0.80205214 0.26645449 0.53452253 -0.79338074 0.39569321 0.46257311 -0.47409952 -0.00047702444 0.88047111 -0.79358023 0.59393877 0.13216384 -0.87474483 0.26818925 0.40360376 -0.89743185 0.34413016 0.27602631 -0.79358023 0.59393877 0.13216384 -0.87474483 0.26818925 0.40360376 -0.87474483 0.26818925 0.40360376 -0.80205214 0.26645449 0.53452253 -0.87474483 0.26818925 0.40360376 -0.79358023 0.59393877 0.13216384 -0.80205214 0.26645449 0.53452253 -0.79358023 0.59393877 0.13216384 -0.79338074 0.39569321 0.46257311 -0.88907379 0.40925738 0.20507589 -0.78667295 0.52330631 0.32756102 -0.79358023 0.59393877 0.13216384 -0.88907379 0.40925738 0.20507589 -0.89736247 0.27512363 0.34503287 -0.78667295 0.52330631 0.32756102 -0.9336682 0.33239427 0.13333343 -0.89736247 0.27512363 0.34503287 -0.88907379 0.40925738 0.20507589 -0.9336682 0.33239427 0.13333343 -0.94194442 0.20085436 0.26906919 -0.89736247 0.27512363 0.34503287 -0.39391902 -0.00039637164 0.91914505 -0.59999967 -0.00060366385 0.80000007 -0.39300692 -0.065907665 0.91717052 -0.72551709 0.19708432 0.65938056 -0.59999967 -0.00060366385 0.80000007 -0.39391902 -0.00039637164 0.91914505 -0.72551709 0.19708432 0.65938056 -0.73833877 0.066372827 0.67115611 -0.59999967 -0.00060366385 0.80000007 -0.87263745 0.1333534 0.46980929 -0.73833877 0.066372827 0.67115611 -0.72551709 0.19708432 0.65938056 -0.87263745 0.1333534 0.46980929 -0.89736247 0.27512363 0.34503287 -0.94194442 0.20085436 0.26906919 -0.72551709 0.19708432 0.65938056 -0.89736247 0.27512363 0.34503287 -0.87263745 0.1333534 0.46980929 -0.72551709 0.19708432 0.65938056 -0.74034566 0.40285906 0.53813833 -0.89736247 0.27512363 0.34503287 -0.9336682 0.33239427 0.13333343 -0.9572261 0.20411295 0.20507586 -0.94194442 0.20085436 0.26906919 -0.74034566 0.40285906 0.53813833 -0.78667295 0.52330631 0.32756102 -0.89736247 0.27512363 0.34503287 -0.65133703 0.38991165 0.65094459 -0.19563265 -0.065429755 0.97849208 -0.47409952 -0.00047702444 0.88047111 -0.65984446 0.46090272 0.59344256 -0.19563265 -0.065429755 0.97849208 -0.65133703 0.38991165 0.65094459 -0.65133703 0.38991165 0.65094459 -0.7340036 0.66592866 0.13333346 -0.65984446 0.46090272 0.59344256 -0.74034566 0.40285906 0.53813833 -0.7578941 0.61882347 0.20652863 -0.65133703 0.38991165 0.65094459 -0.79338074 0.39569321 0.46257311 -0.7578941 0.61882347 0.20652863 -0.74034566 0.40285906 0.53813833 -0.79338074 0.39569321 0.46257311 -0.79358023 0.59393877 0.13216384 -0.7578941 0.61882347 0.20652863 -0.79999959 -0.00080482947 0.60000008 -0.47409952 -0.00047702444 0.88047111 -0.47409952 -0.00047702444 0.88047111 -0.73993963 -0.00074442098 0.67267287 -0.47409952 -0.00047702444 0.88047111 -0.79999959 -0.00080482947 0.60000008 -0.79999959 -0.00080482947 0.60000008 -0.96152347 -0.00096727529 0.27472118 -0.94174141 -0.00094738294 0.33633646 -0.94174141 -0.00094738294 0.33633646 -0.73993963 -0.00074442098 0.67267287 -0.79999959 -0.00080482947 0.60000008 -0.47409952 -0.00047702444 0.88047111 -0.27472091 -0.0002764696 0.96152395 -0.47409952 -0.00047702444 0.88047111 -0.47409952 -0.00047702444 0.88047111 -0.19563265 -0.065429755 0.97849208 -0.27472091 -0.0002764696 0.96152395 -0.19563265 -0.065429755 0.97849208 -0.19563265 -0.065429755 0.97849208 -0.47409952 -0.00047702444 0.88047111 -0.65984446 0.46090272 0.59344256 -0.59920603 0.53154951 0.5986712 -0.19563265 -0.065429755 0.97849208 -0.4151676 0.13792521 0.89922887 -0.33564532 0.066777885 0.93961847 -0.27472091 -0.0002764696 0.96152395 -0.4151676 0.13792521 0.89922887 -0.54327995 0.20310678 0.81461316 -0.33564532 0.066777885 0.93961847 -0.61136919 0.40669167 0.67884427 -0.54327995 0.20310678 0.81461316 -0.4151676 0.13792521 0.89922887 -0.61136919 0.40669167 0.67884427 -0.66700161 0.33266246 0.66666675 -0.54327995 0.20310678 0.81461316 -0.74034566 0.40285906 0.53813833 -0.66700161 0.33266246 0.66666675 -0.61136919 0.40669167 0.67884427 -0.7340036 0.66592866 0.13333346 -0.73069614 0.59661615 0.33186176 -0.7340036 0.66592866 0.13333346 -0.7578941 0.61882347 0.20652863 -0.73069614 0.59661615 0.33186176 -0.7340036 0.66592866 0.13333346 -0.7578941 0.61882347 0.20652863 -0.78667295 0.52330631 0.32756102 -0.73069614 0.59661615 0.33186176 -0.79358023 0.59393877 0.13216384 -0.78667295 0.52330631 0.32756102 -0.7578941 0.61882347 0.20652863 -0.19611597 -0.00019739939 0.98058069 -0.4151676 0.13792521 0.89922887 -0.27472091 -0.0002764696 0.96152395 -0.19611597 -0.00019739939 0.98058069 -0.4151676 0.13792521 0.89922887 -0.19611597 -0.00019739939 0.98058069 -0.73069614 0.59661615 0.33186176 -0.74034566 0.40285906 0.53813833 -0.61136919 0.40669167 0.67884427 -0.78667295 0.52330631 0.32756102 -0.74034566 0.40285906 0.53813833 -0.73069614 0.59661615 0.33186176 -0.33564532 0.066777885 0.93961847 -0.27400637 -0.068794653 0.95926422 -0.27472091 -0.0002764696 0.96152395 -0.33564532 0.066777885 0.93961847 -0.39391902 -0.00039637164 0.91914505 -0.27400637 -0.068794653 0.95926422 -0.54327995 0.20310678 0.81461316 -0.39391902 -0.00039637164 0.91914505 -0.33564532 0.066777885 0.93961847 -0.54327995 0.20310678 0.81461316 -0.72551709 0.19708432 0.65938056 -0.39391902 -0.00039637164 0.91914505 -0.66700161 0.33266246 0.66666675 -0.72551709 0.19708432 0.65938056 -0.54327995 0.20310678 0.81461316 -0.39391902 -0.00039637164 0.91914505 -0.39300692 -0.065907665 0.91717052 -0.27400637 -0.068794653 0.95926422 -0.27400637 -0.068794653 0.95926422 -0.39391902 -0.00039637164 0.91914505 -0.27400637 -0.068794653 0.95926422 -0.66700161 0.33266246 0.66666675 -0.74034566 0.40285906 0.53813833 -0.72551709 0.19708432 0.65938056 -0.27400637 -0.068794653 0.95926422 -0.27400637 -0.068794653 0.95926422 -0.39391902 -0.00039637164 0.91914505 -0.27400637 -0.068794653 0.95926422 -0.27400637 -0.068794653 0.95926422 -0.27400637 -0.068794653 0.95926422 -0.27400637 -0.068794653 0.95926422 -0.19433056 -0.12983641 0.9723056 -0.27400637 -0.068794653 0.95926422 -0.27472091 -0.0002764696 0.96152395 -0.19433056 -0.12983641 0.9723056 -0.19611597 -0.00019739939 0.98058069 -0.27400637 -0.068794653 0.95926422 -0.19433056 -0.12983641 0.9723056 -0.27472091 -0.0002764696 0.96152395 -0.65984446 0.46090272 0.59344256 -0.7340036 0.66592866 0.13333346 -0.7340036 0.66592866 0.13333346 -0.65133703 0.38991165 0.65094459 -0.7578941 0.61882347 0.20652863 -0.7340036 0.66592866 0.13333346 -0.47409952 -0.00047702444 0.88047111 -0.27472091 -0.0002764696 0.96152395 -0.27472091 -0.0002764696 0.96152395 -0.19611597 -0.00019739939 0.98058069 -0.4151676 0.13792521 0.89922887 -0.4151676 0.13792521 0.89922887 -0.73069614 0.59661615 0.33186176 -0.61136919 0.40669167 0.67884427 -0.74048096 0.53739357 0.40360379 -0.4151676 0.13792521 0.89922887 -0.53854388 0.40306205 0.73994011 -0.61136919 0.40669167 0.67884427 -0.7340036 0.66592866 0.13333346 -0.73069614 0.59661615 0.33186176 -0.69240993 0.69101828 0.20751446 -0.19611597 -0.00019739939 0.98058069 -0.19611597 -0.00019739939 0.98058069 -0.27400637 -0.068794653 0.95926422 -0.59920603 0.53154951 0.5986712 -0.7340036 0.66592866 0.13333346 -0.69240993 0.69101828 0.20751446 -0.65984446 0.46090272 0.59344256 -0.7340036 0.66592866 0.13333346 -0.59920603 0.53154951 0.5986712 -0.19563265 -0.065429755 0.97849208 -0.59920603 0.53154951 0.5986712 -0.52343637 0.45707792 0.71909255 -0.89964586 0.41412389 0.13834299 -0.98913652 0.064943045 0.13187616 -0.95933264 0.067553833 0.27407554 -0.89736247 0.27512363 0.34503287 -0.89964586 0.41412389 0.13834299 -0.95933264 0.067553833 0.27407554 -0.87488019 0.40272376 0.26906919 -0.89964586 0.41412389 0.13834299 -0.89736247 0.27512363 0.34503287 -0.87488019 0.40272376 0.26906919 -0.82471567 0.54861289 0.13736068 -0.89964586 0.41412389 0.13834299 -0.79338074 0.39569321 0.46257311 -0.82471567 0.54861289 0.13736068 -0.87488019 0.40272376 0.26906919 -0.89964586 0.41412389 0.13834299 -0.97855717 0.064248435 0.19569848 -0.98913652 0.064943045 0.13187616 -0.94174141 -0.00094738294 0.33633646 -0.86304015 0.19824886 0.4646064 -0.7982946 0.065715924 0.59867114 -0.97855717 0.064248435 0.19569848 -0.86304015 0.19824886 0.4646064 -0.94174141 -0.00094738294 0.33633646 -0.97855717 0.064248435 0.19569848 -0.98913652 0.064943045 0.13187616 -0.86304015 0.19824886 0.4646064 -0.99122739 -0.00099713891 0.13216378 -0.98913652 0.064943045 0.13187616 -0.97855717 0.064248435 0.19569848 -0.7982946 0.065715924 0.59867114 -0.73993963 -0.00074442098 0.67267287 -0.87839019 -0.068457447 0.4730162 -0.59999967 -0.00060366385 0.80000007 -0.73993963 -0.00074442098 0.67267287 -0.7982946 0.065715924 0.59867114 -0.54327995 0.20310678 0.81461316 -0.47444019 0.33816552 0.81274259 -0.46480632 0.19864942 0.86284035 -0.54327995 0.20310678 0.81461316 -0.53854388 0.40306205 0.73994011 -0.47444019 0.33816552 0.81274259 -0.75941879 0.34426895 0.5520525 -0.53854388 0.40306205 0.73994011 -0.54327995 0.20310678 0.81461316 -0.75941879 0.34426895 0.5520525 -0.5939064 0.46096903 0.65938061 -0.53854388 0.40306205 0.73994011 -0.74378651 0.47226813 0.47301626 -0.5939064 0.46096903 0.65938061 -0.75941879 0.34426895 0.5520525 -0.74378651 0.47226813 0.47301626 -0.66279882 0.52914637 0.52981305 -0.5939064 0.46096903 0.65938061 -0.74048096 0.53739357 0.40360379 -0.66279882 0.52914637 0.52981305 -0.74378651 0.47226813 0.47301626 -0.54327995 0.20310678 0.81461316 -0.39313874 0.065116629 0.91717058 -0.39391902 -0.00039637164 0.91914505 -0.4151676 0.13792521 0.89922887 -0.39313874 0.065116629 0.91717058 -0.54327995 0.20310678 0.81461316 -0.89736247 0.27512363 0.34503287 -0.98913652 0.064943045 0.13187616 -0.98913652 0.064943045 0.13187616 -0.89736247 0.27512363 0.34503287 -0.86304015 0.19824886 0.4646064 -0.98913652 0.064943045 0.13187616 -0.75941879 0.34426895 0.5520525 -0.86304015 0.19824886 0.4646064 -0.89736247 0.27512363 0.34503287 -0.75941879 0.34426895 0.5520525 -0.7982946 0.065715924 0.59867114 -0.86304015 0.19824886 0.4646064 -0.54327995 0.20310678 0.81461316 -0.7982946 0.065715924 0.59867114 -0.75941879 0.34426895 0.5520525 -0.54327995 0.20310678 0.81461316 -0.59999967 -0.00060366385 0.80000007 -0.7982946 0.065715924 0.59867114 -0.39391902 -0.00039637164 0.91914505 -0.59999967 -0.00060366385 0.80000007 -0.54327995 0.20310678 0.81461316 -0.74378651 0.47226813 0.47301626 -0.75962704 0.55128855 0.3450329 -0.74048096 0.53739357 0.40360379 -0.74378651 0.47226813 0.47301626 -0.81321901 0.47328195 0.33864284 -0.75962704 0.55128855 0.3450329 -0.89736247 0.27512363 0.34503287 -0.81321901 0.47328195 0.33864284 -0.74378651 0.47226813 0.47301626 -0.89736247 0.27512363 0.34503287 -0.89964586 0.41412389 0.13834299 -0.81321901 0.47328195 0.33864284 -0.98913652 0.064943045 0.13187616 -0.89964586 0.41412389 0.13834299 -0.89736247 0.27512363 0.34503287 -0.89964586 0.41412389 0.13834299 -0.82471567 0.54861289 0.13736068 -0.81321901 0.47328195 0.33864284 -0.89736247 0.27512363 0.34503287 -0.74378651 0.47226813 0.47301626 -0.75941879 0.34426895 0.5520525 -0.98913652 0.064943045 0.13187616 -0.97855717 0.064248435 0.19569848 -0.89964586 0.41412389 0.13834299 -0.97855717 0.064248435 0.19569848 -0.99122739 -0.00099713891 0.13216378 -0.99122739 -0.00099713891 0.13216378 -0.46480632 0.19864942 0.86284035 -0.4151676 0.13792521 0.89922887 -0.54327995 0.20310678 0.81461316 -0.39313874 0.065116629 0.91717058 -0.4151676 0.13792521 0.89922887 -0.19611597 -0.00019739939 0.98058069 -0.74048096 0.53739357 0.40360379 -0.61136919 0.40669167 0.67884427 -0.66279882 0.52914637 0.52981305 -0.61136919 0.40669167 0.67884427 -0.5939064 0.46096903 0.65938061 -0.66279882 0.52914637 0.52981305 -0.61136919 0.40669167 0.67884427 -0.53854388 0.40306205 0.73994011 -0.5939064 0.46096903 0.65938061 -0.4151676 0.13792521 0.89922887 -0.47444019 0.33816552 0.81274259 -0.53854388 0.40306205 0.73994011 -0.46480632 0.19864942 0.86284035 -0.47444019 0.33816552 0.81274259 -0.4151676 0.13792521 0.89922887 -0.82471567 0.54861289 0.13736068 -0.75962704 0.55128855 0.3450329 -0.81321901 0.47328195 0.33864284 -0.69240993 0.69101828 0.20751446 -0.75962704 0.55128855 0.3450329 -0.82471567 0.54861289 0.13736068 -0.69240993 0.69101828 0.20751446 -0.73069614 0.59661615 0.33186176 -0.75962704 0.55128855 0.3450329 -0.74048096 0.53739357 0.40360379 -0.75962704 0.55128855 0.3450329 -0.73069614 0.59661615 0.33186176 -0.4151676 0.13792521 0.89922887 -0.46480632 0.19864942 0.86284035 -0.4151676 0.13792521 0.89922887 -0.33551028 -0.067453258 0.93961847 -0.59999967 -0.00060366385 0.80000007 -0.39391902 -0.00039637164 0.91914505 -0.59860379 -0.067121297 0.79822814 -0.59999967 -0.00060366385 0.80000007 -0.33551028 -0.067453258 0.93961847 -0.59860379 -0.067121297 0.79822814 -0.73993963 -0.00074442098 0.67267287 -0.59999967 -0.00060366385 0.80000007 -0.7382037 -0.067858316 0.67115611 -0.73993963 -0.00074442098 0.67267287 -0.59860379 -0.067121297 0.79822814 -0.87839019 -0.068457447 0.4730162 -0.73993963 -0.00074442098 0.67267287 -0.7382037 -0.067858316 0.67115611 -0.91710413 -0.066434823 0.39307314 -0.87839019 -0.068457447 0.4730162 -0.7382037 -0.067858316 0.67115611 -0.27400637 -0.068794653 0.95926422 -0.39391902 -0.00039637164 0.91914505 -0.39313874 0.065116629 0.91717058 -0.27400637 -0.068794653 0.95926422 -0.33551028 -0.067453258 0.93961847 -0.39391902 -0.00039637164 0.91914505 -0.27400637 -0.068794653 0.95926422 -0.33551028 -0.067453258 0.93961847 -0.27400637 -0.068794653 0.95926422 -0.95919478 -0.069483839 0.27407554 -0.95244193 -0.13704097 0.27216557 -0.98255032 -0.13201284 0.13102441 -0.76626569 -0.14011757 0.6270597 -0.95244193 -0.13704097 0.27216557 -0.95919478 -0.069483839 0.27407554 -0.41488928 -0.13876042 0.89922881 -0.59860379 -0.067121297 0.79822814 -0.33551028 -0.067453258 0.93961847 -0.41488928 -0.13876042 0.89922881 -0.7382037 -0.067858316 0.67115611 -0.59860379 -0.067121297 0.79822814 -0.76626569 -0.14011757 0.6270597 -0.7382037 -0.067858316 0.67115611 -0.41488928 -0.13876042 0.89922881 -0.76626569 -0.14011757 0.6270597 -0.91710413 -0.066434823 0.39307314 -0.7382037 -0.067858316 0.67115611 -0.95919478 -0.069483839 0.27407554 -0.91710413 -0.066434823 0.39307314 -0.76626569 -0.14011757 0.6270597 -0.95244193 -0.13704097 0.27216557 -0.9721747 -0.1306188 0.19446117 -0.98255032 -0.13201284 0.13102441 -0.41488928 -0.13876042 0.89922881 -0.27202845 -0.13635659 0.95257932 -0.19433056 -0.12983641 0.9723056 -0.41488928 -0.13876042 0.89922881 -0.33551028 -0.067453258 0.93961847 -0.27202845 -0.13635659 0.95257932 -0.33551028 -0.067453258 0.93961847 -0.33551028 -0.067453258 0.93961847 -0.41488928 -0.13876042 0.89922881 -0.33551028 -0.067453258 0.93961847 -0.27400637 -0.068794653 0.95926422 -0.33551028 -0.067453258 0.93961847 -0.27400637 -0.068794653 0.95926422 -0.27400637 -0.068794653 0.95926422 -0.33551028 -0.067453258 0.93961847 -0.33551028 -0.067453258 0.93961847 -0.19433056 -0.12983641 0.9723056 -0.27202845 -0.13635659 0.95257932 -0.27400637 -0.068794653 0.95926422 -0.19433056 -0.12983641 0.9723056 -0.33551028 -0.067453258 0.93961847 -0.27400637 -0.068794653 0.95926422 -0.19611597 -0.00019739939 0.98058069 -0.19433056 -0.12983641 0.9723056 -0.19611597 -0.00019739939 0.98058069 -0.27400637 -0.068794653 0.95926422 -0.39313874 0.065116629 0.91717058 -0.19611597 -0.00019739939 0.98058069 -0.27400637 -0.068794653 0.95926422 -0.27400637 -0.068794653 0.95926422 -0.27400637 -0.068794653 0.95926422 -0.27400637 -0.068794653 0.95926422 -0.19611597 -0.00019739939 0.98058069 -0.52343637 0.45707792 0.71909255 -0.65133703 0.38991165 0.65094459 -0.53479099 0.2667233 0.8017838 -0.52343637 0.45707792 0.71909255 -0.69240993 0.69101828 0.20751446 -0.65133703 0.38991165 0.65094459 -0.59920603 0.53154951 0.5986712 -0.69240993 0.69101828 0.20751446 -0.52343637 0.45707792 0.71909255 -0.69240993 0.69101828 0.20751446 -0.79338074 0.39569321 0.46257311 -0.65133703 0.38991165 0.65094459 -0.82471567 0.54861289 0.13736068 -0.79338074 0.39569321 0.46257311 -0.69240993 0.69101828 0.20751446 -0.94174141 -0.00094738294 0.33633646 -0.7982946 0.065715924 0.59867114 -0.87839019 -0.068457447 0.4730162 -0.99122739 -0.00099713891 0.13216378 -0.94174141 -0.00094738294 0.33633646 -0.99778461 -0.0010037273 0.066519067 -0.99122739 -0.00099713891 0.13216378 -0.97855717 0.064248435 0.19569848 -0.94174141 -0.00094738294 0.33633646 -0.99122739 -0.00099713891 0.13216378 -0.97855717 0.064248435 0.19569848 -0.99122739 -0.00099713891 0.13216378 -0.91710413 -0.066434823 0.39307314 -0.94174141 -0.00094738294 0.33633646 -0.87839019 -0.068457447 0.4730162 -0.95919478 -0.069483839 0.27407554 -0.94174141 -0.00094738294 0.33633646 -0.91710413 -0.066434823 0.39307314 -0.99551767 -0.067373805 0.06637238 -0.94174141 -0.00094738294 0.33633646 -0.95919478 -0.069483839 0.27407554 -0.99551767 -0.067373805 0.06637238 -0.99778461 -0.0010037273 0.066519067 -0.94174141 -0.00094738294 0.33633646 -0.99778467 -0.0010037115 -0.066518947 -0.99778461 -0.0010037273 0.066519067 -0.99551767 -0.067373805 0.06637238 -0.95919478 -0.069483839 0.27407554 -0.98255032 -0.13201284 0.13102441 -0.99551767 -0.067373805 0.06637238 -0.13180964 -0.066070795 0.98907071 -0.19563265 -0.065429755 0.97849208 -0.19563265 -0.065429755 0.97849208 -0.13180964 -0.066070795 0.98907071 -0.27472091 -0.0002764696 0.96152395 -0.19563265 -0.065429755 0.97849208 -0.1321636 -0.00013306789 0.99122792 -0.27472091 -0.0002764696 0.96152395 -0.27472091 -0.0002764696 0.96152395 -0.89736247 0.27512363 0.34503287 -0.79999959 -0.00080482947 0.60000008 -0.87488019 0.40272376 0.26906919 -0.95933264 0.067553833 0.27407554 -0.79999959 -0.00080482947 0.60000008 -0.89736247 0.27512363 0.34503287 -0.95933264 0.067553833 0.27407554 -0.91914457 -0.00092465855 0.39391935 -0.79999959 -0.00080482947 0.60000008 -0.95933264 0.067553833 0.27407554 -0.98058015 -0.00098643603 0.19611619 -0.91914457 -0.00092465855 0.39391935 -0.98058015 -0.00098643603 0.19611619 -0.98058015 -0.00098643603 0.19611619 -0.95933264 0.067553833 0.27407554 -0.95933264 0.067553833 0.27407554 -0.98913652 0.064943045 0.13187616 -0.98058015 -0.00098643603 0.19611619 -0.79338074 0.39569321 0.46257311 -0.79999959 -0.00080482947 0.60000008 -0.39391902 -0.00039637164 0.91914505 -0.39391902 -0.00039637164 0.91914505 -0.33633617 -0.000338449 0.94174188 -0.1321636 -0.00013306789 0.99122792 -0.53479099 0.2667233 0.8017838 -0.13180964 -0.066070795 0.98907071 -0.52343637 0.45707792 0.71909255 -0.65133703 0.38991165 0.65094459 -0.13180964 -0.066070795 0.98907071 -0.53479099 0.2667233 0.8017838 -0.65133703 0.38991165 0.65094459 -0.39391902 -0.00039637164 0.91914505 -0.13180964 -0.066070795 0.98907071 -0.79338074 0.39569321 0.46257311 -0.39391902 -0.00039637164 0.91914505 -0.65133703 0.38991165 0.65094459 -0.1321636 -0.00013306789 0.99122792 -0.13180964 -0.066070795 0.98907071 -0.39391902 -0.00039637164 0.91914505 -0.79338074 0.39569321 0.46257311 -0.87488019 0.40272376 0.26906919 -0.79999959 -0.00080482947 0.60000008 -0.97855717 0.064248435 0.19569848 -0.98058015 -0.00098643603 0.19611619 -0.98913652 0.064943045 0.13187616 -0.97855717 0.064248435 0.19569848 -0.98058015 -0.00098643603 0.19611619 -0.98058015 -0.00098643603 0.19611619 -0.1321636 -0.00013306789 0.99122792 -0.27472091 -0.0002764696 0.96152395 -0.13180964 -0.066070795 0.98907071 -0.33633617 -0.000338449 0.94174188 -0.27472091 -0.0002764696 0.96152395 -0.1321636 -0.00013306789 0.99122792 -0.19563265 -0.065429755 0.97849208 -0.52343637 0.45707792 0.71909255 -0.13180964 -0.066070795 0.98907071 -0.86237246 -0.46547407 0.19911699 -0.89881086 -0.41593307 0.13834289 -0.86237246 -0.46547407 0.19911699 -0.20153101 -0.26927209 0.94174188 -0.26463979 -0.26517293 0.92717266 -0.20486933 -0.20528209 0.95702028 -0.20466304 -0.41035777 0.88866162 -0.26463979 -0.26517293 0.92717266 -0.20153101 -0.26927209 0.94174188 -0.20466304 -0.41035777 0.88866162 -0.47375888 -0.33911955 0.81274253 -0.26463979 -0.26517293 0.92717266 -0.48729229 -0.41853029 0.7664063 -0.47375888 -0.33911955 0.81274253 -0.20466304 -0.41035777 0.88866162 -0.48729229 -0.41853029 0.7664063 -0.65055126 -0.39122143 0.65094453 -0.47375888 -0.33911955 0.81274253 -0.57447445 -0.51167947 0.63887656 -0.65055126 -0.39122143 0.65094453 -0.48729229 -0.41853029 0.7664063 -0.57447445 -0.51167947 0.63887656 -0.76598537 -0.41881061 0.4877131 -0.65055126 -0.39122143 0.65094453 -0.7393983 -0.53888232 0.40360364 -0.76598537 -0.41881061 0.4877131 -0.57447445 -0.51167947 0.63887656 -0.7393983 -0.53888232 0.40360364 -0.86237246 -0.46547407 0.19911699 -0.76598537 -0.41881061 0.4877131 -0.75851637 -0.55281579 0.34503275 -0.86237246 -0.46547407 0.19911699 -0.7393983 -0.53888232 0.40360364 -0.75851637 -0.55281579 0.34503275 -0.86237246 -0.46547407 0.19911699 -0.86237246 -0.46547407 0.19911699 -0.81406635 -0.54389459 0.20365326 -0.86237246 -0.46547407 0.19911699 -0.75851637 -0.55281579 0.34503275 -0.20153101 -0.26927209 0.94174188 -0.20153101 -0.26927209 0.94174188 -0.20466304 -0.41035777 0.88866162 -0.33782494 -0.81308281 0.47409973 -0.19532686 -0.78466147 0.58834833 -0.20418172 -0.88886756 0.41015148 -0.33782494 -0.81308281 0.47409973 -0.33112702 -0.73042917 0.5973509 -0.19532686 -0.78466147 0.58834833 -0.48694187 -0.76689655 0.41803974 -0.33112702 -0.73042917 0.5973509 -0.33782494 -0.81308281 0.47409973 -0.48694187 -0.76689655 0.41803974 -0.55274498 -0.62309945 0.55337149 -0.33112702 -0.73042917 0.5973509 -0.67972904 -0.68109798 0.27216551 -0.55274498 -0.62309945 0.55337149 -0.48694187 -0.76689655 0.41803974 -0.67972904 -0.68109798 0.27216551 -0.75851637 -0.55281579 0.34503275 -0.55274498 -0.62309945 0.55337149 -0.78387231 -0.58913726 0.1961161 -0.75851637 -0.55281579 0.34503275 -0.67972904 -0.68109798 0.27216551 -0.33126053 -0.59768456 0.73009557 -0.48729229 -0.41853029 0.7664063 -0.20466304 -0.41035777 0.88866162 -0.33126053 -0.59768456 0.73009557 -0.57447445 -0.51167947 0.63887656 -0.48729229 -0.41853029 0.7664063 -0.55274498 -0.62309945 0.55337149 -0.57447445 -0.51167947 0.63887656 -0.33126053 -0.59768456 0.73009557 -0.55274498 -0.62309945 0.55337149 -0.7393983 -0.53888232 0.40360364 -0.57447445 -0.51167947 0.63887656 -0.75851637 -0.55281579 0.34503275 -0.7393983 -0.53888232 0.40360364 -0.55274498 -0.62309945 0.55337149 -0.66592866 -0.7340036 0.1333333 -0.41412389 -0.89964586 0.1383428 -0.59393877 -0.79358023 0.13216366 -0.47328198 -0.81321907 0.33864266 -0.41412389 -0.89964586 0.1383428 -0.66592866 -0.7340036 0.1333333 -0.47328198 -0.81321907 0.33864266 -0.32876146 -0.92346388 0.19781405 -0.41412389 -0.89964586 0.1383428 -0.33698481 -0.87879807 0.3378686 -0.32876146 -0.92346388 0.19781405 -0.47328198 -0.81321907 0.33864266 -0.67972904 -0.68109798 0.27216551 -0.66592866 -0.7340036 0.1333333 -0.73266232 -0.66740406 0.13333331 -0.67972904 -0.68109798 0.27216551 -0.47328198 -0.81321907 0.33864266 -0.66592866 -0.7340036 0.1333333 -0.48694187 -0.76689655 0.41803974 -0.47328198 -0.81321907 0.33864266 -0.67972904 -0.68109798 0.27216551 -0.67972904 -0.68109798 0.27216551 -0.73266232 -0.66740406 0.13333331 -0.78387231 -0.58913726 0.1961161 -0.33112702 -0.73042917 0.5973509 -0.20590509 -0.61979312 0.75727117 -0.20681837 -0.69192296 0.69171441 -0.33112702 -0.73042917 0.5973509 -0.20590509 -0.61979312 0.75727117 -0.20590509 -0.61979312 0.75727117 -0.33126053 -0.59768456 0.73009557 -0.20590509 -0.61979312 0.75727117 -0.33112702 -0.73042917 0.5973509 -0.33126053 -0.59768456 0.73009557 -0.19715069 -0.65957922 0.72531843 -0.20590509 -0.61979312 0.75727117 -0.20310682 -0.54328007 0.81461304 -0.19715069 -0.65957922 0.72531843 -0.33126053 -0.59768456 0.73009557 -0.41412389 -0.89964586 0.1383428 -0.2681216 -0.94201207 0.20180175 -0.19348292 -0.97250074 0.12964064 -0.32876146 -0.92346388 0.19781405 -0.2681216 -0.94201207 0.20180175 -0.41412389 -0.89964586 0.1383428 -0.33782494 -0.81308281 0.47409973 -0.47328198 -0.81321907 0.33864266 -0.48694187 -0.76689655 0.41803974 -0.33782494 -0.81308281 0.47409973 -0.33698481 -0.87879807 0.3378686 -0.47328198 -0.81321907 0.33864266 -0.20418172 -0.88886756 0.41015148 -0.33698481 -0.87879807 0.3378686 -0.33782494 -0.81308281 0.47409973 -0.20681837 -0.69192296 0.69171441 -0.19532686 -0.78466147 0.58834833 -0.33112702 -0.73042917 0.5973509 -0.20466304 -0.41035777 0.88866162 -0.20310682 -0.54328007 0.81461304 -0.33126053 -0.59768456 0.73009557 -0.20466304 -0.41035777 0.88866162 -0.12979591 -0.3906976 0.9113223 -0.20310682 -0.54328007 0.81461304 -0.12979591 -0.3906976 0.9113223 -0.12979591 -0.3906976 0.9113223 -0.20466304 -0.41035777 0.88866162 -0.20466304 -0.41035777 0.88866162 -0.19748233 -0.32988918 0.92313266 -0.19748233 -0.32988918 0.92313266 -0.20466304 -0.41035777 0.88866162 -0.19748233 -0.32988918 0.92313266 -0.19748233 -0.32988918 0.92313266 -0.20153101 -0.26927209 0.94174188 -0.19748233 -0.32988918 0.92313266 -0.20466304 -0.41035777 0.88866162 -0.20466304 -0.41035777 0.88866162 -0.12979591 -0.3906976 0.9113223 -0.12979591 -0.3906976 0.9113223 -0.20466304 -0.41035777 0.88866162 -0.1329979 -0.33346742 0.93333328 -0.12979591 -0.3906976 0.9113223 -0.19748233 -0.32988918 0.92313266 -0.1329979 -0.33346742 0.93333328 -0.20466304 -0.41035777 0.88866162 -0.55274498 -0.62309945 0.55337149 -0.33126053 -0.59768456 0.73009557 -0.33112702 -0.73042917 0.5973509 -0.78387231 -0.58913726 0.1961161 -0.81406635 -0.54389459 0.20365326 -0.75851637 -0.55281579 0.34503275 -0.2681216 -0.94201207 0.20180175 -0.32876146 -0.92346388 0.19781405 -0.33698481 -0.87879807 0.3378686 -0.66592866 -0.7340036 0.1333333 -0.59393877 -0.79358023 0.13216366 -0.73266232 -0.66740406 0.13333331 -0.59393877 -0.79358023 0.13216366 -0.59393877 -0.79358023 0.13216366 -0.66592866 -0.7340036 0.1333333 -0.81406635 -0.54389459 0.20365326 -0.87798232 -0.47389963 0.067573734 -0.86237246 -0.46547407 0.19911699 -0.78387231 -0.58913726 0.1961161 -0.82361025 -0.55027103 0.13736054 -0.81406635 -0.54389459 0.20365326 -0.78387231 -0.58913726 0.1961161 -0.73266232 -0.66740406 0.13333331 -0.82361025 -0.55027103 0.13736054 -0.13088107 -0.98920286 0.065937936 -0.13116653 -0.99136037 -1.1033545e-07 -0.27120715 -0.95285267 0.13608266 -0.86237246 -0.46547407 0.19911699 -0.87798232 -0.47389963 0.067573734 -0.89881086 -0.41593307 0.13834289 -0.47328198 -0.81321907 0.33864266 -0.66599572 -0.667337 0.33333331 -0.59393877 -0.79358023 0.13216366 -0.40662342 -0.6792537 0.61095977 -0.66599572 -0.667337 0.33333331 -0.47328198 -0.81321907 0.33864266 -0.47328198 -0.81321907 0.33864266 -0.33698481 -0.87879807 0.3378686 -0.40662342 -0.6792537 0.61095977 -0.59393877 -0.79358023 0.13216366 -0.41412389 -0.89964586 0.1383428 -0.47328198 -0.81321907 0.33864266 -0.66599572 -0.667337 0.33333331 -0.73266232 -0.66740406 0.13333331 -0.59393877 -0.79358023 0.13216366 -0.66599572 -0.667337 0.33333331 -0.82361025 -0.55027103 0.13736054 -0.73266232 -0.66740406 0.13333331 -0.82361025 -0.55027103 0.13736054 -0.73266232 -0.66740406 0.13333331 -0.73266232 -0.66740406 0.13333331 -0.59393877 -0.79358023 0.13216366 -0.73266232 -0.66740406 0.13333331 -0.73266232 -0.66740406 0.13333331 -0.32929206 -0.39595982 0.8571946 -0.1329979 -0.33346742 0.93333328 -0.19748233 -0.32988918 0.92313266 -0.32929206 -0.39595982 0.8571946 -0.27619851 -0.48447829 0.83005732 -0.1329979 -0.33346742 0.93333328 -0.40662342 -0.6792537 0.61095977 -0.27619851 -0.48447829 0.83005732 -0.32929206 -0.39595982 0.8571946 -0.40662342 -0.6792537 0.61095977 -0.20310682 -0.54328007 0.81461304 -0.27619851 -0.48447829 0.83005732 -0.40662342 -0.6792537 0.61095977 -0.59813541 -0.53275406 0.59867108 -0.66599572 -0.667337 0.33333331 -0.32929206 -0.39595982 0.8571946 -0.59813541 -0.53275406 0.59867108 -0.40662342 -0.6792537 0.61095977 -0.74283487 -0.47376373 0.47301617 -0.66599572 -0.667337 0.33333331 -0.59813541 -0.53275406 0.59867108 -0.82956988 -0.48503491 0.27668577 -0.82361025 -0.55027103 0.13736054 -0.66599572 -0.667337 0.33333331 -0.1329979 -0.33346742 0.93333328 -0.27619851 -0.48447829 0.83005732 -0.1329979 -0.33346742 0.93333328 -0.19748233 -0.32988918 0.92313266 -0.32929206 -0.39595982 0.8571946 -0.19748233 -0.32988918 0.92313266 -0.19748233 -0.32988918 0.92313266 -0.32929206 -0.39595982 0.8571946 -0.19748233 -0.32988918 0.92313266 -0.81406635 -0.54389459 0.20365326 -0.82361025 -0.55027103 0.13736054 -0.87798232 -0.47389963 0.067573734 -0.82361025 -0.55027103 0.13736054 -0.87202978 -0.4706867 0.13423121 -0.87798232 -0.47389963 0.067573734 -0.33752859 -0.3382085 0.87845862 -0.39529637 -0.33008817 0.8571946 -0.20153101 -0.26927209 0.94174188 -0.82956988 -0.48503491 0.27668577 -0.89881086 -0.41593307 0.13834289 -0.87202978 -0.4706867 0.13423121 -0.32929206 -0.39595982 0.8571946 -0.53773189 -0.40414488 0.73994005 -0.59813541 -0.53275406 0.59867108 -0.39529637 -0.33008817 0.8571946 -0.53773189 -0.40414488 0.73994005 -0.32929206 -0.39595982 0.8571946 -0.65891582 -0.46222946 0.59344244 -0.59813541 -0.53275406 0.59867108 -0.53773189 -0.40414488 0.73994005 -0.74283487 -0.47376373 0.47301617 -0.59813541 -0.53275406 0.59867108 -0.65891582 -0.46222946 0.59344244 -0.82956988 -0.48503491 0.27668577 -0.66599572 -0.667337 0.33333331 -0.74283487 -0.47376373 0.47301617 -0.87202978 -0.4706867 0.13423121 -0.82361025 -0.55027103 0.13736054 -0.82956988 -0.48503491 0.27668577 -0.19748233 -0.32988918 0.92313266 -0.39529637 -0.33008817 0.8571946 -0.32929206 -0.39595982 0.8571946 -0.20153101 -0.26927209 0.94174188 -0.39529637 -0.33008817 0.8571946 -0.19748233 -0.32988918 0.92313266 -0.87798232 -0.47389963 0.067573734 -0.87202978 -0.4706867 0.13423121 -0.89881086 -0.41593307 0.13834289 -0.40662342 -0.6792537 0.61095977 -0.33698481 -0.87879807 0.3378686 -0.27016458 -0.74528623 0.60955685 -0.47328198 -0.81321907 0.33864266 -0.41412389 -0.89964586 0.1383428 -0.33698481 -0.87879807 0.3378686 -0.13239437 -0.93346703 0.33333325 -0.27120715 -0.95285267 0.13608266 -0.13116653 -0.99136037 -1.1033545e-07 -0.13239437 -0.93346703 0.33333325 -0.33698481 -0.87879807 0.3378686 -0.27120715 -0.95285267 0.13608266 -0.13335343 -0.87263751 0.46980914 -0.33698481 -0.87879807 0.3378686 -0.13239437 -0.93346703 0.33333325 -0.13335343 -0.87263751 0.46980914 -0.27016458 -0.74528623 0.60955685 -0.33698481 -0.87879807 0.3378686 -0.13136591 -0.79311496 0.5947367 -0.27016458 -0.74528623 0.60955685 -0.13335343 -0.87263751 0.46980914 -0.33698481 -0.87879807 0.3378686 -0.41412389 -0.89964586 0.1383428 -0.27120715 -0.95285267 0.13608266 -0.13116653 -0.99136037 -1.1033545e-07 -0.065370783 -0.99565125 0.066372216 -0.13239437 -0.93346703 0.33333325 -0.27016458 -0.74528623 0.60955685 -0.20310682 -0.54328007 0.81461304 -0.40662342 -0.6792537 0.61095977 -0.27016458 -0.74528623 0.60955685 -0.13266259 -0.66680056 0.73333329 -0.20310682 -0.54328007 0.81461304 -0.13136591 -0.79311496 0.5947367 -0.13266259 -0.66680056 0.73333329 -0.27016458 -0.74528623 0.60955685 -0.1329979 -0.33346742 0.93333328 -0.20310682 -0.54328007 0.81461304 -0.065116681 -0.39313889 0.91717046 -0.1329979 -0.33346742 0.93333328 -0.27619851 -0.48447829 0.83005732 -0.20310682 -0.54328007 0.81461304 -0.20310682 -0.54328007 0.81461304 -0.064845875 -0.52304196 0.84983653 -0.065116681 -0.39313889 0.91717046 -0.13266259 -0.66680056 0.73333329 -0.064845875 -0.52304196 0.84983653 -0.20310682 -0.54328007 0.81461304 -0.064845875 -0.52304196 0.84983653 -0.067097828 -0.473084 0.87845856 -0.065116681 -0.39313889 0.91717046 0.39215025 0.91756546 0.06551227 0.46893132 0.87297499 0.13423128 0.40925744 0.88907379 0.20507586 0.39215025 0.91756546 0.06551227 0.54225564 0.81515896 0.20365334 0.46893132 0.87297499 0.13423128 -0.74283487 -0.47376373 0.47301617 -0.87811828 -0.33875224 0.33786869 -0.82956988 -0.48503491 0.27668577 -0.65891582 -0.46222946 0.59344244 -0.67843413 -0.40798929 0.61095983 -0.74283487 -0.47376373 0.47301617 0.67041308 0.73894644 0.06711565 0.73266238 0.66740406 0.13333337 0.66592866 0.7340036 0.13333338 0.67041308 0.73894644 0.06711565 0.82361025 0.55027097 0.13736057 0.73266238 0.66740406 0.13333337 0.87798238 0.4738996 0.067573749 0.82361025 0.55027097 0.13736057 0.67041308 0.73894644 0.06711565 0.87798238 0.4738996 0.067573749 0.87202984 0.47068667 0.13423121 0.82361025 0.55027097 0.13736057 0.67041308 0.73894644 0.06711565 0.54225564 0.81515896 0.20365334 0.39215025 0.91756546 0.06551227 0.67041308 0.73894644 0.06711565 0.62628841 0.76703668 0.13934666 0.54225564 0.81515896 0.20365334 0.67041308 0.73894644 0.06711565 0.62628841 0.76703668 0.13934666 0.67041308 0.73894644 0.06711565 0.66592866 0.7340036 0.13333338 0.67041308 0.73894644 0.06711565 0.67041308 0.73894644 0.06711565 -0.13088107 -0.98920286 0.065937936 0.0010059475 -0.99999952 -1.1923917e-07 -0.13116653 -0.99136037 -1.1033545e-07 -0.064845875 -0.52304196 0.84983653 0.00060361618 -0.59999985 0.79999995 -0.067097828 -0.473084 0.87845856 -0.13266259 -0.66680056 0.73333329 0.00060361618 -0.59999985 0.79999995 -0.064845875 -0.52304196 0.84983653 -0.13266259 -0.66680056 0.73333329 0.00080479373 -0.79999965 0.5999999 0.00060361618 -0.59999985 0.79999995 -0.13136591 -0.79311496 0.5947367 0.00080479373 -0.79999965 0.5999999 -0.13266259 -0.66680056 0.73333329 0.0010059475 -0.99999952 -1.1923917e-07 0.0009246351 -0.91914463 0.39391917 -0.065370783 -0.99565125 0.066372216 -0.13335343 -0.87263751 0.46980914 0.00080479373 -0.79999965 0.5999999 -0.13136591 -0.79311496 0.5947367 -0.13335343 -0.87263751 0.46980914 0.0009246351 -0.91914463 0.39391917 0.00080479373 -0.79999965 0.5999999 -0.13239437 -0.93346703 0.33333325 0.0009246351 -0.91914463 0.39391917 -0.13335343 -0.87263751 0.46980914 -0.13239437 -0.93346703 0.33333325 -0.0645895 -0.91723603 0.39307296 0.0009246351 -0.91914463 0.39391917 0.00060361618 -0.59999985 0.79999995 0.00027641229 -0.27472109 0.96152389 0.00039631687 -0.3939192 0.91914499 0.00060361618 -0.59999985 0.79999995 0.00039631687 -0.3939192 0.91914499 -0.067097828 -0.473084 0.87845856 -0.00094732281 0.94174135 0.33633652 -0.069483787 0.95919478 0.2740756 -0.00098640099 0.98058015 0.19611625 0.39476579 0.85759211 0.32969034 0.3323943 0.93366814 0.13333343 0.40925744 0.88907379 0.20507586 0.39476579 0.85759211 0.32969034 0.27120715 0.95285261 0.13608287 0.3323943 0.93366814 0.13333343 0.20418176 0.8888675 0.41015166 0.27120715 0.95285261 0.13608287 0.39476579 0.85759211 0.32969034 0.20418176 0.8888675 0.41015166 0.19348295 0.97250068 0.12964085 0.27120715 0.95285261 0.13608287 0.13088109 0.98920286 0.06593816 0.19348295 0.97250068 0.12964085 0.20418176 0.8888675 0.41015166 0.40925744 0.88907379 0.20507586 0.39476579 0.85759211 0.32969034 0.40925744 0.88907379 0.20507586 0.46893132 0.87297499 0.13423128 0.39476579 0.85759211 0.32969034 0.40925744 0.88907379 0.20507586 -0.00094732281 0.94174135 0.33633652 0.13088109 0.98920286 0.06593816 0.20418176 0.8888675 0.41015166 -0.00098640099 0.98058015 0.19611625 0.13088109 0.98920286 0.06593816 -0.00094732281 0.94174135 0.33633652 0.13003577 0.98281395 0.13102446 0.19348295 0.97250068 0.12964085 0.13088109 0.98920286 0.06593816 0.13003577 0.98281395 0.13102446 0.27120715 0.95285261 0.13608287 0.19348295 0.97250068 0.12964085 0.39215025 0.91756546 0.06551227 0.27120715 0.95285261 0.13608287 0.13003577 0.98281395 0.13102446 0.39215025 0.91756546 0.06551227 0.3323943 0.93366814 0.13333343 0.27120715 0.95285261 0.13608287 0.40925744 0.88907379 0.20507586 0.3323943 0.93366814 0.13333343 0.39215025 0.91756546 0.06551227 0.39215025 0.91756546 0.06551227 0.40925744 0.88907379 0.20507586 0.40925744 0.88907379 0.20507586 0.13003577 0.98281395 0.13102446 -0.00098640099 0.98058015 0.19611625 -0.069483787 0.95919478 0.2740756 0.13088109 0.98920286 0.06593816 -0.00098640099 0.98058015 0.19611625 0.13003577 0.98281395 0.13102446 -0.13116653 -0.99136037 -1.1033545e-07 0.0010059475 -0.99999952 -1.1923917e-07 -0.064943068 -0.98913652 -0.13187622 0.00039631687 -0.3939192 0.91914499 0.00019734094 -0.19611615 0.98058069 -0.067097828 -0.473084 0.87845856 0.00027641229 -0.27472109 0.96152389 0.00019734094 -0.19611615 0.98058069 0.00039631687 -0.3939192 0.91914499 -0.65891582 -0.46222946 0.59344244 -0.53773189 -0.40414488 0.73994005 -0.67843413 -0.40798929 0.61095983 -0.53773189 -0.40414488 0.73994005 -0.39529637 -0.33008817 0.8571946 -0.47375888 -0.33911955 0.81274253 0.41754901 0.48813328 0.76640636 0.39476579 0.85759211 0.32969034 0.5512886 0.75962704 0.34503284 0.26672345 0.53479093 0.8017838 0.39476579 0.85759211 0.32969034 0.41754901 0.48813328 0.76640636 0.26672345 0.53479093 0.8017838 0.20418176 0.8888675 0.41015166 0.39476579 0.85759211 0.32969034 0.13871579 0.62719947 0.76640636 0.20418176 0.8888675 0.41015166 0.26672345 0.53479093 0.8017838 0.13871579 0.62719947 0.76640636 -0.00094732281 0.94174135 0.33633652 0.20418176 0.8888675 0.41015166 -0.00060352084 0.59999961 0.80000007 -0.00094732281 0.94174135 0.33633652 0.13871579 0.62719947 0.76640636 0.5512886 0.75962704 0.34503284 0.62628841 0.76703668 0.13934666 0.67041308 0.73894644 0.06711565 0.54225564 0.81515896 0.20365334 0.62628841 0.76703668 0.13934666 0.5512886 0.75962704 0.34503284 0.46893132 0.87297499 0.13423128 0.5512886 0.75962704 0.34503284 0.39476579 0.85759211 0.32969034 0.54225564 0.81515896 0.20365334 0.5512886 0.75962704 0.34503284 0.46893132 0.87297499 0.13423128 0.065805413 0.13194224 0.98907071 0.00019734094 -0.19611615 0.98058069 0.00013300881 -0.13216376 0.99122792 0.065805413 0.13194224 0.98907071 0.00013300881 -0.13216376 0.99122792 0.00019734094 -0.19611615 0.98058069 0.26672345 0.53479093 0.8017838 0.065805413 0.13194224 0.98907071 0.13871579 0.62719947 0.76640636 -0.00013289071 0.13216354 0.99122792 0.00013300881 -0.13216376 0.99122792 0.00019734094 -0.19611615 0.98058069 -0.00013289071 0.13216354 0.99122792 0.065805413 0.13194224 0.98907071 0.00013300881 -0.13216376 0.99122792 -0.00060352084 0.59999961 0.80000007 0.065805413 0.13194224 0.98907071 -0.00013289071 0.13216354 0.99122792 0.065805413 0.13194224 0.98907071 0.13871579 0.62719947 0.76640636 0.065805413 0.13194224 0.98907071 -0.00060352084 0.59999961 0.80000007 0.13871579 0.62719947 0.76640636 0.065805413 0.13194224 0.98907071 0.87798238 0.4738996 0.067573749 0.87202984 0.47068667 0.13423121 0.87798238 0.4738996 0.067573749 -0.19748233 -0.32988918 0.92313266 -0.06503585 -0.19576406 0.97849208 -0.20153101 -0.26927209 0.94174188 -0.067097828 -0.473084 0.87845856 0.00013300881 -0.13216376 0.99122792 0.00019734094 -0.19611615 0.98058069 -0.067097828 -0.473084 0.87845856 0.00019734094 -0.19611615 0.98058069 0.00013300881 -0.13216376 0.99122792 0.00039631687 -0.3939192 0.91914499 0.00013300881 -0.13216376 0.99122792 0.00019734094 -0.19611615 0.98058069 0.00019734094 -0.19611615 0.98058069 0.00013300881 -0.13216376 0.99122792 0.00039631687 -0.3939192 0.91914499 0.67822927 0.61164236 0.40730658 0.66592866 0.7340036 0.13333338 0.73266238 0.66740406 0.13333337 0.67041308 0.73894644 0.06711565 0.66592866 0.7340036 0.13333338 0.67822927 0.61164236 0.40730658 0.5512886 0.75962704 0.34503284 0.67041308 0.73894644 0.06711565 0.67822927 0.61164236 0.40730658 0.065805413 0.13194224 0.98907071 0.00013300881 -0.13216376 0.99122792 0.065805413 0.13194224 0.98907071 0.065805413 0.13194224 0.98907071 0.00019734094 -0.19611615 0.98058069 0.00013300881 -0.13216376 0.99122792 -0.20153101 -0.26927209 0.94174188 -0.06503585 -0.19576406 0.97849208 -0.33752859 -0.3382085 0.87845862 -0.19748233 -0.32988918 0.92313266 -0.06503585 -0.19576406 0.97849208 0.00013300881 -0.13216376 0.99122792 -0.19748233 -0.32988918 0.92313266 -0.19748233 -0.32988918 0.92313266 -0.06503585 -0.19576406 0.97849208 -0.19748233 -0.32988918 0.92313266 -0.19748233 -0.32988918 0.92313266 -0.06503585 -0.19576406 0.97849208 -0.19748233 -0.32988918 0.92313266 -0.1329979 -0.33346742 0.93333328 -0.06503585 -0.19576406 0.97849208 -0.1329979 -0.33346742 0.93333328 -0.06503585 -0.19576406 0.97849208 -0.06503585 -0.19576406 0.97849208 -0.1329979 -0.33346742 0.93333328 -0.1329979 -0.33346742 0.93333328 -0.06503585 -0.19576406 0.97849208 -0.06503585 -0.19576406 0.97849208 -0.1329979 -0.33346742 0.93333328 0.00019734094 -0.19611615 0.98058069 -0.1329979 -0.33346742 0.93333328 -0.065116681 -0.39313889 0.91717046 0.00019734094 -0.19611615 0.98058069 -0.065116681 -0.39313889 0.91717046 -0.067097828 -0.473084 0.87845856 0.00019734094 -0.19611615 0.98058069 0.00019734094 -0.19611615 0.98058069 -0.067097828 -0.473084 0.87845856 0.00019734094 -0.19611615 0.98058069 0.00019734094 -0.19611615 0.98058069 -0.067097828 -0.473084 0.87845856 0.00019734094 -0.19611615 0.98058069 -0.61937743 -0.20715177 0.75727123 -0.46440572 -0.19958436 0.86284029 -0.40994501 -0.20548838 0.88866168 -0.61937743 -0.20715177 0.75727123 -0.4839215 -0.2771728 0.83005738 -0.46440572 -0.19958436 0.86284029 -0.74474108 -0.27166358 0.60955691 -0.4839215 -0.2771728 0.83005738 -0.61937743 -0.20715177 0.75727123 -0.74474108 -0.27166358 0.60955691 -0.47375888 -0.33911955 0.81274253 -0.4839215 -0.2771728 0.83005738 -0.67843413 -0.40798929 0.61095983 -0.47375888 -0.33911955 0.81274253 -0.74474108 -0.27166358 0.60955691 -0.67843413 -0.40798929 0.61095983 -0.53773189 -0.40414488 0.73994005 -0.47375888 -0.33911955 0.81274253 -0.8742035 -0.26994869 0.4036037 -0.94147074 -0.27001634 0.20180187 -0.95898801 -0.27504033 0.068518892 -0.8742035 -0.26994869 0.4036037 -0.88845491 -0.20596968 0.4101516 -0.94147074 -0.27001634 0.20180187 -0.74474108 -0.27166358 0.60955691 -0.88845491 -0.20596968 0.4101516 -0.8742035 -0.26994869 0.4036037 -0.74474108 -0.27166358 0.60955691 -0.76626569 -0.14011757 0.6270597 -0.88845491 -0.20596968 0.4101516 -0.61937743 -0.20715177 0.75727123 -0.76626569 -0.14011757 0.6270597 -0.74474108 -0.27166358 0.60955691 -0.87811828 -0.33875224 0.33786869 -0.8740682 -0.40448317 0.26906911 -0.93928039 -0.33652306 0.06711562 -0.8742035 -0.26994869 0.4036037 -0.8740682 -0.40448317 0.26906911 -0.87811828 -0.33875224 0.33786869 -0.8742035 -0.26994869 0.4036037 -0.92690569 -0.26583904 0.2649065 -0.8740682 -0.40448317 0.26906911 -0.95898801 -0.27504033 0.068518892 -0.92690569 -0.26583904 0.2649065 -0.8742035 -0.26994869 0.4036037 -0.4839215 -0.2771728 0.83005738 -0.26886591 -0.20207252 0.94174188 -0.20486933 -0.20528209 0.95702028 -0.4839215 -0.2771728 0.83005738 -0.26463979 -0.26517293 0.92717266 -0.26886591 -0.20207252 0.94174188 -0.47375888 -0.33911955 0.81274253 -0.26463979 -0.26517293 0.92717266 -0.4839215 -0.2771728 0.83005738 -0.47375888 -0.33911955 0.81274253 -0.20153101 -0.26927209 0.94174188 -0.26463979 -0.26517293 0.92717266 -0.20153101 -0.26927209 0.94174188 -0.20153101 -0.26927209 0.94174188 -0.47375888 -0.33911955 0.81274253 -0.20153101 -0.26927209 0.94174188 -0.47375888 -0.33911955 0.81274253 -0.33752859 -0.3382085 0.87845862 -0.4839215 -0.2771728 0.83005738 -0.20486933 -0.20528209 0.95702028 -0.46440572 -0.19958436 0.86284029 -0.88845491 -0.20596968 0.4101516 -0.95681351 -0.20603842 0.20507582 -0.94147074 -0.27001634 0.20180187 -0.88845491 -0.20596968 0.4101516 -0.98255032 -0.13201284 0.13102441 -0.95681351 -0.20603842 0.20507582 -0.87811828 -0.33875224 0.33786869 -0.74474108 -0.27166358 0.60955691 -0.8742035 -0.26994869 0.4036037 -0.67843413 -0.40798929 0.61095983 -0.74474108 -0.27166358 0.60955691 -0.87811828 -0.33875224 0.33786869 -0.40994501 -0.20548838 0.88866168 -0.19433056 -0.12983641 0.9723056 -0.61937743 -0.20715177 0.75727123 0.91914463 0.00092456467 0.39391923 0.67122328 -0.066440508 0.73827159 0.59873772 -0.065916836 0.79822809 0.91914463 0.00092456467 0.39391923 0.99122745 0.00099710748 0.13216366 0.91723597 -0.064589567 0.39307302 -0.065805294 -0.13194248 0.98907071 0.27230236 -0.13580903 0.95257926 0.19459149 -0.12944518 0.9723056 -0.065805294 -0.13194248 0.98907071 0.27230236 -0.13580903 0.95257926 -0.065805294 -0.13194248 0.98907071 0.27230236 -0.13580903 0.95257926 0.59873772 -0.065916836 0.79822809 0.67122328 -0.066440508 0.73827159 0.91914463 0.00092456467 0.39391923 0.98255032 0.1320128 0.13102432 0.99122745 0.00099710748 0.13216366 0.91914463 0.00092456467 0.39391923 0.95244199 0.13704091 0.27216551 0.98255032 0.1320128 0.13102432 0.73993969 0.00074426061 0.67267275 0.95244199 0.13704091 0.27216551 0.91914463 0.00092456467 0.39391923 0.73993969 0.00074426061 0.67267275 0.89673775 0.34593499 0.27602622 0.95244199 0.13704091 0.27216551 0.62691927 0.13997723 0.7664063 0.89673775 0.34593499 0.27602622 0.73993969 0.00074426061 0.67267275 0.62691927 0.13997723 0.7664063 0.81226522 0.47491711 0.33864272 0.89673775 0.34593499 0.27602622 0.27414432 -0.068243243 0.95926422 0.59873772 -0.065916836 0.79822809 0.27230236 -0.13580903 0.95257926 0.73993969 0.00074426061 0.67267275 0.59873772 -0.065916836 0.79822809 0.27414432 -0.068243243 0.95926422 0.73993969 0.00074426061 0.67267275 0.91914463 0.00092456467 0.39391923 0.59873772 -0.065916836 0.79822809 -0.06503585 -0.19576406 0.97849208 0.27230236 -0.13580903 0.95257926 -0.065805294 -0.13194248 0.98907071 -0.06503585 -0.19576406 0.97849208 0.27414432 -0.068243243 0.95926422 0.27230236 -0.13580903 0.95257926 -0.06503585 -0.19576406 0.97849208 0.27414432 -0.068243243 0.95926422 -0.06503585 -0.19576406 0.97849208 0.95244199 0.13704091 0.27216551 0.95681351 0.20603837 0.20507576 0.98255032 0.1320128 0.13102432 0.95244199 0.13704091 0.27216551 0.95681351 0.20603837 0.20507576 0.95681351 0.20603837 0.20507576 0.95230508 0.27312362 0.13608274 0.95681351 0.20603837 0.20507576 0.95244199 0.13704091 0.27216551 0.89673775 0.34593499 0.27602622 0.91677463 0.39399549 0.065512173 0.92280054 0.33061868 0.19781412 0.89673775 0.34593499 0.27602622 0.87798238 0.4738996 0.067573749 0.91677463 0.39399549 0.065512173 0.89673775 0.34593499 0.27602622 0.95230508 0.27312362 0.13608274 0.95244199 0.13704091 0.27216551 0.89673775 0.34593499 0.27602622 0.92280054 0.33061868 0.19781412 0.95230508 0.27312362 0.13608274 0.19576401 -0.065036029 0.97849208 -0.06503585 -0.19576406 0.97849208 0.19611609 0.00019716566 0.98058069 0.19576401 -0.065036029 0.97849208 -0.06503585 -0.19576406 0.97849208 -0.06503585 -0.19576406 0.97849208 -0.06503585 -0.19576406 0.97849208 -0.06503585 -0.19576406 0.97849208 0.19576401 -0.065036029 0.97849208 0.19576401 -0.065036029 0.97849208 -0.065805294 -0.13194248 0.98907071 -0.06503585 -0.19576406 0.97849208 0.19576401 -0.065036029 0.97849208 0.27414432 -0.068243243 0.95926422 -0.065805294 -0.13194248 0.98907071 0.62691927 0.13997723 0.7664063 0.27414432 -0.068243243 0.95926422 0.19576401 -0.065036029 0.97849208 0.27414432 -0.068243243 0.95926422 -0.06503585 -0.19576406 0.97849208 -0.065805294 -0.13194248 0.98907071 0.62691927 0.13997723 0.7664063 0.19576401 -0.065036029 0.97849208 0.6092841 0.27152714 0.74501401 0.62691927 0.13997723 0.7664063 0.73993969 0.00074426061 0.67267275 0.27414432 -0.068243243 0.95926422 0.97829473 0.19668263 0.065232769 0.98255032 0.1320128 0.13102432 0.95681351 0.20603837 0.20507576 0.97829473 0.19668263 0.065232769 0.99122745 0.00099710748 0.13216366 0.98255032 0.1320128 0.13102432 0.95681351 0.20603837 0.20507576 0.95230508 0.27312362 0.13608274 0.97829473 0.19668263 0.065232769 0.97829473 0.19668263 0.065232769 0.95681351 0.20603837 0.20507576 0.95681351 0.20603837 0.20507576 0.99122745 0.00099710748 0.13216366 0.99122745 0.00099710748 0.13216366 0.99999952 0.0010059475 -5.9454738e-08 -0.9721747 -0.1306188 0.19446117 -0.98255032 -0.13201284 0.13102441 -0.9721747 -0.1306188 0.19446117 -0.9721747 -0.1306188 0.19446117 -0.95681351 -0.20603842 0.20507582 -0.98255032 -0.13201284 0.13102441 -0.97829473 -0.19668265 0.065232843 -0.95681351 -0.20603842 0.20507582 -0.9721747 -0.1306188 0.19446117 -0.97829473 -0.19668265 0.065232843 -0.94147074 -0.27001634 0.20180187 -0.95681351 -0.20603842 0.20507582 -0.97829473 -0.19668265 0.065232843 -0.95898801 -0.27504033 0.068518892 -0.94147074 -0.27001634 0.20180187 -0.95230502 -0.27312365 0.1360828 -0.92690569 -0.26583904 0.2649065 -0.95898801 -0.27504033 0.068518892 -0.40994501 -0.20548838 0.88866168 -0.065805294 -0.13194248 0.98907071 -0.13089243 -0.13115622 0.98268265 -0.46440572 -0.19958436 0.86284029 -0.065805294 -0.13194248 0.98907071 -0.40994501 -0.20548838 0.88866168 -0.46440572 -0.19958436 0.86284029 -0.065805294 -0.13194248 0.98907071 -0.065805294 -0.13194248 0.98907071 -0.06503585 -0.19576406 0.97849208 -0.065805294 -0.13194248 0.98907071 -0.46440572 -0.19958436 0.86284029 -0.20486933 -0.20528209 0.95702028 -0.06503585 -0.19576406 0.97849208 -0.46440572 -0.19958436 0.86284029 -0.20486933 -0.20528209 0.95702028 -0.06503585 -0.19576406 0.97849208 -0.06503585 -0.19576406 0.97849208 -0.26886591 -0.20207252 0.94174188 -0.06503585 -0.19576406 0.97849208 -0.20486933 -0.20528209 0.95702028 -0.26886591 -0.20207252 0.94174188 -0.065805294 -0.13194248 0.98907071 -0.06503585 -0.19576406 0.97849208 -0.06503585 -0.19576406 0.97849208 -0.065805294 -0.13194248 0.98907071 -0.26886591 -0.20207252 0.94174188 -0.26463979 -0.26517293 0.92717266 -0.06503585 -0.19576406 0.97849208 -0.26886591 -0.20207252 0.94174188 -0.26463979 -0.26517293 0.92717266 -0.06503585 -0.19576406 0.97849208 -0.06503585 -0.19576406 0.97849208 -0.20153101 -0.26927209 0.94174188 -0.06503585 -0.19576406 0.97849208 -0.26463979 -0.26517293 0.92717266 -0.20153101 -0.26927209 0.94174188 -0.06503585 -0.19576406 0.97849208 -0.06503585 -0.19576406 0.97849208 -0.20153101 -0.26927209 0.94174188 -0.06503585 -0.19576406 0.97849208 -0.20153101 -0.26927209 0.94174188 -0.20153101 -0.26927209 0.94174188 -0.06503585 -0.19576406 0.97849208 -0.06503585 -0.19576406 0.97849208 -0.06503585 -0.19576406 0.97849208 -0.06503585 -0.19576406 0.97849208 -0.20153101 -0.26927209 0.94174188 -0.61937743 -0.20715177 0.75727123 -0.62691915 -0.13997741 0.7664063 -0.76626569 -0.14011757 0.6270597 -0.4696739 -0.13470384 0.87250286 -0.62691915 -0.13997741 0.7664063 -0.61937743 -0.20715177 0.75727123 -0.79816079 -0.067322023 0.59867114 -0.76626569 -0.14011757 0.6270597 -0.62691915 -0.13997741 0.7664063 -0.87839019 -0.068457447 0.4730162 -0.76626569 -0.14011757 0.6270597 -0.79816079 -0.067322023 0.59867114 -0.87839019 -0.068457447 0.4730162 -0.88845491 -0.20596968 0.4101516 -0.76626569 -0.14011757 0.6270597 -0.93955046 -0.068060815 0.33557808 -0.88845491 -0.20596968 0.4101516 -0.87839019 -0.068457447 0.4730162 -0.93955046 -0.068060815 0.33557808 -0.97842598 -0.06621711 0.19569847 -0.88845491 -0.20596968 0.4101516 -0.9890039 -0.066932984 0.13187614 -0.97842598 -0.06621711 0.19569847 -0.93955046 -0.068060815 0.33557808 -0.33319899 -0.13366871 0.93333334 -0.61937743 -0.20715177 0.75727123 -0.19433056 -0.12983641 0.9723056 -0.41488928 -0.13876042 0.89922881 -0.61937743 -0.20715177 0.75727123 -0.33319899 -0.13366871 0.93333334 -0.41488928 -0.13876042 0.89922881 -0.4696739 -0.13470384 0.87250286 -0.61937743 -0.20715177 0.75727123 -0.33551028 -0.067453258 0.93961847 -0.4696739 -0.13470384 0.87250286 -0.41488928 -0.13876042 0.89922881 -0.98893756 -0.13287099 0.065938093 -0.98255032 -0.13201284 0.13102441 -0.88845491 -0.20596968 0.4101516 -0.97842598 -0.06621711 0.19569847 -0.98893756 -0.13287099 0.065938093 -0.88845491 -0.20596968 0.4101516 -0.79999959 -0.00080482947 0.60000008 -0.4729479 -0.068049639 0.87845862 -0.47409952 -0.00047702444 0.88047111 -0.79816079 -0.067322023 0.59867114 -0.4729479 -0.068049639 0.87845862 -0.79999959 -0.00080482947 0.60000008 -0.79816079 -0.067322023 0.59867114 -0.62691915 -0.13997741 0.7664063 -0.4729479 -0.068049639 0.87845862 -0.79816079 -0.067322023 0.59867114 -0.62691915 -0.13997741 0.7664063 -0.79816079 -0.067322023 0.59867114 -0.94174141 -0.00094738294 0.33633646 -0.99778461 -0.0010037273 0.066519067 -0.99122739 -0.00099713891 0.13216378 -0.96152347 -0.00096727529 0.27472118 -0.99778461 -0.0010037273 0.066519067 -0.94174141 -0.00094738294 0.33633646 -0.47409952 -0.00047702444 0.88047111 -0.27472091 -0.0002764696 0.96152395 -0.19611597 -0.00019739939 0.98058069 -0.47409952 -0.00047702444 0.88047111 -0.27472091 -0.0002764696 0.96152395 -0.27472091 -0.0002764696 0.96152395 -0.4729479 -0.068049639 0.87845862 -0.27472091 -0.0002764696 0.96152395 -0.47409952 -0.00047702444 0.88047111 -0.4729479 -0.068049639 0.87845862 -0.19611597 -0.00019739939 0.98058069 -0.27472091 -0.0002764696 0.96152395 -0.27400637 -0.068794653 0.95926422 -0.19611597 -0.00019739939 0.98058069 -0.4729479 -0.068049639 0.87845862 -0.4729479 -0.068049639 0.87845862 -0.33551028 -0.067453258 0.93961847 -0.27400637 -0.068794653 0.95926422 -0.4729479 -0.068049639 0.87845862 -0.4696739 -0.13470384 0.87250286 -0.33551028 -0.067453258 0.93961847 -0.62691915 -0.13997741 0.7664063 -0.4696739 -0.13470384 0.87250286 -0.4729479 -0.068049639 0.87845862 -0.93955046 -0.068060815 0.33557808 -0.94174141 -0.00094738294 0.33633646 -0.9890039 -0.066932984 0.13187614 -0.87839019 -0.068457447 0.4730162 -0.94174141 -0.00094738294 0.33633646 -0.93955046 -0.068060815 0.33557808 -0.87839019 -0.068457447 0.4730162 -0.79816079 -0.067322023 0.59867114 -0.94174141 -0.00094738294 0.33633646 -0.79816079 -0.067322023 0.59867114 -0.79816079 -0.067322023 0.59867114 -0.87839019 -0.068457447 0.4730162 -0.94174141 -0.00094738294 0.33633646 -0.79999959 -0.00080482947 0.60000008 -0.96152347 -0.00096727529 0.27472118 -0.79816079 -0.067322023 0.59867114 -0.79999959 -0.00080482947 0.60000008 -0.94174141 -0.00094738294 0.33633646 -0.94174141 -0.00094738294 0.33633646 -0.99122739 -0.00099713891 0.13216378 -0.9890039 -0.066932984 0.13187614 -0.99122739 -0.00099713891 0.13216378 -0.99122739 -0.00099713891 0.13216378 -0.94174141 -0.00094738294 0.33633646 0.91723597 -0.064589567 0.39307302 0.67122328 -0.066440508 0.73827159 0.91914463 0.00092456467 0.39391923 0.91723597 -0.064589567 0.39307302 0.67122328 -0.066440508 0.73827159 0.67122328 -0.066440508 0.73827159 0.94174141 0.00094730279 0.33633634 0.67122328 -0.066440508 0.73827159 0.91723597 -0.064589567 0.39307302 0.94174141 0.00094730279 0.33633634 0.67267251 0.0006765853 0.73993999 0.67122328 -0.066440508 0.73827159 0.94174141 0.00094730279 0.33633634 0.67267251 0.0006765853 0.73993999 0.94174141 0.00094730279 0.33633634 0.94174141 0.00094730279 0.33633634 0.67267251 0.0006765853 0.73993999 0.67267251 0.0006765853 0.73993999 0.94174141 0.00094730279 0.33633634 0.67267251 0.0006765853 0.73993999 0.94174141 0.00094730279 0.33633634 0.19576401 -0.065036029 0.97849208 -0.19563265 -0.065429755 0.97849208 -0.13180964 -0.066070795 0.98907071 0.19576401 -0.065036029 0.97849208 -0.066305466 -0.066439182 0.99558496 -0.19563265 -0.065429755 0.97849208 0.19611609 0.00019716566 0.98058069 -0.066305466 -0.066439182 0.99558496 0.19576401 -0.065036029 0.97849208 0.19611609 0.00019716566 0.98058069 -0.066518918 -6.7033543e-05 0.99778515 -0.066305466 -0.066439182 0.99558496 -0.1321636 -0.00013306789 0.99122792 -0.066518918 -6.7033543e-05 0.99778515 0.19611609 0.00019716566 0.98058069 0.94174141 0.00094730279 0.33633634 0.99122745 0.00099710748 0.13216366 0.99122745 0.00099710748 0.13216366 0.94174141 0.00094730279 0.33633634 0.99122745 0.00099710748 0.13216366 0.99122745 0.00099710748 0.13216366 0.94174141 0.00094730279 0.33633634 0.99122745 0.00099710748 0.13216366 0.94174141 0.00094730279 0.33633634 0.94174141 0.00094730279 0.33633634 0.99778467 0.0010037115 0.066518947 0.99122745 0.00099710748 0.13216366 0.94174141 0.00094730279 0.33633634 0.99778467 0.0010037115 0.066518947 0.94174141 0.00094730279 0.33633634 0.94174141 0.00094730279 0.33633634 0.98058021 0.00098638923 0.19611607 0.99778467 0.0010037115 0.066518947 0.99122745 0.00099710748 0.13216366 0.98058021 0.00098638923 0.19611607 0.94174141 0.00094730279 0.33633634 0.91723597 -0.064589567 0.39307302 0.99122745 0.00099710748 0.13216366 0.94174141 0.00094730279 0.33633634 0.91723597 -0.064589567 0.39307302 0.99122745 0.00099710748 0.13216366 0.99122745 0.00099710748 0.13216366 0.67122328 -0.066440508 0.73827159 0.19459149 -0.12944518 0.9723056 0.27230236 -0.13580903 0.95257926 0.67122328 -0.066440508 0.73827159 0.19576401 -0.065036029 0.97849208 0.19459149 -0.12944518 0.9723056 0.67122328 -0.066440508 0.73827159 0.19576401 -0.065036029 0.97849208 0.67122328 -0.066440508 0.73827159 0.67122328 -0.066440508 0.73827159 0.19576401 -0.065036029 0.97849208 0.19576401 -0.065036029 0.97849208 0.67267251 0.0006765853 0.73993999 0.19576401 -0.065036029 0.97849208 0.67122328 -0.066440508 0.73827159 0.67267251 0.0006765853 0.73993999 0.19611609 0.00019716566 0.98058069 0.19576401 -0.065036029 0.97849208 0.67267251 0.0006765853 0.73993999 0.19611609 0.00019716566 0.98058069 0.67267251 0.0006765853 0.73993999 0.19459149 -0.12944518 0.9723056 -0.13089243 -0.13115622 0.98268265 -0.065805294 -0.13194248 0.98907071 0.19459149 -0.12944518 0.9723056 -0.13089243 -0.13115622 0.98268265 -0.13089243 -0.13115622 0.98268265 0.19576401 -0.065036029 0.97849208 -0.13089243 -0.13115622 0.98268265 0.19459149 -0.12944518 0.9723056 0.19576401 -0.065036029 0.97849208 -0.19563265 -0.065429755 0.97849208 -0.13089243 -0.13115622 0.98268265 -0.19563265 -0.065429755 0.97849208 -0.19563265 -0.065429755 0.97849208 0.19576401 -0.065036029 0.97849208 -0.13180964 -0.066070795 0.98907071 0.19576401 -0.065036029 0.97849208 0.19576401 -0.065036029 0.97849208 -0.19563265 -0.065429755 0.97849208 0.19576401 -0.065036029 0.97849208 -0.13180964 -0.066070795 0.98907071 0.99122745 0.00099710748 0.13216366 0.99122745 0.00099710748 0.13216366 0.99122745 0.00099710748 0.13216366 0.99999952 0.0010059475 -5.9454738e-08 0.99122745 0.00099710748 0.13216366 0.99122745 0.00099710748 0.13216366 0.99999952 0.0010059475 -5.9454738e-08 0.99122745 0.00099710748 0.13216366 0.99122745 0.00099710748 0.13216366 0.99122745 0.00099710748 0.13216366 0.99122745 0.00099710748 0.13216366 0.99999952 0.0010059475 -5.9454738e-08 0.99778467 0.0010037115 0.066518947 0.99999952 0.0010059475 -5.9454738e-08 0.99122745 0.00099710748 0.13216366 0.99778467 0.0010037115 0.066518947 0.99122745 0.00099710748 0.13216366 0.99999952 0.0010059475 -5.9454738e-08 0.98058021 0.00098638923 0.19611607 0.99122745 0.00099710748 0.13216366 0.99778467 0.0010037115 0.066518947 -0.99551767 -0.067373805 0.06637238 -0.97842598 -0.06621711 0.19569847 -0.9890039 -0.066932984 0.13187614 -0.98255032 -0.13201284 0.13102441 -0.97842598 -0.06621711 0.19569847 -0.99551767 -0.067373805 0.06637238 -0.98255032 -0.13201284 0.13102441 -0.98893756 -0.13287099 0.065938093 -0.97842598 -0.06621711 0.19569847 -0.9721747 -0.1306188 0.19446117 -0.98893756 -0.13287099 0.065938093 -0.98255032 -0.13201284 0.13102441 -0.9721747 -0.1306188 0.19446117 -0.98255032 -0.13201284 0.13102441 -0.98893756 -0.13287099 0.065938093 -0.99778461 -0.0010037273 0.066519067 -0.98058015 -0.00098643603 0.19611619 -0.97855717 0.064248435 0.19569848 -0.9890039 -0.066932984 0.13187614 -0.99778461 -0.0010037273 0.066519067 -0.99778467 -0.0010037115 -0.066518947 -0.9890039 -0.066932984 0.13187614 -0.99122739 -0.00099713891 0.13216378 -0.99778461 -0.0010037273 0.066519067 -0.99122739 -0.00099713891 0.13216378 -0.99122739 -0.00099713891 0.13216378 -0.9890039 -0.066932984 0.13187614 -0.99122739 -0.00099713891 0.13216378 -0.99122739 -0.00099713891 0.13216378 -0.99122739 -0.00099713891 0.13216378 -0.99122739 -0.00099713891 0.13216378 -0.99122739 -0.00099713891 0.13216378 -0.99122739 -0.00099713891 0.13216378 -0.98913652 0.064943045 0.13187616 -0.99778461 -0.0010037273 0.066519067 -0.97855717 0.064248435 0.19569848 -0.98913652 0.064943045 0.13187616 -0.99122739 -0.00099713891 0.13216378 -0.99778461 -0.0010037273 0.066519067 -0.98913652 0.064943045 0.13187616 -0.99122739 -0.00099713891 0.13216378 -0.98913652 0.064943045 0.13187616 -0.98913652 0.064943045 0.13187616 -0.99122739 -0.00099713891 0.13216378 -0.99122739 -0.00099713891 0.13216378 -0.99122739 -0.00099713891 0.13216378 -0.99122739 -0.00099713891 0.13216378 -0.98913652 0.064943045 0.13187616 -0.99778467 -0.0010037115 -0.066518947 -0.99551767 -0.067373805 0.06637238 -0.9890039 -0.066932984 0.13187614 -0.13089243 -0.13115622 0.98268265 -0.19433056 -0.12983641 0.9723056 -0.40994501 -0.20548838 0.88866168 -0.13089243 -0.13115622 0.98268265 -0.33319899 -0.13366871 0.93333334 -0.19433056 -0.12983641 0.9723056 -0.13089243 -0.13115622 0.98268265 -0.33319899 -0.13366871 0.93333334 -0.13089243 -0.13115622 0.98268265 -0.13089243 -0.13115622 0.98268265 -0.41488928 -0.13876042 0.89922881 -0.33319899 -0.13366871 0.93333334 -0.19563265 -0.065429755 0.97849208 -0.41488928 -0.13876042 0.89922881 -0.13089243 -0.13115622 0.98268265 -0.19563265 -0.065429755 0.97849208 -0.33551028 -0.067453258 0.93961847 -0.41488928 -0.13876042 0.89922881 -0.19563265 -0.065429755 0.97849208 -0.33551028 -0.067453258 0.93961847 -0.19563265 -0.065429755 0.97849208 -0.19563265 -0.065429755 0.97849208 -0.27400637 -0.068794653 0.95926422 -0.33551028 -0.067453258 0.93961847 -0.13180964 -0.066070795 0.98907071 -0.27400637 -0.068794653 0.95926422 -0.19563265 -0.065429755 0.97849208 -0.13180964 -0.066070795 0.98907071 -0.19611597 -0.00019739939 0.98058069 -0.27400637 -0.068794653 0.95926422 -0.19563265 -0.065429755 0.97849208 -0.19611597 -0.00019739939 0.98058069 -0.13180964 -0.066070795 0.98907071 -0.19563265 -0.065429755 0.97849208 -0.27472091 -0.0002764696 0.96152395 -0.19611597 -0.00019739939 0.98058069 -0.066305466 -0.066439182 0.99558496 -0.27472091 -0.0002764696 0.96152395 -0.19563265 -0.065429755 0.97849208 -0.066305466 -0.066439182 0.99558496 -0.27472091 -0.0002764696 0.96152395 -0.27472091 -0.0002764696 0.96152395 -0.066518918 -6.7033543e-05 0.99778515 -0.27472091 -0.0002764696 0.96152395 -0.066305466 -0.066439182 0.99558496 -0.066518918 -6.7033543e-05 0.99778515 -0.19611597 -0.00019739939 0.98058069 -0.27472091 -0.0002764696 0.96152395 -0.1321636 -0.00013306789 0.99122792 -0.19611597 -0.00019739939 0.98058069 -0.066518918 -6.7033543e-05 0.99778515 0.6092841 0.27152714 0.74501401 0.81226522 0.47491711 0.33864272 0.62691927 0.13997723 0.7664063 0.6092841 0.27152714 0.74501401 0.67822927 0.61164236 0.40730658 0.81226522 0.47491711 0.33864272 0.48729238 0.41853011 0.7664063 0.67822927 0.61164236 0.40730658 0.6092841 0.27152714 0.74501401 0.48729238 0.41853011 0.7664063 0.5512886 0.75962704 0.34503284 0.67822927 0.61164236 0.40730658 0.41754901 0.48813328 0.76640636 0.5512886 0.75962704 0.34503284 0.48729238 0.41853011 0.7664063 0.81226522 0.47491711 0.33864272 0.87798238 0.4738996 0.067573749 0.89673775 0.34593499 0.27602622 0.81226522 0.47491711 0.33864272 0.87202984 0.47068667 0.13423121 0.87798238 0.4738996 0.067573749 0.82361025 0.55027097 0.13736057 0.87202984 0.47068667 0.13423121 0.81226522 0.47491711 0.33864272 0.81226522 0.47491711 0.33864272 0.73266238 0.66740406 0.13333337 0.82361025 0.55027097 0.13736057 0.67822927 0.61164236 0.40730658 0.73266238 0.66740406 0.13333337 0.81226522 0.47491711 0.33864272 0.13180976 0.066070557 0.98907071 -0.06503585 -0.19576406 0.97849208 -0.06503585 -0.19576406 0.97849208 0.13180976 0.066070557 0.98907071 0.00013300881 -0.13216376 0.99122792 -0.06503585 -0.19576406 0.97849208 0.19563277 0.065429516 0.97849208 0.00013300881 -0.13216376 0.99122792 0.13180976 0.066070557 0.98907071 0.19563277 0.065429516 0.97849208 -0.06503585 -0.19576406 0.97849208 0.00013300881 -0.13216376 0.99122792 -0.06503585 -0.19576406 0.97849208 -0.06503585 -0.19576406 0.97849208 0.19563277 0.065429516 0.97849208 0.19611609 0.00019716566 0.98058069 -0.06503585 -0.19576406 0.97849208 -0.06503585 -0.19576406 0.97849208 0.19611609 0.00019716566 0.98058069 -0.06503585 -0.19576406 0.97849208 -0.06503585 -0.19576406 0.97849208 0.48729238 0.41853011 0.7664063 0.19563277 0.065429516 0.97849208 0.41754901 0.48813328 0.76640636 0.19611609 0.00019716566 0.98058069 0.19563277 0.065429516 0.97849208 0.48729238 0.41853011 0.7664063 0.19611609 0.00019716566 0.98058069 -0.06503585 -0.19576406 0.97849208 0.19563277 0.065429516 0.97849208 -0.06503585 -0.19576406 0.97849208 -0.06503585 -0.19576406 0.97849208 0.19611609 0.00019716566 0.98058069 0.19611609 0.00019716566 0.98058069 -0.06503585 -0.19576406 0.97849208 -0.06503585 -0.19576406 0.97849208 0.00019734094 -0.19611615 0.98058069 0.00019734094 -0.19611615 0.98058069 0.065805413 0.13194224 0.98907071 0.13180976 0.066070557 0.98907071 0.065805413 0.13194224 0.98907071 0.26672345 0.53479093 0.8017838 0.13180976 0.066070557 0.98907071 0.00019734094 -0.19611615 0.98058069 0.065805413 0.13194224 0.98907071 -0.06503585 -0.19576406 0.97849208 0.00019734094 -0.19611615 0.98058069 0.13180976 0.066070557 0.98907071 0.13180976 0.066070557 0.98907071 0.41754901 0.48813328 0.76640636 0.19563277 0.065429516 0.97849208 0.6092841 0.27152714 0.74501401 0.19611609 0.00019716566 0.98058069 0.48729238 0.41853011 0.7664063 0.6092841 0.27152714 0.74501401 0.19576401 -0.065036029 0.97849208 0.19611609 0.00019716566 0.98058069 0.26672345 0.53479093 0.8017838 0.41754901 0.48813328 0.76640636 0.13180976 0.066070557 0.98907071 0.00019734094 -0.19611615 0.98058069 0.00019734094 -0.19611615 0.98058069 0.065805413 0.13194224 0.98907071 -0.33752859 -0.3382085 0.87845862 -0.06503585 -0.19576406 0.97849208 -0.20153101 -0.26927209 0.94174188 -0.20153101 -0.26927209 0.94174188 -0.06503585 -0.19576406 0.97849208 -0.06503585 -0.19576406 0.97849208 -0.06503585 -0.19576406 0.97849208 -0.06503585 -0.19576406 0.97849208 -0.20153101 -0.26927209 0.94174188 -0.19748233 -0.32988918 0.92313266 -0.06503585 -0.19576406 0.97849208 -0.06503585 -0.19576406 0.97849208 -0.19748233 -0.32988918 0.92313266 0.00013300881 -0.13216376 0.99122792 -0.06503585 -0.19576406 0.97849208 -0.79999959 -0.00080482947 0.60000008 -0.47409952 -0.00047702444 0.88047111 -0.47409952 -0.00047702444 0.88047111 -0.79999959 -0.00080482947 0.60000008 -0.94174141 -0.00094738294 0.33633646 -0.96152347 -0.00096727529 0.27472118 -0.79999959 -0.00080482947 0.60000008 -0.94174141 -0.00094738294 0.33633646 -0.79999959 -0.00080482947 0.60000008 -0.47409952 -0.00047702444 0.88047111 -0.79999959 -0.00080482947 0.60000008 -0.79999959 -0.00080482947 0.60000008 -0.47409952 -0.00047702444 0.88047111 -0.33633617 -0.000338449 0.94174188 -0.19576389 0.065035798 0.97849208 -0.47409952 -0.00047702444 0.88047111 -0.47409952 -0.00047702444 0.88047111 -0.33633617 -0.000338449 0.94174188 -0.89680713 -0.27692854 0.34503281 -0.93319869 -0.1342722 0.33333337 -0.95681351 -0.20603842 0.20507582 -0.8740682 -0.40448317 0.26906911 -0.93319869 -0.1342722 0.33333337 -0.89680713 -0.27692854 0.34503281 -0.87811828 -0.33875224 0.33786869 -0.89680713 -0.27692854 0.34503281 -0.79999959 -0.00080482947 0.60000008 -0.47409952 -0.00047702444 0.88047111 -0.73953366 -0.40434787 0.53813821 -0.78581625 -0.32835162 0.52409744 -0.47409952 -0.00047702444 0.88047111 -0.67843413 -0.40798929 0.61095983 -0.73953366 -0.40434787 0.53813821 -0.68470585 -0.4803212 0.54815096 -0.67843413 -0.40798929 0.61095983 -0.47409952 -0.00047702444 0.88047111 -0.47409952 -0.00047702444 0.88047111 -0.67843413 -0.40798929 0.61095983 -0.68470585 -0.4803212 0.54815096 -0.47409952 -0.00047702444 0.88047111 -0.80151445 -0.26806772 0.53452247 -0.79999959 -0.00080482947 0.60000008 -0.78581625 -0.32835162 0.52409744 -0.80151445 -0.26806772 0.53452247 -0.47409952 -0.00047702444 0.88047111 -0.80151445 -0.26806772 0.53452247 -0.87811828 -0.33875224 0.33786869 -0.79999959 -0.00080482947 0.60000008 -0.75664759 -0.62034708 0.20652848 -0.73953366 -0.40434787 0.53813821 -0.67843413 -0.40798929 0.61095983 -0.78387231 -0.58913726 0.1961161 -0.78581625 -0.32835162 0.52409744 -0.73953366 -0.40434787 0.53813821 -0.80151445 -0.26806772 0.53452247 -0.78581625 -0.32835162 0.52409744 -0.78387231 -0.58913726 0.1961161 -0.78387231 -0.58913726 0.1961161 -0.87811828 -0.33875224 0.33786869 -0.80151445 -0.26806772 0.53452247 -0.82361025 -0.55027103 0.13736054 -0.87811828 -0.33875224 0.33786869 -0.78387231 -0.58913726 0.1961161 -0.82361025 -0.55027103 0.13736054 -0.89680713 -0.27692854 0.34503281 -0.87811828 -0.33875224 0.33786869 -0.92280054 -0.33061874 0.19781415 -0.89680713 -0.27692854 0.34503281 -0.82361025 -0.55027103 0.13736054 -0.82361025 -0.55027103 0.13736054 -0.78387231 -0.58913726 0.1961161 -0.80124563 -0.53532881 0.26726121 -0.59999967 -0.00060366385 0.80000007 -0.39391902 -0.00039637164 0.91914505 -0.39313874 0.065116629 0.91717058 -0.59999967 -0.00060366385 0.80000007 -0.72511911 -0.19854374 0.6593805 -0.39391902 -0.00039637164 0.91914505 -0.7382037 -0.067858316 0.67115611 -0.72511911 -0.19854374 0.6593805 -0.59999967 -0.00060366385 0.80000007 -0.8740682 -0.40448317 0.26906911 -0.87811828 -0.33875224 0.33786869 -0.93319869 -0.1342722 0.33333337 -0.8740682 -0.40448317 0.26906911 -0.80124563 -0.53532881 0.26726121 -0.87811828 -0.33875224 0.33786869 -0.82361025 -0.55027103 0.13736054 -0.80124563 -0.53532881 0.26726121 -0.8740682 -0.40448317 0.26906911 -0.73953366 -0.40434787 0.53813821 -0.87811828 -0.33875224 0.33786869 -0.80124563 -0.53532881 0.26726121 -0.72511911 -0.19854374 0.6593805 -0.87811828 -0.33875224 0.33786869 -0.73953366 -0.40434787 0.53813821 -0.72511911 -0.19854374 0.6593805 -0.87236738 -0.13510889 0.46980926 -0.87811828 -0.33875224 0.33786869 -0.7382037 -0.067858316 0.67115611 -0.87236738 -0.13510889 0.46980926 -0.72511911 -0.19854374 0.6593805 -0.87236738 -0.13510889 0.46980926 -0.93319869 -0.1342722 0.33333337 -0.87811828 -0.33875224 0.33786869 -0.19576389 0.065035798 0.97849208 -0.67843413 -0.40798929 0.61095983 -0.47409952 -0.00047702444 0.88047111 -0.75664759 -0.62034708 0.20652848 -0.67843413 -0.40798929 0.61095983 -0.68470585 -0.4803212 0.54815096 -0.78387231 -0.58913726 0.1961161 -0.73953366 -0.40434787 0.53813821 -0.75664759 -0.62034708 0.20652848 -0.76577508 -0.62783039 0.13934657 -0.68470585 -0.4803212 0.54815096 -0.67843413 -0.40798929 0.61095983 -0.61054975 -0.40792102 0.67884421 -0.67843413 -0.40798929 0.61095983 -0.19576389 0.065035798 0.97849208 -0.33633617 -0.000338449 0.94174188 -0.27472091 -0.0002764696 0.96152395 -0.33633617 -0.000338449 0.94174188 -0.47409952 -0.00047702444 0.88047111 -0.27472091 -0.0002764696 0.96152395 -0.33633617 -0.000338449 0.94174188 -0.33633617 -0.000338449 0.94174188 -0.2741442 0.068243012 0.95926422 -0.19576389 0.065035798 0.97849208 -0.33633617 -0.000338449 0.94174188 -0.1321636 -0.00013306789 0.99122792 -0.33633617 -0.000338449 0.94174188 -0.33633617 -0.000338449 0.94174188 -0.27472091 -0.0002764696 0.96152395 -0.1321636 -0.00013306789 0.99122792 -0.33551028 -0.067453258 0.93961847 -0.27472091 -0.0002764696 0.96152395 -0.27472091 -0.0002764696 0.96152395 -0.33551028 -0.067453258 0.93961847 -0.41488928 -0.13876042 0.89922881 -0.27472091 -0.0002764696 0.96152395 -0.54287022 -0.20419958 0.8146131 -0.41488928 -0.13876042 0.89922881 -0.33551028 -0.067453258 0.93961847 -0.54287022 -0.20419958 0.8146131 -0.61054975 -0.40792102 0.67884421 -0.41488928 -0.13876042 0.89922881 -0.66633099 -0.3340039 0.66666669 -0.61054975 -0.40792102 0.67884421 -0.54287022 -0.20419958 0.8146131 -0.72949433 -0.59808511 0.33186162 -0.76577508 -0.62783039 0.13934657 -0.72465479 -0.66010982 0.19781411 -0.72949433 -0.59808511 0.33186162 -0.75664759 -0.62034708 0.20652848 -0.76577508 -0.62783039 0.13934657 -0.80124563 -0.53532881 0.26726121 -0.75664759 -0.62034708 0.20652848 -0.72949433 -0.59808511 0.33186162 -0.80124563 -0.53532881 0.26726121 -0.78387231 -0.58913726 0.1961161 -0.75664759 -0.62034708 0.20652848 -0.41488928 -0.13876042 0.89922881 -0.19611597 -0.00019739939 0.98058069 -0.27472091 -0.0002764696 0.96152395 -0.41488928 -0.13876042 0.89922881 -0.46440572 -0.19958436 0.86284029 -0.19611597 -0.00019739939 0.98058069 -0.61054975 -0.40792102 0.67884421 -0.46440572 -0.19958436 0.86284029 -0.41488928 -0.13876042 0.89922881 -0.61054975 -0.40792102 0.67884421 -0.72949433 -0.59808511 0.33186162 -0.68463695 -0.54883999 0.47963208 -0.61054975 -0.40792102 0.67884421 -0.73953366 -0.40434787 0.53813821 -0.72949433 -0.59808511 0.33186162 -0.66633099 -0.3340039 0.66666669 -0.73953366 -0.40434787 0.53813821 -0.61054975 -0.40792102 0.67884421 -0.74440044 -0.61030608 0.27091417 -0.72949433 -0.59808511 0.33186162 -0.72465479 -0.66010982 0.19781411 -0.73953366 -0.40434787 0.53813821 -0.80124563 -0.53532881 0.26726121 -0.72949433 -0.59808511 0.33186162 -0.39313874 0.065116629 0.91717058 -0.2741442 0.068243012 0.95926422 -0.2741442 0.068243012 0.95926422 -0.39313874 0.065116629 0.91717058 -0.39391902 -0.00039637164 0.91914505 -0.2741442 0.068243012 0.95926422 -0.39391902 -0.00039637164 0.91914505 -0.33551028 -0.067453258 0.93961847 -0.27472091 -0.0002764696 0.96152395 -0.39391902 -0.00039637164 0.91914505 -0.54287022 -0.20419958 0.8146131 -0.33551028 -0.067453258 0.93961847 -0.72511911 -0.19854374 0.6593805 -0.54287022 -0.20419958 0.8146131 -0.39391902 -0.00039637164 0.91914505 -0.72511911 -0.19854374 0.6593805 -0.66633099 -0.3340039 0.66666669 -0.54287022 -0.20419958 0.8146131 -0.73953366 -0.40434787 0.53813821 -0.66633099 -0.3340039 0.66666669 -0.72511911 -0.19854374 0.6593805 -0.2741442 0.068243012 0.95926422 -0.39391902 -0.00039637164 0.91914505 -0.27472091 -0.0002764696 0.96152395 -0.2741442 0.068243012 0.95926422 -0.2741442 0.068243012 0.95926422 -0.39391902 -0.00039637164 0.91914505 -0.67843413 -0.40798929 0.61095983 -0.72465479 -0.66010982 0.19781411 -0.76577508 -0.62783039 0.13934657 -0.67843413 -0.40798929 0.61095983 -0.73266232 -0.66740406 0.13333331 -0.72465479 -0.66010982 0.19781411 -0.61054975 -0.40792102 0.67884421 -0.73266232 -0.66740406 0.13333331 -0.67843413 -0.40798929 0.61095983 -0.75664759 -0.62034708 0.20652848 -0.68470585 -0.4803212 0.54815096 -0.76577508 -0.62783039 0.13934657 -0.19576389 0.065035798 0.97849208 -0.52376765 -0.32808805 0.78614616 -0.61054975 -0.40792102 0.67884421 -0.2741442 0.068243012 0.95926422 -0.13115604 0.13089238 0.98268265 -0.2741442 0.068243012 0.95926422 -0.2741442 0.068243012 0.95926422 -0.27472091 -0.0002764696 0.96152395 -0.13115604 0.13089238 0.98268265 -0.2741442 0.068243012 0.95926422 -0.27472091 -0.0002764696 0.96152395 -0.2741442 0.068243012 0.95926422 -0.27472091 -0.0002764696 0.96152395 -0.27472091 -0.0002764696 0.96152395 -0.13115604 0.13089238 0.98268265 -0.19611597 -0.00019739939 0.98058069 -0.19576389 0.065035798 0.97849208 -0.27472091 -0.0002764696 0.96152395 -0.99122739 -0.00099713891 0.13216378 -0.91914457 -0.00092465855 0.39391935 -0.98058015 -0.00098643603 0.19611619 -0.99122739 -0.00099713891 0.13216378 -0.9890039 -0.066932984 0.13187614 -0.91914457 -0.00092465855 0.39391935 -0.99122739 -0.00099713891 0.13216378 -0.9890039 -0.066932984 0.13187614 -0.99122739 -0.00099713891 0.13216378 -0.79999959 -0.00080482947 0.60000008 -0.8740682 -0.40448317 0.26906911 -0.79258305 -0.39728871 0.46257302 -0.79999959 -0.00080482947 0.60000008 -0.88845491 -0.20596968 0.4101516 -0.8740682 -0.40448317 0.26906911 -0.91914457 -0.00092465855 0.39391935 -0.88845491 -0.20596968 0.4101516 -0.79999959 -0.00080482947 0.60000008 -0.91914457 -0.00092465855 0.39391935 -0.95244193 -0.13704097 0.27216557 -0.88845491 -0.20596968 0.4101516 -0.9890039 -0.066932984 0.13187614 -0.95244193 -0.13704097 0.27216557 -0.91914457 -0.00092465855 0.39391935 -0.39391902 -0.00039637164 0.91914505 -0.79258305 -0.39728871 0.46257302 -0.64930809 -0.2604813 0.71452677 -0.39391902 -0.00039637164 0.91914505 -0.79999959 -0.00080482947 0.60000008 -0.79258305 -0.39728871 0.46257302 -0.19611597 -0.00019739939 0.98058069 5.9574656e-08 -1.1917931e-07 1 -0.1321636 -0.00013306789 0.99122792 -0.52376765 -0.32808805 0.78614616 -0.2741442 0.068243012 0.95926422 5.9574656e-08 -1.1917931e-07 1 -0.39391902 -0.00039637164 0.91914505 -0.1321636 -0.00013306789 0.99122792 -0.33633617 -0.000338449 0.94174188 -0.52376765 -0.32808805 0.78614616 -0.1321636 -0.00013306789 0.99122792 -0.39391902 -0.00039637164 0.91914505 -0.64930809 -0.2604813 0.71452677 -0.52376765 -0.32808805 0.78614616 -0.39391902 -0.00039637164 0.91914505 -0.19576389 0.065035798 0.97849208 -0.2741442 0.068243012 0.95926422 -0.52376765 -0.32808805 0.78614616 -0.33633617 -0.000338449 0.94174188 5.9574656e-08 -1.1917931e-07 1 -0.2741442 0.068243012 0.95926422 -0.33633617 -0.000338449 0.94174188 -0.1321636 -0.00013306789 0.99122792 5.9574656e-08 -1.1917931e-07 1 -0.1321636 -0.00013306789 0.99122792 -0.27472091 -0.0002764696 0.96152395 -0.33633617 -0.000338449 0.94174188 0.99778467 0.0010037115 0.066518947 0.99999952 0.0010059475 -5.9454738e-08 0.99565125 -0.065370798 0.06637226 -0.73833877 0.066372827 0.67115611 -0.73346704 0.13259549 0.66666675 -0.55344081 0.068614647 0.83005744 -0.87852615 0.066689968 0.47301623 -0.73346704 0.13259549 0.66666675 -0.73833877 0.066372827 0.67115611 -0.87852615 0.066689968 0.47301623 -0.97243547 0.12866257 0.1944612 -0.73346704 0.13259549 0.66666675 -0.97855717 0.064248435 0.19569848 -0.97243547 0.12866257 0.1944612 -0.87852615 0.066689968 0.47301623 -0.97855717 0.064248435 0.19569848 -0.98913652 0.064943045 0.13187616 -0.97243547 0.12866257 0.1944612 -0.2741442 0.068243012 0.95926422 -0.4151676 0.13792521 0.89922887 -0.27230224 0.1358088 0.95257938 -0.19576389 0.065035798 0.97849208 -0.4151676 0.13792521 0.89922887 -0.2741442 0.068243012 0.95926422 -0.19576389 0.065035798 0.97849208 -0.39313874 0.065116629 0.91717058 -0.4151676 0.13792521 0.89922887 -0.2741442 0.068243012 0.95926422 -0.39313874 0.065116629 0.91717058 -0.19576389 0.065035798 0.97849208 -0.97243547 0.12866257 0.1944612 -0.97243547 0.12866257 0.1944612 -0.98281395 0.13003576 0.13102444 -0.98913652 0.064943045 0.13187616 -0.97243547 0.12866257 0.1944612 -0.97243547 0.12866257 0.1944612 -0.4151676 0.13792521 0.89922887 -0.55344081 0.068614647 0.83005744 -0.73346704 0.13259549 0.66666675 -0.4151676 0.13792521 0.89922887 -0.39313874 0.065116629 0.91717058 -0.55344081 0.068614647 0.83005744 -0.73833877 0.066372827 0.67115611 -0.73993963 -0.00074442098 0.67267287 -0.87852615 0.066689968 0.47301623 -0.73833877 0.066372827 0.67115611 -0.59999967 -0.00060366385 0.80000007 -0.73993963 -0.00074442098 0.67267287 -0.55344081 0.068614647 0.83005744 -0.59999967 -0.00060366385 0.80000007 -0.73833877 0.066372827 0.67115611 -0.55344081 0.068614647 0.83005744 -0.39391902 -0.00039637164 0.91914505 -0.59999967 -0.00060366385 0.80000007 -0.2741442 0.068243012 0.95926422 -0.39313874 0.065116629 0.91717058 -0.2741442 0.068243012 0.95926422 -0.2741442 0.068243012 0.95926422 -0.39391902 -0.00039637164 0.91914505 -0.39313874 0.065116629 0.91717058 -0.33551028 -0.067453258 0.93961847 -0.39391902 -0.00039637164 0.91914505 -0.2741442 0.068243012 0.95926422 -0.55344081 0.068614647 0.83005744 -0.39313874 0.065116629 0.91717058 -0.39391902 -0.00039637164 0.91914505 -0.8742035 -0.26994869 0.4036037 -0.95919478 -0.069483839 0.27407554 -0.82998735 -0.070006467 0.55337161 -0.8742035 -0.26994869 0.4036037 -0.94153839 -0.2027491 0.26906914 -0.95919478 -0.069483839 0.27407554 -0.79251659 -0.46337053 0.39649117 -0.94153839 -0.2027491 0.26906914 -0.8742035 -0.26994869 0.4036037 -0.79251659 -0.46337053 0.39649117 -0.89881086 -0.41593307 0.13834289 -0.94153839 -0.2027491 0.26906914 -0.72949433 -0.59808511 0.33186162 -0.89881086 -0.41593307 0.13834289 -0.79251659 -0.46337053 0.39649117 -0.82998735 -0.070006467 0.55337161 -0.91723591 0.064589478 0.39307314 -0.73993963 -0.00074442098 0.67267287 -0.46440572 -0.19958436 0.86284029 -0.66653216 -0.134004 0.73333335 -0.39391902 -0.00039637164 0.91914505 -0.46440572 -0.19958436 0.86284029 -0.72976136 -0.33259597 0.59735096 -0.66653216 -0.134004 0.73333335 -0.61054975 -0.40792102 0.67884421 -0.72976136 -0.33259597 0.59735096 -0.46440572 -0.19958436 0.86284029 -0.74440044 -0.61030608 0.27091417 -0.89881086 -0.41593307 0.13834289 -0.72949433 -0.59808511 0.33186162 -0.73266232 -0.66740406 0.13333331 -0.89881086 -0.41593307 0.13834289 -0.74440044 -0.61030608 0.27091417 -0.79251659 -0.46337053 0.39649117 -0.68463695 -0.54883999 0.47963208 -0.72949433 -0.59808511 0.33186162 -0.79251659 -0.46337053 0.39649117 -0.72976136 -0.33259597 0.59735096 -0.68463695 -0.54883999 0.47963208 -0.8742035 -0.26994869 0.4036037 -0.72976136 -0.33259597 0.59735096 -0.79251659 -0.46337053 0.39649117 -0.39391902 -0.00039637164 0.91914505 -0.33551028 -0.067453258 0.93961847 -0.46440572 -0.19958436 0.86284029 -0.82998735 -0.070006467 0.55337161 -0.72976136 -0.33259597 0.59735096 -0.8742035 -0.26994869 0.4036037 -0.82998735 -0.070006467 0.55337161 -0.66653216 -0.134004 0.73333335 -0.72976136 -0.33259597 0.59735096 -0.73993963 -0.00074442098 0.67267287 -0.66653216 -0.134004 0.73333335 -0.82998735 -0.070006467 0.55337161 -0.59999967 -0.00060366385 0.80000007 -0.66653216 -0.134004 0.73333335 -0.73993963 -0.00074442098 0.67267287 -0.9890039 -0.066932984 0.13187614 -0.89881086 -0.41593307 0.13834289 -0.99551767 -0.067373805 0.06637238 -0.9890039 -0.066932984 0.13187614 -0.94153839 -0.2027491 0.26906914 -0.89881086 -0.41593307 0.13834289 -0.99122739 -0.00099713891 0.13216378 -0.94153839 -0.2027491 0.26906914 -0.9890039 -0.066932984 0.13187614 -0.99122739 -0.00099713891 0.13216378 -0.95919478 -0.069483839 0.27407554 -0.94153839 -0.2027491 0.26906914 -0.99122739 -0.00099713891 0.13216378 -0.95919478 -0.069483839 0.27407554 -0.99122739 -0.00099713891 0.13216378 -0.59999967 -0.00060366385 0.80000007 -0.39391902 -0.00039637164 0.91914505 -0.66653216 -0.134004 0.73333335 -0.72976136 -0.33259597 0.59735096 -0.61054975 -0.40792102 0.67884421 -0.68463695 -0.54883999 0.47963208 -0.61054975 -0.40792102 0.67884421 -0.61054975 -0.40792102 0.67884421 -0.46440572 -0.19958436 0.86284029 -0.68463695 -0.54883999 0.47963208 -0.61054975 -0.40792102 0.67884421 -0.61054975 -0.40792102 0.67884421 -0.68463695 -0.54883999 0.47963208 -0.72949433 -0.59808511 0.33186162 -0.72949433 -0.59808511 0.33186162 -0.74440044 -0.61030608 0.27091417 -0.72465479 -0.66010982 0.19781411 -0.73266232 -0.66740406 0.13333331 -0.72949433 -0.59808511 0.33186162 -0.72949433 -0.59808511 0.33186162 -0.74440044 -0.61030608 0.27091417 -0.46440572 -0.19958436 0.86284029 -0.33551028 -0.067453258 0.93961847 -0.19611597 -0.00019739939 0.98058069 -0.8740682 -0.40448317 0.26906911 -0.73266232 -0.66740406 0.13333331 -0.79258305 -0.39728871 0.46257302 -0.8740682 -0.40448317 0.26906911 -0.89881086 -0.41593307 0.13834289 -0.73266232 -0.66740406 0.13333331 -0.88845491 -0.20596968 0.4101516 -0.89881086 -0.41593307 0.13834289 -0.8740682 -0.40448317 0.26906911 -0.95244193 -0.13704097 0.27216557 -0.89881086 -0.41593307 0.13834289 -0.88845491 -0.20596968 0.4101516 -0.9890039 -0.066932984 0.13187614 -0.89881086 -0.41593307 0.13834289 -0.95244193 -0.13704097 0.27216557 -0.9890039 -0.066932984 0.13187614 -0.99551767 -0.067373805 0.06637238 -0.89881086 -0.41593307 0.13834289 -0.99122739 -0.00099713891 0.13216378 -0.99551767 -0.067373805 0.06637238 -0.9890039 -0.066932984 0.13187614 -0.52376765 -0.32808805 0.78614616 -0.2741442 0.068243012 0.95926422 -0.52376765 -0.32808805 0.78614616 -0.52376765 -0.32808805 0.78614616 -0.73266232 -0.66740406 0.13333331 -0.61054975 -0.40792102 0.67884421 -0.66633099 -0.3340039 0.66666669 -0.73266232 -0.66740406 0.13333331 -0.52376765 -0.32808805 0.78614616 -0.66633099 -0.3340039 0.66666669 -0.79258305 -0.39728871 0.46257302 -0.73266232 -0.66740406 0.13333331 -0.64930809 -0.2604813 0.71452677 -0.79258305 -0.39728871 0.46257302 -0.66633099 -0.3340039 0.66666669 -0.13115604 0.13089238 0.98268265 -0.2741442 0.068243012 0.95926422 -0.27230224 0.1358088 0.95257938 -0.13115604 0.13089238 0.98268265 -0.19576389 0.065035798 0.97849208 -0.2741442 0.068243012 0.95926422 -0.27472091 -0.0002764696 0.96152395 -0.19576389 0.065035798 0.97849208 -0.13115604 0.13089238 0.98268265 -0.19611597 -0.00019739939 0.98058069 -0.2741442 0.068243012 0.95926422 -0.19576389 0.065035798 0.97849208 -0.2741442 0.068243012 0.95926422 -0.2741442 0.068243012 0.95926422 -0.19611597 -0.00019739939 0.98058069 -0.19611597 -0.00019739939 0.98058069 -0.33551028 -0.067453258 0.93961847 -0.2741442 0.068243012 0.95926422 -0.97855717 0.064248435 0.19569848 -0.98913652 0.064943045 0.13187616 -0.97855717 0.064248435 0.19569848 -0.97855717 0.064248435 0.19569848 -0.91723591 0.064589478 0.39307314 -0.94174141 -0.00094738294 0.33633646 -0.87852615 0.066689968 0.47301623 -0.91723591 0.064589478 0.39307314 -0.97855717 0.064248435 0.19569848 -0.87852615 0.066689968 0.47301623 -0.73993963 -0.00074442098 0.67267287 -0.91723591 0.064589478 0.39307314 -0.97855717 0.064248435 0.19569848 -0.94174141 -0.00094738294 0.33633646 -0.97855717 0.064248435 0.19569848 -0.97855717 0.064248435 0.19569848 -0.97855717 0.064248435 0.19569848 -0.94174141 -0.00094738294 0.33633646 -0.97855717 0.064248435 0.19569848 -0.97855717 0.064248435 0.19569848 -0.97855717 0.064248435 0.19569848 -0.82998735 -0.070006467 0.55337161 -0.95919478 -0.069483839 0.27407554 -0.94174141 -0.00094738294 0.33633646 -0.94174141 -0.00094738294 0.33633646 -0.91723591 0.064589478 0.39307314 -0.82998735 -0.070006467 0.55337161 -0.99122739 -0.00099713891 0.13216378 -0.99778461 -0.0010037273 0.066519067 -0.99122739 -0.00099713891 0.13216378 -0.99122739 -0.00099713891 0.13216378 -0.95919478 -0.069483839 0.27407554 -0.99122739 -0.00099713891 0.13216378 -0.99122739 -0.00099713891 0.13216378 -0.95919478 -0.069483839 0.27407554 -0.99122739 -0.00099713891 0.13216378 -0.99122739 -0.00099713891 0.13216378 -0.94174141 -0.00094738294 0.33633646 -0.95919478 -0.069483839 0.27407554 -0.97855717 0.064248435 0.19569848 -0.94174141 -0.00094738294 0.33633646 -0.99122739 -0.00099713891 0.13216378 -0.13924737 0.89908916 0.41502881 -0.13704093 0.95244193 0.27216566 -0.13704093 0.95244193 0.27216566 -0.13296132 0.79284894 0.59473687 -0.1351088 0.87236732 0.46980935 -0.13924737 0.89908916 0.41502881 -0.00099711539 0.99122739 0.13216384 -0.13704093 0.95244193 0.27216566 -0.13061875 0.97217464 0.19446124 -0.00099711539 0.99122739 0.13216384 -0.13061875 0.97217464 0.19446124 -0.13704093 0.95244193 0.27216566 -0.13201281 0.98255032 0.13102448 -0.13061875 0.97217464 0.19446124 -0.00099711539 0.99122739 0.13216384 -0.5495801 0.13680768 0.82416344 -0.75747859 0.20576656 0.61958563 -0.76822084 -0.00077286654 0.64018446 -0.5495801 0.13680768 0.82416344 -0.61136919 0.40669167 0.67884427 -0.75747859 0.20576656 0.61958563 -0.46994397 0.13375844 0.87250292 -0.61136919 0.40669167 0.67884427 -0.5495801 0.13680768 0.82416344 -0.46994397 0.13375844 0.87250292 -0.48447815 0.27619845 0.83005744 -0.61136919 0.40669167 0.67884427 -0.46994397 0.13375844 0.87250292 -0.33346725 0.13299784 0.9333334 -0.48447815 0.27619845 0.83005744 -0.33564532 0.066777885 0.93961847 -0.33346725 0.13299784 0.9333334 -0.46994397 0.13375844 0.87250292 -0.33400378 0.66633093 0.66666681 -0.20419943 0.54287016 0.81461316 -0.13296132 0.79284894 0.59473687 -0.26947492 0.40333268 0.8744747 -0.20419943 0.54287016 0.81461316 -0.33400378 0.66633093 0.66666681 -0.26947492 0.40333268 0.8744747 -0.20548822 0.40994495 0.88866174 -0.20419943 0.54287016 0.81461316 -0.89736247 0.27512363 0.34503287 -0.72598141 0.65865052 0.19781426 -0.9336682 0.33239427 0.13333343 -0.89736247 0.27512363 0.34503287 -0.67945844 0.61027658 0.40730667 -0.72598141 0.65865052 0.19781426 -0.61136919 0.40669167 0.67884427 -0.67945844 0.61027658 0.40730667 -0.89736247 0.27512363 0.34503287 -0.61136919 0.40669167 0.67884427 -0.40906942 0.81608546 0.40824842 -0.67945844 0.61027658 0.40730667 -0.33400378 0.66633093 0.66666681 -0.40906942 0.81608546 0.40824842 -0.61136919 0.40669167 0.67884427 -0.40906942 0.81608546 0.40824842 -0.72598141 0.65865052 0.19781426 -0.67945844 0.61027658 0.40730667 -0.40906942 0.81608546 0.40824842 -0.33061868 0.92280054 0.19781427 -0.72598141 0.65865052 0.19781426 -0.13704093 0.95244193 0.27216566 -0.33061868 0.92280054 0.19781427 -0.40906942 0.81608546 0.40824842 -0.19668263 0.97829473 0.065232933 -0.13061875 0.97217464 0.19446124 -0.13201281 0.98255032 0.13102448 -0.19668263 0.97829473 0.065232933 -0.33061868 0.92280054 0.19781427 -0.13061875 0.97217464 0.19446124 -0.48447815 0.27619845 0.83005744 -0.33400378 0.66633093 0.66666681 -0.61136919 0.40669167 0.67884427 -0.48447815 0.27619845 0.83005744 -0.26947492 0.40333268 0.8744747 -0.33400378 0.66633093 0.66666681 -0.26927191 0.20153095 0.94174194 -0.26947492 0.40333268 0.8744747 -0.48447815 0.27619845 0.83005744 -0.40906942 0.81608546 0.40824842 -0.13924737 0.89908916 0.41502881 -0.13704093 0.95244193 0.27216566 -0.40906942 0.81608546 0.40824842 -0.13296132 0.79284894 0.59473687 -0.13924737 0.89908916 0.41502881 -0.33400378 0.66633093 0.66666681 -0.13296132 0.79284894 0.59473687 -0.40906942 0.81608546 0.40824842 -0.33061868 0.92280054 0.19781427 -0.41593304 0.89881086 0.13834302 -0.72598141 0.65865052 0.19781426 -0.19668263 0.97829473 0.065232933 -0.41593304 0.89881086 0.13834302 -0.33061868 0.92280054 0.19781427 -0.97243547 0.12866257 0.1944612 -0.89736247 0.27512363 0.34503287 -0.9336682 0.33239427 0.13333343 -0.97243547 0.12866257 0.1944612 -0.95919478 -0.069483839 0.27407554 -0.89736247 0.27512363 0.34503287 -0.97842598 -0.06621711 0.19569847 -0.95919478 -0.069483839 0.27407554 -0.97243547 0.12866257 0.1944612 -0.88047063 -0.0008857642 0.47409987 -0.89736247 0.27512363 0.34503287 -0.95919478 -0.069483839 0.27407554 -0.88047063 -0.0008857642 0.47409987 -0.75747859 0.20576656 0.61958563 -0.89736247 0.27512363 0.34503287 -0.76822084 -0.00077286654 0.64018446 -0.75747859 0.20576656 0.61958563 -0.88047063 -0.0008857642 0.47409987 -0.20548822 0.40994495 0.88866174 -0.27637312 0.34475484 0.89708531 -0.20207235 0.26886585 0.94174194 -0.20548822 0.40994495 0.88866174 -0.26927191 0.20153095 0.94174194 -0.27637312 0.34475484 0.89708531 -0.26947492 0.40333268 0.8744747 -0.26927191 0.20153095 0.94174194 -0.20548822 0.40994495 0.88866174 -0.33346725 0.13299784 0.9333334 -0.26927191 0.20153095 0.94174194 -0.48447815 0.27619845 0.83005744 -0.89736247 0.27512363 0.34503287 -0.75747859 0.20576656 0.61958563 -0.61136919 0.40669167 0.67884427 -0.13704093 0.95244193 0.27216566 -0.13061875 0.97217464 0.19446124 -0.33061868 0.92280054 0.19781427 -0.87236738 -0.13510889 0.46980926 -0.88047063 -0.0008857642 0.47409987 -0.95919478 -0.069483839 0.27407554 -0.87236738 -0.13510889 0.46980926 -0.76822084 -0.00077286654 0.64018446 -0.88047063 -0.0008857642 0.47409987 -0.59999967 -0.00060366385 0.80000007 -0.5495801 0.13680768 0.82416344 -0.76822084 -0.00077286654 0.64018446 -0.95919478 -0.069483839 0.27407554 -0.93319869 -0.1342722 0.33333337 -0.87236738 -0.13510889 0.46980926 -0.95919478 -0.069483839 0.27407554 -0.9721747 -0.1306188 0.19446117 -0.93319869 -0.1342722 0.33333337 -0.97842598 -0.06621711 0.19569847 -0.9721747 -0.1306188 0.19446117 -0.95919478 -0.069483839 0.27407554 -0.9721747 -0.1306188 0.19446117 -0.95681351 -0.20603842 0.20507582 -0.93319869 -0.1342722 0.33333337 -0.33564532 0.066777885 0.93961847 -0.26927191 0.20153095 0.94174194 -0.33346725 0.13299784 0.9333334 -0.27637312 0.34475484 0.89708531 -0.26927191 0.20153095 0.94174194 -0.20207235 0.26886585 0.94174194 -0.13704093 0.95244193 0.27216566 -0.13704093 0.95244193 0.27216566 -0.13061875 0.97217464 0.19446124 -0.13924737 0.89908916 0.41502881 -0.1351088 0.87236732 0.46980935 -0.13704093 0.95244193 0.27216566 -0.13296132 0.79284894 0.59473687 -0.19854362 0.72511905 0.65938061 -0.1351088 0.87236732 0.46980935 -0.13296132 0.79284894 0.59473687 -0.13997728 0.62691909 0.76640636 -0.19854362 0.72511905 0.65938061 -0.20419943 0.54287016 0.81461316 -0.13997728 0.62691909 0.76640636 -0.13296132 0.79284894 0.59473687 -0.20419943 0.54287016 0.81461316 -0.19814563 0.32949099 0.92313272 -0.13997728 0.62691909 0.76640636 -0.20548822 0.40994495 0.88866174 -0.19814563 0.32949099 0.92313272 -0.20419943 0.54287016 0.81461316 -0.20548822 0.40994495 0.88866174 -0.13635643 0.27202839 0.95257938 -0.19814563 0.32949099 0.92313272 -0.20207235 0.26886585 0.94174194 -0.13635643 0.27202839 0.95257938 -0.20548822 0.40994495 0.88866174 -0.7382037 -0.067858316 0.67115611 -0.76822084 -0.00077286654 0.64018446 -0.87236738 -0.13510889 0.46980926 -0.59999967 -0.00060366385 0.80000007 -0.76822084 -0.00077286654 0.64018446 -0.7382037 -0.067858316 0.67115611 -0.39313874 0.065116629 0.91717058 -0.5495801 0.13680768 0.82416344 -0.59999967 -0.00060366385 0.80000007 -0.39313874 0.065116629 0.91717058 -0.46994397 0.13375844 0.87250292 -0.5495801 0.13680768 0.82416344 -0.39313874 0.065116629 0.91717058 -0.46994397 0.13375844 0.87250292 -0.39313874 0.065116629 0.91717058 -0.39313874 0.065116629 0.91717058 -0.33564532 0.066777885 0.93961847 -0.46994397 0.13375844 0.87250292 -0.2741442 0.068243012 0.95926422 -0.33564532 0.066777885 0.93961847 -0.39313874 0.065116629 0.91717058 -0.39313874 0.065116629 0.91717058 -0.2741442 0.068243012 0.95926422 -0.39313874 0.065116629 0.91717058 -0.33564532 0.066777885 0.93961847 -0.13635643 0.27202839 0.95257938 -0.26927191 0.20153095 0.94174194 -0.2741442 0.068243012 0.95926422 -0.13635643 0.27202839 0.95257938 -0.33564532 0.066777885 0.93961847 -0.2741442 0.068243012 0.95926422 -0.12983623 0.1943305 0.97230566 -0.13635643 0.27202839 0.95257938 -0.20207235 0.26886585 0.94174194 -0.26927191 0.20153095 0.94174194 -0.13635643 0.27202839 0.95257938 -0.99122739 -0.00099713891 0.13216378 -0.99565125 0.065370783 0.066372395 -0.95271569 0.13512442 0.2721656 -0.39649034 0.85679615 0.32969037 -0.62783033 0.76577508 0.13934673 -0.52383095 0.84931004 0.065372176 -0.39649034 0.85679615 0.32969037 -0.7151798 0.64885068 0.25982803 -0.62783033 0.76577508 0.13934673 -0.27312362 0.95230502 0.1360829 -0.13704093 0.95244193 0.27216566 -0.39649034 0.85679615 0.32969037 -0.7151798 0.64885068 0.25982803 -0.79882997 0.59786779 0.066519126 -0.62783033 0.76577508 0.13934673 -0.7151798 0.64885068 0.25982803 -0.89964586 0.41412389 0.13834299 -0.79882997 0.59786779 0.066519126 -0.85759211 0.39476573 0.32969034 -0.89964586 0.41412389 0.13834299 -0.7151798 0.64885068 0.25982803 -0.85759211 0.39476573 0.32969034 -0.88907379 0.40925738 0.20507589 -0.89964586 0.41412389 0.13834299 -0.95285261 0.27120712 0.13608286 -0.88907379 0.40925738 0.20507589 -0.85759211 0.39476573 0.32969034 -0.95271569 0.13512442 0.2721656 -0.85759211 0.39476573 0.32969034 -0.89936751 0.13743819 0.41502875 -0.95271569 0.13512442 0.2721656 -0.95285261 0.27120712 0.13608286 -0.85759211 0.39476573 0.32969034 -0.99565125 0.065370783 0.066372395 -0.95285261 0.27120712 0.13608286 -0.95271569 0.13512442 0.2721656 -0.27312362 0.95230502 0.1360829 -0.13061875 0.97217464 0.19446124 -0.13704093 0.95244193 0.27216566 -0.39649034 0.85679615 0.32969037 -0.27312362 0.95230502 0.1360829 -0.27312362 0.95230502 0.1360829 -0.52383095 0.84931004 0.065372176 -0.27312362 0.95230502 0.1360829 -0.39649034 0.85679615 0.32969037 -0.13115604 0.13089238 0.98268265 -0.46994397 0.13375844 0.87250292 -0.4151676 0.13792521 0.89922887 -0.19814563 0.32949099 0.92313272 -0.20548822 0.40994495 0.88866174 -0.13635643 0.27202839 0.95257938 -0.1995842 0.46440569 0.86284035 -0.20548822 0.40994495 0.88866174 -0.19814563 0.32949099 0.92313272 -0.20419943 0.54287016 0.81461316 -0.20548822 0.40994495 0.88866174 -0.1995842 0.46440569 0.86284035 -0.20419943 0.54287016 0.81461316 -0.26779875 0.53425324 0.8017838 -0.20548822 0.40994495 0.88866174 -0.20821002 0.69150531 0.69171458 -0.26779875 0.53425324 0.8017838 -0.20419943 0.54287016 0.81461316 -0.26583901 0.92690569 0.26490659 -0.19874264 0.92293316 0.32969037 -0.20274906 0.94153839 0.26906922 -0.26583901 0.92690569 0.26490659 -0.2059696 0.88845491 0.41015169 -0.19874264 0.92293316 0.32969037 -0.26806763 0.80151445 0.53452259 -0.2059696 0.88845491 0.41015169 -0.26583901 0.92690569 0.26490659 -0.26806763 0.80151445 0.53452259 -0.19690514 0.78426677 0.58834851 -0.2059696 0.88845491 0.41015169 -0.20821002 0.69150531 0.69171458 -0.19690514 0.78426677 0.58834851 -0.26806763 0.80151445 0.53452259 -0.20821002 0.69150531 0.69171458 -0.20729014 0.75706303 0.61958569 -0.19690514 0.78426677 0.58834851 -0.20821002 0.69150531 0.69171458 -0.13276188 0.59460342 0.7929824 -0.20729014 0.75706303 0.61958569 -0.20419943 0.54287016 0.81461316 -0.13276188 0.59460342 0.7929824 -0.20821002 0.69150531 0.69171458 -0.20274906 0.94153839 0.26906922 -0.27001631 0.94147074 0.20180197 -0.26583901 0.92690569 0.26490659 -0.20274906 0.94153839 0.26906922 -0.13201281 0.98255032 0.13102448 -0.27001631 0.94147074 0.20180197 -0.33820835 0.33752853 0.87845868 -0.46480632 0.19864942 0.86284035 -0.20528191 0.20486927 0.95702034 -0.5486331 0.47908038 0.68518883 -0.46480632 0.19864942 0.86284035 -0.33820835 0.33752853 0.87845868 -0.5486331 0.47908038 0.68518883 -0.58854532 0.1955241 0.7844646 -0.46480632 0.19864942 0.86284035 -0.74528611 0.27016455 0.60955697 -0.58854532 0.1955241 0.7844646 -0.5486331 0.47908038 0.68518883 -0.74528611 0.27016455 0.60955697 -0.73346704 0.13259549 0.66666675 -0.58854532 0.1955241 0.7844646 -0.34906715 0.69638211 0.62705982 -0.26779875 0.53425324 0.8017838 -0.20821002 0.69150531 0.69171458 -0.34906715 0.69638211 0.62705982 -0.5486331 0.47908038 0.68518883 -0.26779875 0.53425324 0.8017838 -0.55281574 0.75851637 0.3450329 -0.5486331 0.47908038 0.68518883 -0.34906715 0.69638211 0.62705982 -0.55281574 0.75851637 0.3450329 -0.74562681 0.60880715 0.27091432 -0.5486331 0.47908038 0.68518883 -0.79358023 0.59393877 0.13216384 -0.74562681 0.60880715 0.27091432 -0.55281574 0.75851637 0.3450329 -0.5486331 0.47908038 0.68518883 -0.20548822 0.40994495 0.88866174 -0.26779875 0.53425324 0.8017838 -0.33820835 0.33752853 0.87845868 -0.20548822 0.40994495 0.88866174 -0.5486331 0.47908038 0.68518883 -0.33820835 0.33752853 0.87845868 -0.19814563 0.32949099 0.92313272 -0.20548822 0.40994495 0.88866174 -0.12983623 0.1943305 0.97230566 -0.19814563 0.32949099 0.92313272 -0.33820835 0.33752853 0.87845868 -0.87879801 0.33698478 0.33786878 -0.89964586 0.41412389 0.13834299 -0.97868842 0.19471401 0.065232888 -0.74562681 0.60880715 0.27091432 -0.89964586 0.41412389 0.13834299 -0.87879801 0.33698478 0.33786878 -0.74562681 0.60880715 0.27091432 -0.79358023 0.59393877 0.13216384 -0.89964586 0.41412389 0.13834299 -0.39148328 0.91092896 0.13018905 -0.26583901 0.92690569 0.26490659 -0.27001631 0.94147074 0.20180197 -0.55281574 0.75851637 0.3450329 -0.26583901 0.92690569 0.26490659 -0.39148328 0.91092896 0.13018905 -0.55281574 0.75851637 0.3450329 -0.26806763 0.80151445 0.53452259 -0.26583901 0.92690569 0.26490659 -0.34906715 0.69638211 0.62705982 -0.26806763 0.80151445 0.53452259 -0.55281574 0.75851637 0.3450329 -0.34906715 0.69638211 0.62705982 -0.20821002 0.69150531 0.69171458 -0.26806763 0.80151445 0.53452259 -0.55281574 0.75851637 0.3450329 -0.62783033 0.76577508 0.13934673 -0.79358023 0.59393877 0.13216384 -0.55281574 0.75851637 0.3450329 -0.39148328 0.91092896 0.13018905 -0.62783033 0.76577508 0.13934673 -0.95271569 0.13512442 0.2721656 -0.97868842 0.19471401 0.065232888 -0.97243547 0.12866257 0.1944612 -0.95271569 0.13512442 0.2721656 -0.87879801 0.33698478 0.33786878 -0.97868842 0.19471401 0.065232888 -0.87879801 0.33698478 0.33786878 -0.5486331 0.47908038 0.68518883 -0.74562681 0.60880715 0.27091432 -0.87879801 0.33698478 0.33786878 -0.74528611 0.27016455 0.60955697 -0.5486331 0.47908038 0.68518883 -0.89936751 0.13743819 0.41502875 -0.74528611 0.27016455 0.60955697 -0.87879801 0.33698478 0.33786878 -0.87879801 0.33698478 0.33786878 -0.95271569 0.13512442 0.2721656 -0.89936751 0.13743819 0.41502875 -0.89936751 0.13743819 0.41502875 -0.73346704 0.13259549 0.66666675 -0.74528611 0.27016455 0.60955697 -0.26927191 0.20153095 0.94174194 -0.33820835 0.33752853 0.87845868 -0.20528191 0.20486927 0.95702034 -0.19814563 0.32949099 0.92313272 -0.13635643 0.27202839 0.95257938 -0.20548822 0.40994495 0.88866174 -0.26927191 0.20153095 0.94174194 -0.12983623 0.1943305 0.97230566 -0.33820835 0.33752853 0.87845868 -0.34531021 0.27567887 0.89708531 -0.47444019 0.33816552 0.81274259 -0.26517275 0.26463974 0.92717272 -0.34531021 0.27567887 0.89708531 -0.61136919 0.40669167 0.67884427 -0.47444019 0.33816552 0.81274259 -0.89936751 0.13743819 0.41502875 -0.95271569 0.13512442 0.2721656 -0.95271569 0.13512442 0.2721656 -0.82430112 0.13653135 0.54944229 -0.89936751 0.13743819 0.41502875 -0.95271569 0.13512442 0.2721656 -0.73346704 0.13259549 0.66666675 -0.89936751 0.13743819 0.41502875 -0.82430112 0.13653135 0.54944229 -0.95271569 0.13512442 0.2721656 -0.95271569 0.13512442 0.2721656 -0.97243547 0.12866257 0.1944612 -0.46994397 0.13375844 0.87250292 -0.58854532 0.1955241 0.7844646 -0.73346704 0.13259549 0.66666675 -0.46994397 0.13375844 0.87250292 -0.46480632 0.19864942 0.86284035 -0.58854532 0.1955241 0.7844646 -0.46994397 0.13375844 0.87250292 -0.20528191 0.20486927 0.95702034 -0.46480632 0.19864942 0.86284035 -0.99122739 -0.00099713891 0.13216378 -0.95271569 0.13512442 0.2721656 -0.97243547 0.12866257 0.1944612 -0.12983623 0.1943305 0.97230566 -0.13635643 0.27202839 0.95257938 -0.19814563 0.32949099 0.92313272 -0.12983623 0.1943305 0.97230566 -0.20528191 0.20486927 0.95702034 -0.13635643 0.27202839 0.95257938 -0.20528191 0.20486927 0.95702034 -0.20528191 0.20486927 0.95702034 -0.12983623 0.1943305 0.97230566 -0.20528191 0.20486927 0.95702034 -0.20528191 0.20486927 0.95702034 -0.20528191 0.20486927 0.95702034 -0.46994397 0.13375844 0.87250292 -0.20528191 0.20486927 0.95702034 -0.20528191 0.20486927 0.95702034 -0.13635643 0.27202839 0.95257938 -0.20207235 0.26886585 0.94174194 -0.19814563 0.32949099 0.92313272 -0.13635643 0.27202839 0.95257938 -0.20528191 0.20486927 0.95702034 -0.20207235 0.26886585 0.94174194 -0.20528191 0.20486927 0.95702034 -0.20528191 0.20486927 0.95702034 -0.13635643 0.27202839 0.95257938 -0.12983623 0.1943305 0.97230566 -0.26927191 0.20153095 0.94174194 -0.20528191 0.20486927 0.95702034 -0.8502965 0.45674917 0.26148829 -0.89743185 0.34413016 0.27602631 -0.89964586 0.41412389 0.13834299 -0.73042905 0.33112696 0.59735101 -0.89743185 0.34413016 0.27602631 -0.8502965 0.45674917 0.26148829 -0.20528191 0.20486927 0.95702034 -0.13115604 0.13089238 0.98268265 -0.34531021 0.27567887 0.89708531 -0.34531021 0.27567887 0.89708531 -0.20528191 0.20486927 0.95702034 -0.20528191 0.20486927 0.95702034 -0.34531021 0.27567887 0.89708531 -0.20528191 0.20486927 0.95702034 -0.20528191 0.20486927 0.95702034 -0.26517275 0.26463974 0.92717272 -0.20528191 0.20486927 0.95702034 -0.34531021 0.27567887 0.89708531 -0.73042905 0.33112696 0.59735101 -0.61136919 0.40669167 0.67884427 -0.34531021 0.27567887 0.89708531 -0.73042905 0.33112696 0.59735101 -0.76689649 0.48694184 0.41803989 -0.61136919 0.40669167 0.67884427 -0.8502965 0.45674917 0.26148829 -0.76689649 0.48694184 0.41803989 -0.73042905 0.33112696 0.59735101 -0.82430112 0.13653135 0.54944229 -0.95271569 0.13512442 0.2721656 -0.89936751 0.13743819 0.41502875 -0.46994397 0.13375844 0.87250292 -0.46480632 0.19864942 0.86284035 -0.46994397 0.13375844 0.87250292 -0.46994397 0.13375844 0.87250292 -0.46994397 0.13375844 0.87250292 -0.46480632 0.19864942 0.86284035 -0.73346704 0.13259549 0.66666675 -0.619793 0.20590505 0.75727129 -0.46994397 0.13375844 0.87250292 -0.73346704 0.13259549 0.66666675 -0.82430112 0.13653135 0.54944229 -0.619793 0.20590505 0.75727129 -0.46994397 0.13375844 0.87250292 -0.20528191 0.20486927 0.95702034 -0.20528191 0.20486927 0.95702034 -0.13115604 0.13089238 0.98268265 -0.20528191 0.20486927 0.95702034 -0.46994397 0.13375844 0.87250292 -0.13635643 0.27202839 0.95257938 -0.12983623 0.1943305 0.97230566 -0.19814563 0.32949099 0.92313272 -0.13115604 0.13089238 0.98268265 -0.12983623 0.1943305 0.97230566 -0.2741442 0.068243012 0.95926422 -0.2741442 0.068243012 0.95926422 -0.13115604 0.13089238 0.98268265 -0.39313874 0.065116629 0.91717058 -0.2741442 0.068243012 0.95926422 -0.39313874 0.065116629 0.91717058 -0.13115604 0.13089238 0.98268265 -0.74528611 0.27016455 0.60955697 -0.89736247 0.27512363 0.34503287 -0.73042905 0.33112696 0.59735101 -0.74528611 0.27016455 0.60955697 -0.73346704 0.13259549 0.66666675 -0.89736247 0.27512363 0.34503287 -0.41035759 0.20466298 0.88866174 -0.73346704 0.13259549 0.66666675 -0.74528611 0.27016455 0.60955697 -0.41035759 0.20466298 0.88866174 -0.4151676 0.13792521 0.89922887 -0.73346704 0.13259549 0.66666675 -0.19459137 0.12944494 0.9723056 -0.4151676 0.13792521 0.89922887 -0.41035759 0.20466298 0.88866174 -0.41035759 0.20466298 0.88866174 -0.19459137 0.12944494 0.9723056 -0.13115604 0.13089238 0.98268265 -0.41035759 0.20466298 0.88866174 -0.19459137 0.12944494 0.9723056 -0.19459137 0.12944494 0.9723056 -0.34531021 0.27567887 0.89708531 -0.19459137 0.12944494 0.9723056 -0.41035759 0.20466298 0.88866174 -0.89743185 0.34413016 0.27602631 -0.95953941 0.27311036 0.068518959 -0.9617998 0.27375373 8.9924676e-08 -0.89736247 0.27512363 0.34503287 -0.95953941 0.27311036 0.068518959 -0.89743185 0.34413016 0.27602631 -0.89736247 0.27512363 0.34503287 -0.95285261 0.27120712 0.13608286 -0.95953941 0.27311036 0.068518959 -0.97868842 0.19471401 0.065232888 -0.95285261 0.27120712 0.13608286 -0.89736247 0.27512363 0.34503287 -0.97243547 0.12866257 0.1944612 -0.89736247 0.27512363 0.34503287 -0.73346704 0.13259549 0.66666675 -0.97243547 0.12866257 0.1944612 -0.97868842 0.19471401 0.065232888 -0.89736247 0.27512363 0.34503287 -0.98281395 0.13003576 0.13102444 -0.97868842 0.19471401 0.065232888 -0.97243547 0.12866257 0.1944612 -0.13115604 0.13089238 0.98268265 -0.19459137 0.12944494 0.9723056 -0.41035759 0.20466298 0.88866174 -0.74528611 0.27016455 0.60955697 -0.73042905 0.33112696 0.59735101 -0.41035759 0.20466298 0.88866174 -0.19459137 0.12944494 0.9723056 -0.27230224 0.1358088 0.95257938 -0.4151676 0.13792521 0.89922887 -0.4151676 0.13792521 0.89922887 -0.46994397 0.13375844 0.87250292 -0.46994397 0.13375844 0.87250292 -0.5539279 0.55281454 0.62254316 -0.7151798 0.64885068 0.25982803 -0.39649034 0.85679615 0.32969037 -0.5539279 0.55281454 0.62254316 -0.85759211 0.39476573 0.32969034 -0.7151798 0.64885068 0.25982803 -0.74528611 0.27016455 0.60955697 -0.85759211 0.39476573 0.32969034 -0.5539279 0.55281454 0.62254316 -0.74528611 0.27016455 0.60955697 -0.89936751 0.13743819 0.41502875 -0.85759211 0.39476573 0.32969034 -0.82430112 0.13653135 0.54944229 -0.89936751 0.13743819 0.41502875 -0.74528611 0.27016455 0.60955697 -0.34579617 0.75872457 0.55205256 -0.1351088 0.87236732 0.46980935 -0.19854362 0.72511905 0.65938061 -0.34579617 0.75872457 0.55205256 -0.13704093 0.95244193 0.27216566 -0.1351088 0.87236732 0.46980935 -0.39649034 0.85679615 0.32969037 -0.13704093 0.95244193 0.27216566 -0.34579617 0.75872457 0.55205256 -0.41035759 0.20466298 0.88866174 -0.20528191 0.20486927 0.95702034 -0.19459137 0.12944494 0.9723056 -0.41035759 0.20466298 0.88866174 -0.33820835 0.33752853 0.87845868 -0.20528191 0.20486927 0.95702034 -0.5539279 0.55281454 0.62254316 -0.33820835 0.33752853 0.87845868 -0.41035759 0.20466298 0.88866174 -0.5539279 0.55281454 0.62254316 -0.27717265 0.48392144 0.83005744 -0.33820835 0.33752853 0.87845868 -0.34579617 0.75872457 0.55205256 -0.27717265 0.48392144 0.83005744 -0.5539279 0.55281454 0.62254316 -0.34579617 0.75872457 0.55205256 -0.19854362 0.72511905 0.65938061 -0.27717265 0.48392144 0.83005744 -0.74528611 0.27016455 0.60955697 -0.619793 0.20590505 0.75727129 -0.82430112 0.13653135 0.54944229 -0.41035759 0.20466298 0.88866174 -0.619793 0.20590505 0.75727129 -0.74528611 0.27016455 0.60955697 -0.41035759 0.20466298 0.88866174 -0.46994397 0.13375844 0.87250292 -0.619793 0.20590505 0.75727129 -0.19814563 0.32949099 0.92313272 -0.27717265 0.48392144 0.83005744 -0.13997728 0.62691909 0.76640636 -0.19814563 0.32949099 0.92313272 -0.20528191 0.20486927 0.95702034 -0.27717265 0.48392144 0.83005744 -0.12983623 0.1943305 0.97230566 -0.20528191 0.20486927 0.95702034 -0.19814563 0.32949099 0.92313272 -0.19854362 0.72511905 0.65938061 -0.13997728 0.62691909 0.76640636 -0.27717265 0.48392144 0.83005744 -0.19814563 0.32949099 0.92313272 -0.12983623 0.1943305 0.97230566 -0.12983623 0.1943305 0.97230566 -0.33820835 0.33752853 0.87845868 -0.20528191 0.20486927 0.95702034 -0.20528191 0.20486927 0.95702034 -0.33820835 0.33752853 0.87845868 -0.20528191 0.20486927 0.95702034 -0.20528191 0.20486927 0.95702034 -0.27717265 0.48392144 0.83005744 -0.20528191 0.20486927 0.95702034 -0.33820835 0.33752853 0.87845868 -0.27717265 0.48392144 0.83005744 -0.20528191 0.20486927 0.95702034 -0.20528191 0.20486927 0.95702034 -0.20528191 0.20486927 0.95702034 -0.20528191 0.20486927 0.95702034 -0.27717265 0.48392144 0.83005744 -0.46994397 0.13375844 0.87250292 -0.41035759 0.20466298 0.88866174 -0.19459137 0.12944494 0.9723056 -0.46994397 0.13375844 0.87250292 -0.41035759 0.20466298 0.88866174 -0.46994397 0.13375844 0.87250292 -0.41035759 0.20466298 0.88866174 -0.74528611 0.27016455 0.60955697 -0.5539279 0.55281454 0.62254316 -0.39649034 0.85679615 0.32969037 -0.34579617 0.75872457 0.55205256 -0.5539279 0.55281454 0.62254316 -0.95953941 0.27311036 0.068518959 -0.94201207 0.2681216 0.20180193 -0.9617998 0.27375373 8.9924676e-08 -0.95285261 0.27120712 0.13608286 -0.95953941 0.27311036 0.068518959 -0.95953941 0.27311036 0.068518959 -0.13115604 0.13089238 0.98268265 -0.12983623 0.1943305 0.97230566 -0.12983623 0.1943305 0.97230566 -0.13115604 0.13089238 0.98268265 -0.20528191 0.20486927 0.95702034 -0.12983623 0.1943305 0.97230566 -0.13115604 0.13089238 0.98268265 -0.20528191 0.20486927 0.95702034 -0.13115604 0.13089238 0.98268265 -0.13115604 0.13089238 0.98268265 -0.20528191 0.20486927 0.95702034 -0.20528191 0.20486927 0.95702034 -0.20528191 0.20486927 0.95702034 -0.20528191 0.20486927 0.95702034 -0.13115604 0.13089238 0.98268265 -0.13115604 0.13089238 0.98268265 -0.19459137 0.12944494 0.9723056 -0.13115604 0.13089238 0.98268265 -0.27230224 0.1358088 0.95257938 -0.19459137 0.12944494 0.9723056 -0.13115604 0.13089238 0.98268265 -0.20528191 0.20486927 0.95702034 -0.19459137 0.12944494 0.9723056 -0.19459137 0.12944494 0.9723056 -0.20528191 0.20486927 0.95702034 -0.19459137 0.12944494 0.9723056 -0.20528191 0.20486927 0.95702034 -0.20528191 0.20486927 0.95702034 -0.13115604 0.13089238 0.98268265 -0.19459137 0.12944494 0.9723056 -0.20528191 0.20486927 0.95702034 -0.13115604 0.13089238 0.98268265 -0.20528191 0.20486927 0.95702034 -0.19459137 0.12944494 0.9723056 -0.19459137 0.12944494 0.9723056 -0.19459137 0.12944494 0.9723056 -0.19459137 0.12944494 0.9723056 -0.46994397 0.13375844 0.87250292 -0.19459137 0.12944494 0.9723056 -0.4151676 0.13792521 0.89922887 -0.46994397 0.13375844 0.87250292 -0.19459137 0.12944494 0.9723056 -0.13115604 0.13089238 0.98268265 -0.4151676 0.13792521 0.89922887 -0.19459137 0.12944494 0.9723056 0.93995559 -0.33463266 0.067115508 0.95953941 -0.27311039 0.06851878 0.87893403 -0.47213227 0.067573629 0.95953941 -0.27311039 0.06851878 0.98281395 -0.13003579 0.13102429 0.99565125 -0.065370798 0.06637226 -0.9617998 0.27375373 8.9924676e-08 -0.94201207 0.2681216 0.20180193 -0.92346382 0.32876143 0.19781423 -0.97868842 0.19471401 0.065232888 -0.94194442 0.20085436 0.26906919 -0.95285261 0.27120712 0.13608286 0.95953941 -0.27311039 0.06851878 0.95953941 -0.27311039 0.06851878 0.93995559 -0.33463266 0.067115508 -0.73042905 0.33112696 0.59735101 -0.89736247 0.27512363 0.34503287 -0.89743185 0.34413016 0.27602631 -0.34531021 0.27567887 0.89708531 -0.13115604 0.13089238 0.98268265 -0.19459137 0.12944494 0.9723056 -0.89743185 0.34413016 0.27602631 -0.9617998 0.27375373 8.9924676e-08 -0.92346382 0.32876143 0.19781423 -0.89743185 0.34413016 0.27602631 -0.92346382 0.32876143 0.19781423 -0.89964586 0.41412389 0.13834299 -0.92346382 0.32876143 0.19781423 -0.92346382 0.32876143 0.19781423 -0.89743185 0.34413016 0.27602631 -0.41035759 0.20466298 0.88866174 -0.73042905 0.33112696 0.59735101 -0.34531021 0.27567887 0.89708531 -0.81321901 0.47328195 0.33864284 -0.88907379 0.40925738 0.20507589 -0.85752583 0.32882774 0.39562836 -0.89964586 0.41412389 0.13834299 -0.88907379 0.40925738 0.20507589 -0.87893403 0.47213224 0.067573853 -0.89964586 0.41412389 0.13834299 -0.91756546 0.39215025 0.065512285 -0.88907379 0.40925738 0.20507589 -0.92346382 0.32876143 0.19781423 -0.91756546 0.39215025 0.065512285 -0.89964586 0.41412389 0.13834299 -0.92346382 0.32876143 0.19781423 -0.9336682 0.33239427 0.13333343 -0.91756546 0.39215025 0.065512285 -0.92346382 0.32876143 0.19781423 -0.9336682 0.33239427 0.13333343 -0.92346382 0.32876143 0.19781423 -0.92346382 0.32876143 0.19781423 -0.92346382 0.32876143 0.19781423 -0.9336682 0.33239427 0.13333343 -0.9617998 0.27375373 8.9924676e-08 -0.92346382 0.32876143 0.19781423 -0.92346382 0.32876143 0.19781423 -0.74378651 0.47226813 0.47301626 -0.85752583 0.32882774 0.39562836 -0.67925358 0.40662339 0.61095989 -0.88907379 0.40925738 0.20507589 -0.91756546 0.39215025 0.065512285 -0.85752583 0.32882774 0.39562836 0.93995559 -0.33463266 0.067115508 0.87893403 -0.47213227 0.067573629 0.88094759 -0.47321388 -1.0887945e-07 -0.19690514 0.78426677 0.58834851 -0.26994863 0.8742035 0.40360379 -0.2059696 0.88845491 0.41015169 -0.40434778 0.7395336 0.53813833 -0.26994863 0.8742035 0.40360379 -0.19690514 0.78426677 0.58834851 -0.40434778 0.7395336 0.53813833 -0.40448314 0.87406814 0.26906922 -0.26994863 0.8742035 0.40360379 -0.5236994 0.718566 0.45760444 -0.40448314 0.87406814 0.26906922 -0.40434778 0.7395336 0.53813833 -0.5236994 0.718566 0.45760444 -0.62783033 0.76577508 0.13934673 -0.40448314 0.87406814 0.26906922 -0.68109792 0.67972898 0.27216566 -0.62783033 0.76577508 0.13934673 -0.5236994 0.718566 0.45760444 -0.68109792 0.67972898 0.27216566 -0.76703668 0.62628841 0.13934672 -0.62783033 0.76577508 0.13934673 -0.41593304 0.89881086 0.13834302 -0.62783033 0.76577508 0.13934673 -0.59553415 0.79238367 0.13216385 -0.41593304 0.89881086 0.13834302 -0.40448314 0.87406814 0.26906922 -0.62783033 0.76577508 0.13934673 -0.5236994 0.718566 0.45760444 -0.73069614 0.59661615 0.33186176 -0.68109792 0.67972898 0.27216566 -0.532754 0.59813541 0.5986712 -0.73069614 0.59661615 0.33186176 -0.5236994 0.718566 0.45760444 -0.532754 0.59813541 0.5986712 -0.68573976 0.54746133 0.47963223 -0.73069614 0.59661615 0.33186176 -0.62006998 0.48127627 0.61958569 -0.68573976 0.54746133 0.47963223 -0.532754 0.59813541 0.5986712 -0.26994863 0.8742035 0.40360379 -0.19874264 0.92293316 0.32969037 -0.2059696 0.88845491 0.41015169 -0.20274906 0.94153839 0.26906922 -0.19874264 0.92293316 0.32969037 -0.26994863 0.8742035 0.40360379 -0.27637312 0.34475484 0.89708531 -0.1995842 0.46440569 0.86284035 -0.19814563 0.32949099 0.92313272 -0.27637312 0.34475484 0.89708531 -0.2715272 0.60928398 0.74501407 -0.1995842 0.46440569 0.86284035 -0.47349173 0.47254002 0.74331117 -0.2715272 0.60928398 0.74501407 -0.27637312 0.34475484 0.89708531 -0.47349173 0.47254002 0.74331117 -0.532754 0.59813541 0.5986712 -0.2715272 0.60928398 0.74501407 -0.62006998 0.48127627 0.61958569 -0.532754 0.59813541 0.5986712 -0.47349173 0.47254002 0.74331117 -0.76703668 0.62628841 0.13934672 -0.73069614 0.59661615 0.33186176 -0.81515896 0.54225564 0.2036534 -0.76703668 0.62628841 0.13934672 -0.68109792 0.67972898 0.27216566 -0.73069614 0.59661615 0.33186176 -0.2715272 0.60928398 0.74501407 -0.13276188 0.59460342 0.7929824 -0.20419943 0.54287016 0.81461316 -0.2715272 0.60928398 0.74501407 -0.20729014 0.75706303 0.61958569 -0.13276188 0.59460342 0.7929824 -0.40434778 0.7395336 0.53813833 -0.20729014 0.75706303 0.61958569 -0.2715272 0.60928398 0.74501407 -0.532754 0.59813541 0.5986712 -0.40434778 0.7395336 0.53813833 -0.2715272 0.60928398 0.74501407 -0.5236994 0.718566 0.45760444 -0.40434778 0.7395336 0.53813833 -0.532754 0.59813541 0.5986712 -0.40448314 0.87406814 0.26906922 -0.20274906 0.94153839 0.26906922 -0.26994863 0.8742035 0.40360379 -0.40448314 0.87406814 0.26906922 -0.20603839 0.95681345 0.2050759 -0.20274906 0.94153839 0.26906922 -0.41593304 0.89881086 0.13834302 -0.20603839 0.95681345 0.2050759 -0.40448314 0.87406814 0.26906922 -0.20419943 0.54287016 0.81461316 -0.1995842 0.46440569 0.86284035 -0.2715272 0.60928398 0.74501407 -0.19690514 0.78426677 0.58834851 -0.20729014 0.75706303 0.61958569 -0.40434778 0.7395336 0.53813833 -0.20603839 0.95681345 0.2050759 -0.13201281 0.98255032 0.13102448 -0.20274906 0.94153839 0.26906922 -0.47444019 0.33816552 0.81274259 -0.47349173 0.47254002 0.74331117 -0.27637312 0.34475484 0.89708531 -0.47444019 0.33816552 0.81274259 -0.62006998 0.48127627 0.61958569 -0.47349173 0.47254002 0.74331117 -0.61136919 0.40669167 0.67884427 -0.62006998 0.48127627 0.61958569 -0.47444019 0.33816552 0.81274259 -0.61136919 0.40669167 0.67884427 -0.68573976 0.54746133 0.47963223 -0.62006998 0.48127627 0.61958569 -0.76689649 0.48694184 0.41803989 -0.68573976 0.54746133 0.47963223 -0.61136919 0.40669167 0.67884427 -0.76689649 0.48694184 0.41803989 -0.73069614 0.59661615 0.33186176 -0.68573976 0.54746133 0.47963223 -0.8502965 0.45674917 0.26148829 -0.73069614 0.59661615 0.33186176 -0.76689649 0.48694184 0.41803989 -0.8502965 0.45674917 0.26148829 -0.81515896 0.54225564 0.2036534 -0.73069614 0.59661615 0.33186176 -0.86330724 0.46373808 0.19911709 -0.81515896 0.54225564 0.2036534 -0.8502965 0.45674917 0.26148829 -0.27637312 0.34475484 0.89708531 -0.26517275 0.26463974 0.92717272 -0.47444019 0.33816552 0.81274259 -0.27637312 0.34475484 0.89708531 -0.20207235 0.26886585 0.94174194 -0.26517275 0.26463974 0.92717272 -0.19814563 0.32949099 0.92313272 -0.20207235 0.26886585 0.94174194 -0.27637312 0.34475484 0.89708531 -0.20207235 0.26886585 0.94174194 -0.20528191 0.20486927 0.95702034 -0.26517275 0.26463974 0.92717272 -0.8502965 0.45674917 0.26148829 -0.89964586 0.41412389 0.13834299 -0.86330724 0.46373808 0.19911709 -0.26517275 0.26463974 0.92717272 -0.20528191 0.20486927 0.95702034 -0.20528191 0.20486927 0.95702034 -0.87893403 0.47213224 0.067573853 -0.81515896 0.54225564 0.2036534 -0.86330724 0.46373808 0.19911709 -0.87893403 0.47213224 0.067573853 -0.76703668 0.62628841 0.13934672 -0.81515896 0.54225564 0.2036534 -0.72598141 0.65865052 0.19781426 -0.62783033 0.76577508 0.13934673 -0.76703668 0.62628841 0.13934672 -0.52050501 0.84391755 0.12991409 -0.62783033 0.76577508 0.13934673 -0.55027103 0.82361025 0.13736069 -0.52050501 0.84391755 0.12991409 -0.59553415 0.79238367 0.13216385 -0.62783033 0.76577508 0.13934673 -0.1954391 0.9721095 0.12964088 -0.066217072 0.97842592 0.19569854 -0.13287097 0.98893756 0.065938175 -0.87893403 0.47213224 0.067573853 -0.86330724 0.46373808 0.19911709 -0.89964586 0.41412389 0.13834299 -0.84496307 0.5188061 0.12991408 -0.76703668 0.62628841 0.13934672 -0.87893403 0.47213224 0.067573853 -0.55027103 0.82361025 0.13736069 -0.62783033 0.76577508 0.13934673 -0.72598141 0.65865052 0.19781426 -0.066217072 0.97842592 0.19569854 -0.13287097 0.98893756 0.065938175 -0.066217072 0.97842592 0.19569854 0.54389459 -0.81406641 0.20365314 0.67189837 -0.73759615 0.067115478 0.47389963 -0.87798238 0.067573607 0.58913726 -0.78387231 0.196116 0.67189837 -0.73759615 0.067115478 0.54389459 -0.81406641 0.20365314 0.67189837 -0.73759615 0.067115478 0.76703674 -0.62628841 0.13934648 0.79358023 -0.59393877 0.1321636 0.67189837 -0.73759615 0.067115478 0.70203954 -0.70062852 0.12751523 0.76703674 -0.62628841 0.13934648 0.58913726 -0.78387231 0.196116 0.70203954 -0.70062852 0.12751523 0.67189837 -0.73759615 0.067115478 0.81515902 -0.5422557 0.20365316 0.86330724 -0.46373814 0.19911689 0.87893403 -0.47213227 0.067573629 0.79358023 -0.59393877 0.1321636 0.87893403 -0.47213227 0.067573629 0.67189837 -0.73759615 0.067115478 0.81515902 -0.5422557 0.20365316 0.87893403 -0.47213227 0.067573629 0.79358023 -0.59393877 0.1321636 0.58913726 -0.78387231 0.196116 0.54389459 -0.81406641 0.20365314 0.55281579 -0.75851643 0.34503266 0.70203954 -0.70062852 0.12751523 0.69736344 -0.62635857 0.34836638 0.76703674 -0.62628841 0.13934648 0.70203954 -0.70062852 0.12751523 0.55281579 -0.75851643 0.34503266 0.69736344 -0.62635857 0.34836638 0.58913726 -0.78387231 0.196116 0.55281579 -0.75851643 0.34503266 0.70203954 -0.70062852 0.12751523 0.87893403 -0.47213227 0.067573629 0.86330724 -0.46373814 0.19911689 0.88094759 -0.47321388 -1.0887945e-07 0.87893403 -0.47213227 0.067573629 0.86330724 -0.46373814 0.19911689 0.86330724 -0.46373814 0.19911689 -0.74378651 0.47226813 0.47301626 -0.67925358 0.40662339 0.61095989 -0.65984446 0.46090272 0.59344256 -0.81321901 0.47328195 0.33864284 -0.85752583 0.32882774 0.39562836 -0.74378651 0.47226813 0.47301626 0.54389459 -0.81406641 0.20365314 0.47389963 -0.87798238 0.067573607 0.52383095 -0.8493101 0.065371908 -0.84496307 0.5188061 0.12991408 -0.88907379 0.40925738 0.20507589 -0.81321901 0.47328195 0.33864284 -0.59920603 0.53154951 0.5986712 -0.53854388 0.40306205 0.73994011 -0.3391194 0.47375882 0.81274259 -0.65984446 0.46090272 0.59344256 -0.53854388 0.40306205 0.73994011 -0.59920603 0.53154951 0.5986712 -0.39595968 0.329292 0.85719466 -0.3391194 0.47375882 0.81274259 -0.53854388 0.40306205 0.73994011 -0.39595968 0.329292 0.85719466 -0.19814563 0.32949099 0.92313272 -0.3391194 0.47375882 0.81274259 -0.20207235 0.26886585 0.94174194 -0.19814563 0.32949099 0.92313272 -0.39595968 0.329292 0.85719466 -0.81321901 0.47328195 0.33864284 -0.72598141 0.65865052 0.19781426 -0.84496307 0.5188061 0.12991408 -0.74378651 0.47226813 0.47301626 -0.69736344 0.62635845 0.34836662 -0.81321901 0.47328195 0.33864284 -0.65984446 0.46090272 0.59344256 -0.59920603 0.53154951 0.5986712 -0.74378651 0.47226813 0.47301626 -0.87893403 0.47213224 0.067573853 -0.88907379 0.40925738 0.20507589 -0.84496307 0.5188061 0.12991408 -0.53532875 0.80124563 0.26726136 -0.52050501 0.84391755 0.12991409 -0.55027103 0.82361025 0.13736069 -0.53532875 0.80124563 0.26726136 -0.34593502 0.89673769 0.27602634 -0.52050501 0.84391755 0.12991409 -0.4079892 0.67843407 0.61095995 -0.34593502 0.89673769 0.27602634 -0.53532875 0.80124563 0.26726136 -0.53532875 0.80124563 0.26726136 -0.72598141 0.65865052 0.19781426 -0.69736344 0.62635845 0.34836662 -0.55027103 0.82361025 0.13736069 -0.72598141 0.65865052 0.19781426 -0.53532875 0.80124563 0.26726136 -0.76703668 0.62628841 0.13934672 -0.84496307 0.5188061 0.12991408 -0.72598141 0.65865052 0.19781426 -0.20419943 0.54287016 0.81461316 -0.27717265 0.48392144 0.83005744 -0.13366853 0.33319893 0.9333334 -0.4079892 0.67843407 0.61095995 -0.27717265 0.48392144 0.83005744 -0.20419943 0.54287016 0.81461316 -0.4079892 0.67843407 0.61095995 -0.3391194 0.47375882 0.81274259 -0.27717265 0.48392144 0.83005744 -0.59920603 0.53154951 0.5986712 -0.3391194 0.47375882 0.81274259 -0.4079892 0.67843407 0.61095995 -0.4079892 0.67843407 0.61095995 -0.69736344 0.62635845 0.34836662 -0.59920603 0.53154951 0.5986712 -0.53532875 0.80124563 0.26726136 -0.69736344 0.62635845 0.34836662 -0.4079892 0.67843407 0.61095995 -0.27717265 0.48392144 0.83005744 -0.19814563 0.32949099 0.92313272 -0.13366853 0.33319893 0.9333334 -0.3391194 0.47375882 0.81274259 -0.19814563 0.32949099 0.92313272 -0.27717265 0.48392144 0.83005744 -0.19814563 0.32949099 0.92313272 -0.19814563 0.32949099 0.92313272 -0.3391194 0.47375882 0.81274259 -0.81321901 0.47328195 0.33864284 -0.69736344 0.62635845 0.34836662 -0.72598141 0.65865052 0.19781426 -0.74378651 0.47226813 0.47301626 -0.59920603 0.53154951 0.5986712 -0.69736344 0.62635845 0.34836662 0.47389963 -0.87798238 0.067573607 0.47389963 -0.87798238 0.067573607 0.52383095 -0.8493101 0.065371908 -0.4079892 0.67843407 0.61095995 -0.27166346 0.74474102 0.60955703 -0.34593502 0.89673769 0.27602634 -0.34593502 0.89673769 0.27602634 -0.1954391 0.9721095 0.12964088 -0.33427206 0.93299752 0.13333347 -0.34593502 0.89673769 0.27602634 -0.20603839 0.95681345 0.2050759 -0.1954391 0.9721095 0.12964088 -0.13427214 0.93319869 0.33333346 -0.20603839 0.95681345 0.2050759 -0.34593502 0.89673769 0.27602634 -0.13427214 0.93319869 0.33333346 -0.1954391 0.9721095 0.12964088 -0.20603839 0.95681345 0.2050759 -0.066217072 0.97842592 0.19569854 -0.1954391 0.9721095 0.12964088 -0.13427214 0.93319869 0.33333346 -0.1351088 0.87236732 0.46980935 -0.34593502 0.89673769 0.27602634 -0.27166346 0.74474102 0.60955703 -0.13427214 0.93319869 0.33333346 -0.34593502 0.89673769 0.27602634 -0.1351088 0.87236732 0.46980935 -0.33427206 0.93299752 0.13333347 -0.52050501 0.84391755 0.12991409 -0.34593502 0.89673769 0.27602634 -0.20419943 0.54287016 0.81461316 -0.13366853 0.33319893 0.9333334 -0.13366853 0.33319893 0.9333334 -0.20419943 0.54287016 0.81461316 -0.27166346 0.74474102 0.60955703 -0.4079892 0.67843407 0.61095995 -0.20419943 0.54287016 0.81461316 -0.13400386 0.66653216 0.73333341 -0.27166346 0.74474102 0.60955703 -0.069728024 0.55330157 0.83005744 -0.13400386 0.66653216 0.73333341 -0.20419943 0.54287016 0.81461316 -0.20419943 0.54287016 0.81461316 -0.067453086 0.33551022 0.93961853 -0.069728024 0.55330157 0.83005744 -0.20419943 0.54287016 0.81461316 -0.13366853 0.33319893 0.9333334 -0.067453086 0.33551022 0.93961853 -0.13366853 0.33319893 0.9333334 -0.13366853 0.33319893 0.9333334 -0.20419943 0.54287016 0.81461316 -0.13296132 0.79284894 0.59473687 -0.27166346 0.74474102 0.60955703 -0.13400386 0.66653216 0.73333341 -0.1351088 0.87236732 0.46980935 -0.27166346 0.74474102 0.60955703 -0.13296132 0.79284894 0.59473687 -0.067453086 0.33551022 0.93961853 -0.069728024 0.55330157 0.83005744 -0.069728024 0.55330157 0.83005744 -0.39595968 0.329292 0.85719466 -0.53854388 0.40306205 0.73994011 -0.47444019 0.33816552 0.81274259 -0.65984446 0.46090272 0.59344256 -0.67925358 0.40662339 0.61095989 -0.53854388 0.40306205 0.73994011 -0.20207235 0.26886585 0.94174194 -0.39595968 0.329292 0.85719466 -0.26517275 0.26463974 0.92717272 0.55281579 -0.75851643 0.34503266 0.52383095 -0.8493101 0.065371908 0.40448317 -0.8740682 0.26906899 0.55281579 -0.75851643 0.34503266 0.54389459 -0.81406641 0.20365314 0.52383095 -0.8493101 0.065371908 -0.20207235 0.26886585 0.94174194 -0.065429576 0.19563259 0.97849208 -0.19814563 0.32949099 0.92313272 -0.13296132 0.79284894 0.59473687 -0.00080472225 0.79999954 0.60000014 -0.1351088 0.87236732 0.46980935 -0.13400386 0.66653216 0.73333341 -0.00080472225 0.79999954 0.60000014 -0.13296132 0.79284894 0.59473687 -0.13400386 0.66653216 0.73333341 -0.00060352084 0.59999961 0.80000007 -0.00080472225 0.79999954 0.60000014 -0.069728024 0.55330157 0.83005744 -0.00060352084 0.59999961 0.80000007 -0.13400386 0.66653216 0.73333341 -0.069728024 0.55330157 0.83005744 -0.069728024 0.55330157 0.83005744 -0.00060352084 0.59999961 0.80000007 -0.066217072 0.97842592 0.19569854 -0.00094732281 0.94174135 0.33633652 -0.0010037154 0.99778461 0.066519126 -0.066217072 0.97842592 0.19569854 -0.13427214 0.93319869 0.33333346 -0.00094732281 0.94174135 0.33633652 -0.066217072 0.97842592 0.19569854 -0.13427214 0.93319869 0.33333346 -0.066217072 0.97842592 0.19569854 -0.00060352084 0.59999961 0.80000007 -0.065907501 0.39300686 0.91717058 -0.00027629774 0.27472085 0.96152401 -0.069728024 0.55330157 0.83005744 -0.065907501 0.39300686 0.91717058 -0.00060352084 0.59999961 0.80000007 -0.1351088 0.87236732 0.46980935 -0.00094732281 0.94174135 0.33633652 -0.13427214 0.93319869 0.33333346 -0.00080472225 0.79999954 0.60000014 -0.00094732281 0.94174135 0.33633652 -0.1351088 0.87236732 0.46980935 0.00094736286 -0.94174147 0.33633628 0.13201283 -0.98255038 0.13102424 0.066932976 -0.9890039 0.13187598 0.20596965 -0.88845497 0.41015145 0.13201283 -0.98255038 0.13102424 0.00094736286 -0.94174147 0.33633628 0.20596965 -0.88845497 0.41015145 0.27001631 -0.94147074 0.2018017 0.13201283 -0.98255038 0.13102424 0.2750403 -0.95898801 0.068518735 0.27001631 -0.94147074 0.2018017 0.20596965 -0.88845497 0.41015145 0.40448317 -0.8740682 0.26906899 0.47389963 -0.87798238 0.067573607 0.40448317 -0.8740682 0.26906899 0.40448317 -0.8740682 0.26906899 0.52383095 -0.8493101 0.065371908 0.47389963 -0.87798238 0.067573607 0.40448317 -0.8740682 0.26906899 0.2750403 -0.95898801 0.068518735 0.20596965 -0.88845497 0.41015145 0.40448317 -0.8740682 0.26906899 0.33652306 -0.93928045 0.067115471 0.2750403 -0.95898801 0.068518735 0.40448317 -0.8740682 0.26906899 0.33652306 -0.93928045 0.067115471 0.40448317 -0.8740682 0.26906899 -0.065907501 0.39300686 0.91717058 -0.00019722412 0.19611591 0.98058069 -0.00027629774 0.27472085 0.96152401 -0.069728024 0.55330157 0.83005744 -0.00019722412 0.19611591 0.98058069 -0.065907501 0.39300686 0.91717058 0.2750403 -0.95898801 0.068518735 0.13201283 -0.98255038 0.13102424 0.27001631 -0.94147074 0.2018017 0.2750403 -0.95898801 0.068518735 0.066932976 -0.9890039 0.13187598 0.13201283 -0.98255038 0.13102424 0.0010037234 -0.99778467 0.066518888 0.066932976 -0.9890039 0.13187598 0.2750403 -0.95898801 0.068518735 0.47389963 -0.87798238 0.067573607 0.40448317 -0.8740682 0.26906899 0.47389963 -0.87798238 0.067573607 0.2750403 -0.95898801 0.068518735 0.40448317 -0.8740682 0.26906899 0.47389963 -0.87798238 0.067573607 0.2750403 -0.95898801 0.068518735 0.33652306 -0.93928045 0.067115471 0.40448317 -0.8740682 0.26906899 0.2750403 -0.95898801 0.068518735 0.33652306 -0.93928045 0.067115471 0.2750403 -0.95898801 0.068518735 0.27001631 -0.94147074 0.2018017 0.2750403 -0.95898801 0.068518735 0.2750403 -0.95898801 0.068518735 0.00060361618 -0.59999985 0.79999995 0.20596965 -0.88845497 0.41015145 0.00094736286 -0.94174147 0.33633628 0.13997737 -0.62691927 0.76640624 0.20596965 -0.88845497 0.41015145 0.00060361618 -0.59999985 0.79999995 0.13997737 -0.62691927 0.76640624 0.40448317 -0.8740682 0.26906899 0.20596965 -0.88845497 0.41015145 0.26779884 -0.53425342 0.80178368 0.40448317 -0.8740682 0.26906899 0.13997737 -0.62691927 0.76640624 0.26779884 -0.53425342 0.80178368 0.55281579 -0.75851643 0.34503266 0.40448317 -0.8740682 0.26906899 -0.00013289071 0.13216354 0.99122792 0.00013300881 -0.13216376 0.99122792 -0.00019722412 0.19611591 0.98058069 -0.00013289071 0.13216354 0.99122792 0.066070735 -0.13180982 0.98907071 0.00013300881 -0.13216376 0.99122792 -0.00019722412 0.19611591 0.98058069 0.066070735 -0.13180982 0.98907071 -0.00013289071 0.13216354 0.99122792 0.00013300881 -0.13216376 0.99122792 0.13997737 -0.62691927 0.76640624 0.00060361618 -0.59999985 0.79999995 0.066070735 -0.13180982 0.98907071 0.13997737 -0.62691927 0.76640624 0.00013300881 -0.13216376 0.99122792 0.066070735 -0.13180982 0.98907071 0.26779884 -0.53425342 0.80178368 0.13997737 -0.62691927 0.76640624 0.066439122 -0.066305645 0.99558496 0.26779884 -0.53425342 0.80178368 0.066070735 -0.13180982 0.98907071 -0.00013289071 0.13216354 0.99122792 0.066070735 -0.13180982 0.98907071 -0.00019722412 0.19611591 0.98058069 -0.00013289071 0.13216354 0.99122792 0.066439122 -0.066305645 0.99558496 0.066070735 -0.13180982 0.98907071 -0.00027629774 0.27472085 0.96152401 -0.00013289071 0.13216354 0.99122792 -0.00019722412 0.19611591 0.98058069 -0.00019722412 0.19611591 0.98058069 -0.00013289071 0.13216354 0.99122792 -0.00027629774 0.27472085 0.96152401 -0.065907501 0.39300686 0.91717058 -0.00013289071 0.13216354 0.99122792 -0.00019722412 0.19611591 0.98058069 -0.00019722412 0.19611591 0.98058069 -0.00013289071 0.13216354 0.99122792 -0.065907501 0.39300686 0.91717058 -0.069728024 0.55330157 0.83005744 -0.068794481 0.27400631 0.95926428 -0.00019722412 0.19611591 0.98058069 -0.069728024 0.55330157 0.83005744 -0.067453086 0.33551022 0.93961853 -0.068794481 0.27400631 0.95926428 -0.068794481 0.27400631 0.95926428 -0.067453086 0.33551022 0.93961853 -0.00013289071 0.13216354 0.99122792 -0.00013289071 0.13216354 0.99122792 -0.067453086 0.33551022 0.93961853 -0.065429576 0.19563259 0.97849208 -0.065429576 0.19563259 0.97849208 -0.067453086 0.33551022 0.93961853 -0.13366853 0.33319893 0.9333334 -0.065429576 0.19563259 0.97849208 -0.13366853 0.33319893 0.9333334 -0.13366853 0.33319893 0.9333334 -0.065429576 0.19563259 0.97849208 -0.13366853 0.33319893 0.9333334 -0.065429576 0.19563259 0.97849208 -0.065429576 0.19563259 0.97849208 -0.13366853 0.33319893 0.9333334 -0.13366853 0.33319893 0.9333334 -0.065429576 0.19563259 0.97849208 -0.13366853 0.33319893 0.9333334 -0.065429576 0.19563259 0.97849208 -0.065429576 0.19563259 0.97849208 -0.13366853 0.33319893 0.9333334 -0.19814563 0.32949099 0.92313272 -0.065429576 0.19563259 0.97849208 -0.19814563 0.32949099 0.92313272 -0.19814563 0.32949099 0.92313272 -0.47308385 0.067097776 0.87845868 -0.27472091 -0.0002764696 0.96152395 -0.2741442 0.068243012 0.95926422 -0.47308385 0.067097776 0.87845868 -0.47409952 -0.00047702444 0.88047111 -0.27472091 -0.0002764696 0.96152395 -0.79999959 -0.00080482947 0.60000008 -0.47409952 -0.00047702444 0.88047111 -0.47308385 0.067097776 0.87845868 -0.96152347 -0.00096727529 0.27472118 -0.98058015 -0.00098643603 0.19611619 -0.96152347 -0.00096727529 0.27472118 -0.96152347 -0.00096727529 0.27472118 -0.94174141 -0.00094738294 0.33633646 -0.98058015 -0.00098643603 0.19611619 -0.79999959 -0.00080482947 0.60000008 -0.94174141 -0.00094738294 0.33633646 -0.96152347 -0.00096727529 0.27472118 -0.79999959 -0.00080482947 0.60000008 -0.7982946 0.065715924 0.59867114 -0.94174141 -0.00094738294 0.33633646 -0.47308385 0.067097776 0.87845868 -0.7982946 0.065715924 0.59867114 -0.79999959 -0.00080482947 0.60000008 -0.47308385 0.067097776 0.87845868 -0.62719953 0.13871565 0.76640636 -0.7982946 0.065715924 0.59867114 -0.46994397 0.13375844 0.87250292 -0.62719953 0.13871565 0.76640636 -0.47308385 0.067097776 0.87845868 -0.94174141 -0.00094738294 0.33633646 -0.99122739 -0.00099713891 0.13216378 -0.98058015 -0.00098643603 0.19611619 -0.94174141 -0.00094738294 0.33633646 -0.98913652 0.064943045 0.13187616 -0.99122739 -0.00099713891 0.13216378 -0.93968546 0.066170327 0.33557808 -0.98913652 0.064943045 0.13187616 -0.94174141 -0.00094738294 0.33633646 -0.2741442 0.068243012 0.95926422 -0.47308385 0.067097776 0.87845868 -0.2741442 0.068243012 0.95926422 -0.2741442 0.068243012 0.95926422 -0.47308385 0.067097776 0.87845868 -0.2741442 0.068243012 0.95926422 -0.2741442 0.068243012 0.95926422 -0.46994397 0.13375844 0.87250292 -0.47308385 0.067097776 0.87845868 -0.2741442 0.068243012 0.95926422 -0.46994397 0.13375844 0.87250292 -0.2741442 0.068243012 0.95926422 -0.47409952 -0.00047702444 0.88047111 -0.19611597 -0.00019739939 0.98058069 -0.27472091 -0.0002764696 0.96152395 -0.7982946 0.065715924 0.59867114 -0.7982946 0.065715924 0.59867114 -0.62719953 0.13871565 0.76640636 -0.87852615 0.066689968 0.47301623 -0.7982946 0.065715924 0.59867114 -0.7982946 0.065715924 0.59867114 -0.87852615 0.066689968 0.47301623 -0.94174141 -0.00094738294 0.33633646 -0.7982946 0.065715924 0.59867114 -0.93968546 0.066170327 0.33557808 -0.94174141 -0.00094738294 0.33633646 -0.87852615 0.066689968 0.47301623 -0.96152347 -0.00096727529 0.27472118 -0.99778461 -0.0010037273 0.066519067 -0.96152347 -0.00096727529 0.27472118 -0.76654607 0.13857549 0.62705976 -0.62719953 0.13871565 0.76640636 -0.54327995 0.20310678 0.81461316 -0.7982946 0.065715924 0.59867114 -0.62719953 0.13871565 0.76640636 -0.76654607 0.13857549 0.62705976 -0.93346697 0.13239434 0.3333334 -0.98920286 0.13088107 0.065938123 -0.97243547 0.12866257 0.1944612 -0.19459137 0.12944494 0.9723056 -0.27230224 0.1358088 0.95257938 -0.54327995 0.20310678 0.81461316 -0.33346725 0.13299784 0.9333334 -0.46994397 0.13375844 0.87250292 -0.2741442 0.068243012 0.95926422 -0.33346725 0.13299784 0.9333334 -0.54327995 0.20310678 0.81461316 -0.46994397 0.13375844 0.87250292 -0.19459137 0.12944494 0.9723056 -0.54327995 0.20310678 0.81461316 -0.33346725 0.13299784 0.9333334 -0.93968546 0.066170327 0.33557808 -0.97243547 0.12866257 0.1944612 -0.98913652 0.064943045 0.13187616 -0.93968546 0.066170327 0.33557808 -0.93346697 0.13239434 0.3333334 -0.97243547 0.12866257 0.1944612 -0.87852615 0.066689968 0.47301623 -0.93346697 0.13239434 0.3333334 -0.93968546 0.066170327 0.33557808 -0.87852615 0.066689968 0.47301623 -0.76654607 0.13857549 0.62705976 -0.93346697 0.13239434 0.3333334 -0.7982946 0.065715924 0.59867114 -0.76654607 0.13857549 0.62705976 -0.87852615 0.066689968 0.47301623 -0.62719953 0.13871565 0.76640636 -0.46994397 0.13375844 0.87250292 -0.54327995 0.20310678 0.81461316 0.94174141 0.00094730279 0.33633634 0.67267251 0.0006765853 0.73993999 0.67267251 0.0006765853 0.73993999 0.94174141 0.00094730279 0.33633634 0.67267251 0.0006765853 0.73993999 0.94174141 0.00094730279 0.33633634 0.94174141 0.00094730279 0.33633634 0.67108822 0.067790627 0.73827159 0.67267251 0.0006765853 0.73993999 0.94174141 0.00094730279 0.33633634 0.67108822 0.067790627 0.73827159 0.94174141 0.00094730279 0.33633634 0.94174141 0.00094730279 0.33633634 0.70558548 0.064859755 0.70565027 0.67108822 0.067790627 0.73827159 0.93955052 0.068060741 0.33557796 0.70558548 0.064859755 0.70565027 0.94174141 0.00094730279 0.33633634 0.93955052 0.068060741 0.33557796 0.94174141 0.00094730279 0.33633634 0.70558548 0.064859755 0.70565027 0.19563277 0.065429516 0.97849208 -0.00013289071 0.13216354 0.99122792 -0.066439003 0.066305406 0.99558496 0.19563277 0.065429516 0.97849208 -0.13115604 0.13089238 0.98268265 -0.00013289071 0.13216354 0.99122792 0.19433066 0.12983619 0.9723056 -0.13115604 0.13089238 0.98268265 0.19563277 0.065429516 0.97849208 0.19433066 0.12983619 0.9723056 -0.066070616 0.13180958 0.98907071 -0.13115604 0.13089238 0.98268265 0.27202857 0.13635637 0.95257932 -0.066070616 0.13180958 0.98907071 0.19433066 0.12983619 0.9723056 0.99122745 0.00099710748 0.13216366 0.94174141 0.00094730279 0.33633634 0.99122745 0.00099710748 0.13216366 0.99122745 0.00099710748 0.13216366 0.94174141 0.00094730279 0.33633634 0.99122745 0.00099710748 0.13216366 0.99122745 0.00099710748 0.13216366 0.93955052 0.068060741 0.33557796 0.94174141 0.00094730279 0.33633634 0.99778467 0.0010037115 0.066518947 0.93955052 0.068060741 0.33557796 0.99122745 0.00099710748 0.13216366 0.99778467 0.0010037115 0.066518947 0.94174141 0.00094730279 0.33633634 0.93955052 0.068060741 0.33557796 0.94174141 0.00094730279 0.33633634 0.99122745 0.00099710748 0.13216366 0.94174141 0.00094730279 0.33633634 0.94174141 0.00094730279 0.33633634 0.99122745 0.00099710748 0.13216366 0.99122745 0.00099710748 0.13216366 0.94174141 0.00094730279 0.33633634 0.99122745 0.00099710748 0.13216366 0.94174141 0.00094730279 0.33633634 0.67267251 0.0006765853 0.73993999 0.19563277 0.065429516 0.97849208 0.19611609 0.00019716566 0.98058069 0.67267251 0.0006765853 0.73993999 0.19563277 0.065429516 0.97849208 0.67267251 0.0006765853 0.73993999 0.67267251 0.0006765853 0.73993999 0.19563277 0.065429516 0.97849208 0.19563277 0.065429516 0.97849208 0.67108822 0.067790627 0.73827159 0.19563277 0.065429516 0.97849208 0.67267251 0.0006765853 0.73993999 0.67108822 0.067790627 0.73827159 0.19433066 0.12983619 0.9723056 0.19563277 0.065429516 0.97849208 0.70558548 0.064859755 0.70565027 0.19433066 0.12983619 0.9723056 0.67108822 0.067790627 0.73827159 0.70558548 0.064859755 0.70565027 0.27202857 0.13635637 0.95257932 0.19433066 0.12983619 0.9723056 0.19563277 0.065429516 0.97849208 -0.1319423 0.065805234 0.98907071 -0.066439003 0.066305406 0.99558496 0.19563277 0.065429516 0.97849208 -0.1319423 0.065805234 0.98907071 -0.1319423 0.065805234 0.98907071 0.19563277 0.065429516 0.97849208 -0.1319423 0.065805234 0.98907071 0.19563277 0.065429516 0.97849208 -0.066439003 0.066305406 0.99558496 -0.1319423 0.065805234 0.98907071 0.19563277 0.065429516 0.97849208 -0.066518918 -6.7033543e-05 0.99778515 0.19563277 0.065429516 0.97849208 -0.066439003 0.066305406 0.99558496 -0.066518918 -6.7033543e-05 0.99778515 0.19611609 0.00019716566 0.98058069 0.19563277 0.065429516 0.97849208 -0.1321636 -0.00013306789 0.99122792 0.19611609 0.00019716566 0.98058069 -0.066518918 -6.7033543e-05 0.99778515 0.99122745 0.00099710748 0.13216366 0.99122745 0.00099710748 0.13216366 0.99122745 0.00099710748 0.13216366 0.99122745 0.00099710748 0.13216366 0.99999952 0.0010059475 -5.9454738e-08 0.99778467 0.0010037115 0.066518947 -0.97243547 0.12866257 0.1944612 -0.98920286 0.13088107 0.065938123 -0.98281395 0.13003576 0.13102444 -0.97243547 0.12866257 0.1944612 -0.97243547 0.12866257 0.1944612 -0.98920286 0.13088107 0.065938123 -0.98913652 0.064943045 0.13187616 -0.97243547 0.12866257 0.1944612 -0.97243547 0.12866257 0.1944612 -0.98913652 0.064943045 0.13187616 -0.98913652 0.064943045 0.13187616 -0.97243547 0.12866257 0.1944612 -0.97855717 0.064248435 0.19569848 -0.98913652 0.064943045 0.13187616 -0.98913652 0.064943045 0.13187616 -0.99122739 -0.00099713891 0.13216378 -0.98058015 -0.00098643603 0.19611619 -0.99778461 -0.0010037273 0.066519067 -0.99778461 -0.0010037273 0.066519067 -0.99122739 -0.00099713891 0.13216378 -0.99122739 -0.00099713891 0.13216378 -0.99778461 -0.0010037273 0.066519067 -0.99551767 -0.067373805 0.06637238 -0.99122739 -0.00099713891 0.13216378 -0.99778461 -0.0010037273 0.066519067 -0.99122739 -0.00099713891 0.13216378 -0.99551767 -0.067373805 0.06637238 -0.96152347 -0.00096727529 0.27472118 -0.99122739 -0.00099713891 0.13216378 -0.99778461 -0.0010037273 0.066519067 -0.98058015 -0.00098643603 0.19611619 -0.99122739 -0.00099713891 0.13216378 -0.96152347 -0.00096727529 0.27472118 -0.98058015 -0.00098643603 0.19611619 -0.9890039 -0.066932984 0.13187614 -0.99122739 -0.00099713891 0.13216378 -0.99122739 -0.00099713891 0.13216378 -0.9890039 -0.066932984 0.13187614 -0.98058015 -0.00098643603 0.19611619 -0.9890039 -0.066932984 0.13187614 -0.99551767 -0.067373805 0.06637238 -0.99122739 -0.00099713891 0.13216378 -0.99122739 -0.00099713891 0.13216378 -0.99122739 -0.00099713891 0.13216378 -0.98058015 -0.00098643603 0.19611619 -0.99122739 -0.00099713891 0.13216378 -0.99778461 -0.0010037273 0.066519067 -0.99122739 -0.00099713891 0.13216378 -0.99122739 -0.00099713891 0.13216378 -0.99778461 -0.0010037273 0.066519067 -0.99122739 -0.00099713891 0.13216378 -0.99122739 -0.00099713891 0.13216378 -0.99122739 -0.00099713891 0.13216378 -0.99122739 -0.00099713891 0.13216378 -0.99122739 -0.00099713891 0.13216378 -0.99122739 -0.00099713891 0.13216378 -0.99122739 -0.00099713891 0.13216378 -0.98913652 0.064943045 0.13187616 -0.99122739 -0.00099713891 0.13216378 -0.99122739 -0.00099713891 0.13216378 -0.98913652 0.064943045 0.13187616 -0.97855717 0.064248435 0.19569848 -0.99122739 -0.00099713891 0.13216378 -0.97855717 0.064248435 0.19569848 -0.97855717 0.064248435 0.19569848 -0.98913652 0.064943045 0.13187616 -0.98913652 0.064943045 0.13187616 -0.97855717 0.064248435 0.19569848 -0.97855717 0.064248435 0.19569848 -0.2741442 0.068243012 0.95926422 -0.066439003 0.066305406 0.99558496 -0.00013289071 0.13216354 0.99122792 -0.2741442 0.068243012 0.95926422 -0.1319423 0.065805234 0.98907071 -0.066439003 0.066305406 0.99558496 -0.2741442 0.068243012 0.95926422 -0.1319423 0.065805234 0.98907071 -0.2741442 0.068243012 0.95926422 -0.2741442 0.068243012 0.95926422 -0.1319423 0.065805234 0.98907071 -0.1319423 0.065805234 0.98907071 -0.2741442 0.068243012 0.95926422 -0.1319423 0.065805234 0.98907071 -0.2741442 0.068243012 0.95926422 -0.2741442 0.068243012 0.95926422 -0.066439003 0.066305406 0.99558496 -0.1319423 0.065805234 0.98907071 -0.27472091 -0.0002764696 0.96152395 -0.066439003 0.066305406 0.99558496 -0.2741442 0.068243012 0.95926422 -0.27472091 -0.0002764696 0.96152395 -0.066518918 -6.7033543e-05 0.99778515 -0.066439003 0.066305406 0.99558496 -0.1321636 -0.00013306789 0.99122792 -0.066518918 -6.7033543e-05 0.99778515 -0.27472091 -0.0002764696 0.96152395 -0.27472091 -0.0002764696 0.96152395 -0.19611597 -0.00019739939 0.98058069 -0.1321636 -0.00013306789 0.99122792 -0.19459137 0.12944494 0.9723056 -0.066070616 0.13180958 0.98907071 -0.27230224 0.1358088 0.95257938 -0.19459137 0.12944494 0.9723056 -0.13115604 0.13089238 0.98268265 -0.066070616 0.13180958 0.98907071 -0.33346725 0.13299784 0.9333334 -0.13115604 0.13089238 0.98268265 -0.19459137 0.12944494 0.9723056 -0.2741442 0.068243012 0.95926422 -0.13115604 0.13089238 0.98268265 -0.33346725 0.13299784 0.9333334 -0.2741442 0.068243012 0.95926422 -0.00013289071 0.13216354 0.99122792 -0.13115604 0.13089238 0.98268265 -0.2741442 0.068243012 0.95926422 -0.00013289071 0.13216354 0.99122792 -0.2741442 0.068243012 0.95926422 -0.47444019 0.33816552 0.81274259 -0.26927191 0.20153095 0.94174194 -0.20528191 0.20486927 0.95702034 -0.47444019 0.33816552 0.81274259 -0.48447815 0.27619845 0.83005744 -0.26927191 0.20153095 0.94174194 -0.74528611 0.27016455 0.60955697 -0.48447815 0.27619845 0.83005744 -0.47444019 0.33816552 0.81274259 -0.74528611 0.27016455 0.60955697 -0.54327995 0.20310678 0.81461316 -0.48447815 0.27619845 0.83005744 -0.76654607 0.13857549 0.62705976 -0.54327995 0.20310678 0.81461316 -0.74528611 0.27016455 0.60955697 -0.87474483 0.26818925 0.40360376 -0.94201207 0.2681216 0.20180193 -0.95953941 0.27311036 0.068518959 -0.87474483 0.26818925 0.40360376 -0.85752583 0.32882774 0.39562836 -0.94201207 0.2681216 0.20180193 -0.74528611 0.27016455 0.60955697 -0.85752583 0.32882774 0.39562836 -0.87474483 0.26818925 0.40360376 -0.74528611 0.27016455 0.60955697 -0.67925358 0.40662339 0.61095989 -0.85752583 0.32882774 0.39562836 -0.47444019 0.33816552 0.81274259 -0.67925358 0.40662339 0.61095989 -0.74528611 0.27016455 0.60955697 -0.47444019 0.33816552 0.81274259 -0.53854388 0.40306205 0.73994011 -0.67925358 0.40662339 0.61095989 -0.93346697 0.13239434 0.3333334 -0.94194442 0.20085436 0.26906919 -0.98920286 0.13088107 0.065938123 -0.87474483 0.26818925 0.40360376 -0.94194442 0.20085436 0.26906919 -0.93346697 0.13239434 0.3333334 -0.87474483 0.26818925 0.40360376 -0.94194442 0.20085436 0.26906919 -0.94194442 0.20085436 0.26906919 -0.95953941 0.27311036 0.068518959 -0.94194442 0.20085436 0.26906919 -0.87474483 0.26818925 0.40360376 -0.48447815 0.27619845 0.83005744 -0.26927191 0.20153095 0.94174194 -0.20528191 0.20486927 0.95702034 -0.48447815 0.27619845 0.83005744 -0.32988903 0.19748227 0.92313272 -0.26927191 0.20153095 0.94174194 -0.54327995 0.20310678 0.81461316 -0.32988903 0.19748227 0.92313272 -0.48447815 0.27619845 0.83005744 -0.54327995 0.20310678 0.81461316 -0.27230224 0.1358088 0.95257938 -0.32988903 0.19748227 0.92313272 -0.20207235 0.26886585 0.94174194 -0.47444019 0.33816552 0.81274259 -0.20528191 0.20486927 0.95702034 -0.26517275 0.26463974 0.92717272 -0.47444019 0.33816552 0.81274259 -0.20207235 0.26886585 0.94174194 -0.26517275 0.26463974 0.92717272 -0.39595968 0.329292 0.85719466 -0.47444019 0.33816552 0.81274259 -0.48447815 0.27619845 0.83005744 -0.20528191 0.20486927 0.95702034 -0.26927191 0.20153095 0.94174194 -0.85752583 0.32882774 0.39562836 -0.92346382 0.32876143 0.19781423 -0.94201207 0.2681216 0.20180193 -0.85752583 0.32882774 0.39562836 -0.9336682 0.33239427 0.13333343 -0.92346382 0.32876143 0.19781423 -0.91756546 0.39215025 0.065512285 -0.9336682 0.33239427 0.13333343 -0.85752583 0.32882774 0.39562836 -0.93346697 0.13239434 0.3333334 -0.74528611 0.27016455 0.60955697 -0.87474483 0.26818925 0.40360376 -0.76654607 0.13857549 0.62705976 -0.74528611 0.27016455 0.60955697 -0.93346697 0.13239434 0.3333334 0.6668005 -0.13266273 0.73333329 0.89736247 -0.27512369 0.34503269 0.60982919 -0.27030095 0.74501395 0.6668005 -0.13266273 0.73333329 0.93346703 -0.13239443 0.33333328 0.89736247 -0.27512369 0.34503269 0.67267251 0.0006765853 0.73993999 0.93346703 -0.13239443 0.33333328 0.6668005 -0.13266273 0.73333329 0.67267251 0.0006765853 0.73993999 0.94174141 0.00094730279 0.33633634 0.93346703 -0.13239443 0.33333328 0.67108822 0.067790627 0.73827159 0.94174141 0.00094730279 0.33633634 0.67267251 0.0006765853 0.73993999 0.89736247 -0.27512369 0.34503269 0.95953941 -0.27311039 0.06851878 0.93995559 -0.33463266 0.067115508 0.89736247 -0.27512369 0.34503269 0.95953941 -0.27311039 0.06851878 0.95953941 -0.27311039 0.06851878 0.93346703 -0.13239443 0.33333328 0.95953941 -0.27311039 0.06851878 0.89736247 -0.27512369 0.34503269 0.93346703 -0.13239443 0.33333328 0.97250074 -0.19348295 0.12964067 0.95953941 -0.27311039 0.06851878 0.98281395 -0.13003579 0.13102429 0.97250074 -0.19348295 0.12964067 0.93346703 -0.13239443 0.33333328 0.89736247 -0.27512369 0.34503269 0.93995559 -0.33463266 0.067115508 0.81321907 -0.47328204 0.3386426 0.99565125 -0.065370798 0.06637226 0.94174141 0.00094730279 0.33633634 0.99122745 0.00099710748 0.13216366 0.99565125 -0.065370798 0.06637226 0.93346703 -0.13239443 0.33333328 0.94174141 0.00094730279 0.33633634 0.98281395 -0.13003579 0.13102429 0.93346703 -0.13239443 0.33333328 0.99565125 -0.065370798 0.06637226 0.27400646 0.068794429 0.95926422 0.6668005 -0.13266273 0.73333329 0.19611609 0.00019716566 0.98058069 0.27400646 0.068794429 0.95926422 0.67267251 0.0006765853 0.73993999 0.6668005 -0.13266273 0.73333329 0.19433066 0.12983619 0.9723056 0.67267251 0.0006765853 0.73993999 0.27400646 0.068794429 0.95926422 0.19433066 0.12983619 0.9723056 0.27202857 0.13635637 0.95257932 0.67267251 0.0006765853 0.73993999 -0.065429576 0.19563259 0.97849208 0.27202857 0.13635637 0.95257932 0.19433066 0.12983619 0.9723056 0.19433066 0.12983619 0.9723056 -0.065429576 0.19563259 0.97849208 -0.065429576 0.19563259 0.97849208 0.19433066 0.12983619 0.9723056 -0.066070616 0.13180958 0.98907071 -0.065429576 0.19563259 0.97849208 0.27400646 0.068794429 0.95926422 -0.066070616 0.13180958 0.98907071 0.19433066 0.12983619 0.9723056 0.27400646 0.068794429 0.95926422 -0.065429576 0.19563259 0.97849208 -0.066070616 0.13180958 0.98907071 -0.066070616 0.13180958 0.98907071 -0.065429576 0.19563259 0.97849208 0.27400646 0.068794429 0.95926422 0.19611609 0.00019716566 0.98058069 -0.066070616 0.13180958 0.98907071 0.27400646 0.068794429 0.95926422 0.27202857 0.13635637 0.95257932 0.67108822 0.067790627 0.73827159 0.67267251 0.0006765853 0.73993999 -0.065429576 0.19563259 0.97849208 -0.066070616 0.13180958 0.98907071 0.27202857 0.13635637 0.95257932 0.27202857 0.13635637 0.95257932 -0.066070616 0.13180958 0.98907071 -0.066070616 0.13180958 0.98907071 -0.066070616 0.13180958 0.98907071 -0.066070616 0.13180958 0.98907071 0.27202857 0.13635637 0.95257932 0.99122745 0.00099710748 0.13216366 0.94174141 0.00094730279 0.33633634 0.99778467 0.0010037115 0.066518947 0.67108822 0.067790627 0.73827159 0.27202857 0.13635637 0.95257932 0.70558548 0.064859755 0.70565027 0.94174141 0.00094730279 0.33633634 0.67108822 0.067790627 0.73827159 0.70558548 0.064859755 0.70565027 0.99778467 0.0010037115 0.066518947 0.99565125 -0.065370798 0.06637226 0.99122745 0.00099710748 0.13216366 -0.95953941 0.27311036 0.068518959 -0.95953941 0.27311036 0.068518959 -0.94201207 0.2681216 0.20180193 -0.95285261 0.27120712 0.13608286 -0.94194442 0.20085436 0.26906919 -0.95953941 0.27311036 0.068518959 -0.97868842 0.19471401 0.065232888 -0.94194442 0.20085436 0.26906919 -0.94194442 0.20085436 0.26906919 -0.98281395 0.13003576 0.13102444 -0.94194442 0.20085436 0.26906919 -0.97868842 0.19471401 0.065232888 -0.98281395 0.13003576 0.13102444 -0.98920286 0.13088107 0.065938123 -0.94194442 0.20085436 0.26906919 -0.20207235 0.26886585 0.94174194 -0.065429576 0.19563259 0.97849208 -0.26517275 0.26463974 0.92717272 -0.20207235 0.26886585 0.94174194 -0.065429576 0.19563259 0.97849208 -0.065429576 0.19563259 0.97849208 -0.20528191 0.20486927 0.95702034 -0.065429576 0.19563259 0.97849208 -0.20207235 0.26886585 0.94174194 -0.20528191 0.20486927 0.95702034 -0.066070616 0.13180958 0.98907071 -0.065429576 0.19563259 0.97849208 -0.065429576 0.19563259 0.97849208 -0.066070616 0.13180958 0.98907071 -0.20528191 0.20486927 0.95702034 -0.26927191 0.20153095 0.94174194 -0.065429576 0.19563259 0.97849208 -0.20528191 0.20486927 0.95702034 -0.26927191 0.20153095 0.94174194 -0.066070616 0.13180958 0.98907071 -0.065429576 0.19563259 0.97849208 -0.065429576 0.19563259 0.97849208 -0.066070616 0.13180958 0.98907071 -0.26927191 0.20153095 0.94174194 -0.20528191 0.20486927 0.95702034 -0.065429576 0.19563259 0.97849208 -0.26927191 0.20153095 0.94174194 -0.20528191 0.20486927 0.95702034 -0.065429576 0.19563259 0.97849208 -0.065429576 0.19563259 0.97849208 -0.26927191 0.20153095 0.94174194 -0.065429576 0.19563259 0.97849208 -0.20528191 0.20486927 0.95702034 -0.26927191 0.20153095 0.94174194 -0.066070616 0.13180958 0.98907071 -0.065429576 0.19563259 0.97849208 -0.32988903 0.19748227 0.92313272 -0.066070616 0.13180958 0.98907071 -0.26927191 0.20153095 0.94174194 -0.32988903 0.19748227 0.92313272 -0.066070616 0.13180958 0.98907071 -0.066070616 0.13180958 0.98907071 -0.27230224 0.1358088 0.95257938 -0.066070616 0.13180958 0.98907071 -0.32988903 0.19748227 0.92313272 -0.27230224 0.1358088 0.95257938 -0.066070616 0.13180958 0.98907071 -0.066070616 0.13180958 0.98907071 0.99565125 -0.065370798 0.06637226 0.99565125 -0.065370798 0.06637226 0.99122745 0.00099710748 0.13216366 0.99565125 -0.065370798 0.06637226 0.98281395 -0.13003579 0.13102429 0.99565125 -0.065370798 0.06637226 0.95953941 -0.27311039 0.06851878 0.97250074 -0.19348295 0.12964067 0.98281395 -0.13003579 0.13102429 0.95953941 -0.27311039 0.06851878 0.97250074 -0.19348295 0.12964067 0.95953941 -0.27311039 0.06851878 0.95953941 -0.27311039 0.06851878 0.95953941 -0.27311039 0.06851878 0.95953941 -0.27311039 0.06851878 -0.065429576 0.19563259 0.97849208 -0.066070616 0.13180958 0.98907071 0.19611609 0.00019716566 0.98058069 0.41853026 -0.48729241 0.76640624 0.55281579 -0.75851643 0.34503266 0.26779884 -0.53425342 0.80178368 0.41853026 -0.48729241 0.76640624 0.69736344 -0.62635857 0.34836638 0.55281579 -0.75851643 0.34503266 0.538544 -0.40306222 0.73993999 0.69736344 -0.62635857 0.34836638 0.41853026 -0.48729241 0.76640624 0.538544 -0.40306222 0.73993999 0.81321907 -0.47328204 0.3386426 0.69736344 -0.62635857 0.34836638 0.60982919 -0.27030095 0.74501395 0.81321907 -0.47328204 0.3386426 0.538544 -0.40306222 0.73993999 0.60982919 -0.27030095 0.74501395 0.89736247 -0.27512369 0.34503269 0.81321907 -0.47328204 0.3386426 0.69736344 -0.62635857 0.34836638 0.79358023 -0.59393877 0.1321636 0.76703674 -0.62628841 0.13934648 0.69736344 -0.62635857 0.34836638 0.81515902 -0.5422557 0.20365316 0.79358023 -0.59393877 0.1321636 0.81321907 -0.47328204 0.3386426 0.81515902 -0.5422557 0.20365316 0.69736344 -0.62635857 0.34836638 0.81321907 -0.47328204 0.3386426 0.86330724 -0.46373814 0.19911689 0.81515902 -0.5422557 0.20365316 0.86330724 -0.46373814 0.19911689 0.86330724 -0.46373814 0.19911689 0.81321907 -0.47328204 0.3386426 0.81321907 -0.47328204 0.3386426 0.88094759 -0.47321388 -1.0887945e-07 0.86330724 -0.46373814 0.19911689 0.81321907 -0.47328204 0.3386426 0.93995559 -0.33463266 0.067115508 0.88094759 -0.47321388 -1.0887945e-07 0.066439122 -0.066305645 0.99558496 0.41853026 -0.48729241 0.76640624 0.26779884 -0.53425342 0.80178368 0.13194242 -0.065805472 0.98907071 0.41853026 -0.48729241 0.76640624 0.066439122 -0.066305645 0.99558496 0.13194242 -0.065805472 0.98907071 0.538544 -0.40306222 0.73993999 0.41853026 -0.48729241 0.76640624 0.1321637 0.00013283163 0.99122792 0.538544 -0.40306222 0.73993999 0.13194242 -0.065805472 0.98907071 0.1321637 0.00013283163 0.99122792 0.60982919 -0.27030095 0.74501395 0.538544 -0.40306222 0.73993999 0.19611609 0.00019716566 0.98058069 0.60982919 -0.27030095 0.74501395 0.1321637 0.00013283163 0.99122792 0.19611609 0.00019716566 0.98058069 0.6668005 -0.13266273 0.73333329 0.60982919 -0.27030095 0.74501395 0.19611609 0.00019716566 0.98058069 -0.065429576 0.19563259 0.97849208 -0.065429576 0.19563259 0.97849208 0.19611609 0.00019716566 0.98058069 -0.065429576 0.19563259 0.97849208 -0.065429576 0.19563259 0.97849208 0.1321637 0.00013283163 0.99122792 -0.065429576 0.19563259 0.97849208 0.19611609 0.00019716566 0.98058069 0.1321637 0.00013283163 0.99122792 -0.065429576 0.19563259 0.97849208 -0.065429576 0.19563259 0.97849208 -0.065429576 0.19563259 0.97849208 -0.065429576 0.19563259 0.97849208 0.1321637 0.00013283163 0.99122792 0.1321637 0.00013283163 0.99122792 -0.065429576 0.19563259 0.97849208 -0.065429576 0.19563259 0.97849208 0.1321637 0.00013283163 0.99122792 -0.065429576 0.19563259 0.97849208 -0.065429576 0.19563259 0.97849208 0.13194242 -0.065805472 0.98907071 -0.065429576 0.19563259 0.97849208 0.1321637 0.00013283163 0.99122792 0.13194242 -0.065805472 0.98907071 -0.065429576 0.19563259 0.97849208 -0.065429576 0.19563259 0.97849208 -0.065429576 0.19563259 0.97849208 -0.065429576 0.19563259 0.97849208 0.13194242 -0.065805472 0.98907071 0.066439122 -0.066305645 0.99558496 -0.065429576 0.19563259 0.97849208 0.13194242 -0.065805472 0.98907071 0.066439122 -0.066305645 0.99558496 -0.00013289071 0.13216354 0.99122792 -0.065429576 0.19563259 0.97849208 -0.00019722412 0.19611591 0.98058069 -0.00013289071 0.13216354 0.99122792 0.066439122 -0.066305645 0.99558496 -0.00019722412 0.19611591 0.98058069 0.066439122 -0.066305645 0.99558496 -0.00013289071 0.13216354 0.99122792 -0.00019722412 0.19611591 0.98058069 -0.068794481 0.27400631 0.95926428 -0.00013289071 0.13216354 0.99122792 -0.20207235 0.26886585 0.94174194 -0.065429576 0.19563259 0.97849208 -0.065429576 0.19563259 0.97849208 -0.26517275 0.26463974 0.92717272 -0.065429576 0.19563259 0.97849208 -0.20207235 0.26886585 0.94174194 -0.26517275 0.26463974 0.92717272 -0.065429576 0.19563259 0.97849208 -0.065429576 0.19563259 0.97849208 -0.065429576 0.19563259 0.97849208 -0.19814563 0.32949099 0.92313272 -0.065429576 0.19563259 0.97849208 -0.065429576 0.19563259 0.97849208 -0.19814563 0.32949099 0.92313272 -0.065429576 0.19563259 0.97849208 -0.065429576 0.19563259 0.97849208 -0.19814563 0.32949099 0.92313272 -0.065429576 0.19563259 0.97849208 0.066217095 -0.97842598 0.19569831 0.066217095 -0.97842598 0.19569831 0.13287099 -0.98893756 0.065937921 0.8502965 -0.45674923 0.26148805 0.89964586 -0.41412392 0.13834278 0.86330724 -0.46373814 0.19911689 0.47444028 -0.33816573 0.81274247 0.47349182 -0.4725402 0.74331105 0.27637321 -0.34475505 0.89708519 0.47444028 -0.33816573 0.81274247 0.62007004 -0.48127642 0.61958545 0.47349182 -0.4725402 0.74331105 0.61136931 -0.40669182 0.67884415 0.62007004 -0.48127642 0.61958545 0.47444028 -0.33816573 0.81274247 0.61136931 -0.40669182 0.67884415 0.68573982 -0.54746145 0.47963199 0.62007004 -0.48127642 0.61958545 0.76689655 -0.48694193 0.41803971 0.68573982 -0.54746145 0.47963199 0.61136931 -0.40669182 0.67884415 0.76689655 -0.48694193 0.41803971 0.7306962 -0.59661627 0.33186153 0.68573982 -0.54746145 0.47963199 0.8502965 -0.45674923 0.26148805 0.7306962 -0.59661627 0.33186153 0.76689655 -0.48694193 0.41803971 0.8502965 -0.45674923 0.26148805 0.81515902 -0.5422557 0.20365316 0.7306962 -0.59661627 0.33186153 0.86330724 -0.46373814 0.19911689 0.81515902 -0.5422557 0.20365316 0.8502965 -0.45674923 0.26148805 0.27637321 -0.34475505 0.89708519 0.26517287 -0.26463997 0.9271726 0.47444028 -0.33816573 0.81274247 0.27637321 -0.34475505 0.89708519 0.20207246 -0.26886609 0.94174182 0.26517287 -0.26463997 0.9271726 0.19814575 -0.3294912 0.9231326 0.20207246 -0.26886609 0.94174182 0.27637321 -0.34475505 0.89708519 0.20207246 -0.26886609 0.94174182 0.20528203 -0.20486949 0.95702022 0.26517287 -0.26463997 0.9271726 0.1969052 -0.78426695 0.58834827 0.26994866 -0.87420356 0.40360355 0.20596965 -0.88845497 0.41015145 0.40434784 -0.73953372 0.53813809 0.26994866 -0.87420356 0.40360355 0.1969052 -0.78426695 0.58834827 0.40434784 -0.73953372 0.53813809 0.40448317 -0.8740682 0.26906899 0.26994866 -0.87420356 0.40360355 0.52369946 -0.71856612 0.4576042 0.40448317 -0.8740682 0.26906899 0.40434784 -0.73953372 0.53813809 0.52369946 -0.71856612 0.4576042 0.62783033 -0.76577514 0.13934647 0.40448317 -0.8740682 0.26906899 0.68109798 -0.67972904 0.27216542 0.62783033 -0.76577514 0.13934647 0.52369946 -0.71856612 0.4576042 0.68109798 -0.67972904 0.27216542 0.76703674 -0.62628841 0.13934648 0.62783033 -0.76577514 0.13934647 0.41593307 -0.89881086 0.13834275 0.62783033 -0.76577514 0.13934647 0.59553415 -0.79238367 0.13216358 0.41593307 -0.89881086 0.13834275 0.40448317 -0.8740682 0.26906899 0.62783033 -0.76577514 0.13934647 0.52369946 -0.71856612 0.4576042 0.7306962 -0.59661627 0.33186153 0.68109798 -0.67972904 0.27216542 0.53275406 -0.59813553 0.59867096 0.7306962 -0.59661627 0.33186153 0.52369946 -0.71856612 0.4576042 0.53275406 -0.59813553 0.59867096 0.68573982 -0.54746145 0.47963199 0.7306962 -0.59661627 0.33186153 0.62007004 -0.48127642 0.61958545 0.68573982 -0.54746145 0.47963199 0.53275406 -0.59813553 0.59867096 0.26994866 -0.87420356 0.40360355 0.19874267 -0.92293322 0.32969013 0.20596965 -0.88845497 0.41015145 0.20274909 -0.94153845 0.26906899 0.19874267 -0.92293322 0.32969013 0.26994866 -0.87420356 0.40360355 0.27637321 -0.34475505 0.89708519 0.19958431 -0.46440589 0.86284024 0.19814575 -0.3294912 0.9231326 0.27637321 -0.34475505 0.89708519 0.27152729 -0.60928416 0.74501395 0.19958431 -0.46440589 0.86284024 0.47349182 -0.4725402 0.74331105 0.27152729 -0.60928416 0.74501395 0.27637321 -0.34475505 0.89708519 0.47349182 -0.4725402 0.74331105 0.53275406 -0.59813553 0.59867096 0.27152729 -0.60928416 0.74501395 0.62007004 -0.48127642 0.61958545 0.53275406 -0.59813553 0.59867096 0.47349182 -0.4725402 0.74331105 0.76703674 -0.62628841 0.13934648 0.7306962 -0.59661627 0.33186153 0.81515902 -0.5422557 0.20365316 0.76703674 -0.62628841 0.13934648 0.68109798 -0.67972904 0.27216542 0.7306962 -0.59661627 0.33186153 0.27152729 -0.60928416 0.74501395 0.13276197 -0.5946036 0.79298228 0.20419952 -0.54287034 0.81461304 0.27152729 -0.60928416 0.74501395 0.20729022 -0.75706315 0.61958545 0.13276197 -0.5946036 0.79298228 0.40434784 -0.73953372 0.53813809 0.20729022 -0.75706315 0.61958545 0.27152729 -0.60928416 0.74501395 0.53275406 -0.59813553 0.59867096 0.40434784 -0.73953372 0.53813809 0.27152729 -0.60928416 0.74501395 0.52369946 -0.71856612 0.4576042 0.40434784 -0.73953372 0.53813809 0.53275406 -0.59813553 0.59867096 0.40448317 -0.8740682 0.26906899 0.20274909 -0.94153845 0.26906899 0.26994866 -0.87420356 0.40360355 0.40448317 -0.8740682 0.26906899 0.2060384 -0.95681351 0.20507567 0.20274909 -0.94153845 0.26906899 0.41593307 -0.89881086 0.13834275 0.2060384 -0.95681351 0.20507567 0.40448317 -0.8740682 0.26906899 0.20419952 -0.54287034 0.81461304 0.19958431 -0.46440589 0.86284024 0.27152729 -0.60928416 0.74501395 0.1969052 -0.78426695 0.58834827 0.20729022 -0.75706315 0.61958545 0.40434784 -0.73953372 0.53813809 0.2060384 -0.95681351 0.20507567 0.13201283 -0.98255038 0.13102424 0.20274909 -0.94153845 0.26906899 0.87893403 -0.47213227 0.067573629 0.81515902 -0.5422557 0.20365316 0.86330724 -0.46373814 0.19911689 0.87893403 -0.47213227 0.067573629 0.76703674 -0.62628841 0.13934648 0.81515902 -0.5422557 0.20365316 0.72598141 -0.65865058 0.19781402 0.62783033 -0.76577514 0.13934647 0.76703674 -0.62628841 0.13934648 0.52050501 -0.84391761 0.12991382 0.62783033 -0.76577514 0.13934647 0.55027103 -0.82361025 0.13736042 0.52050501 -0.84391761 0.12991382 0.59553415 -0.79238367 0.13216358 0.62783033 -0.76577514 0.13934647 0.19543912 -0.9721095 0.12964061 0.066217095 -0.97842598 0.19569831 0.13287099 -0.98893756 0.065937921 0.87893403 -0.47213227 0.067573629 0.86330724 -0.46373814 0.19911689 0.89964586 -0.41412392 0.13834278 0.55027103 -0.82361025 0.13736042 0.62783033 -0.76577514 0.13934647 0.72598141 -0.65865058 0.19781402 0.84496307 -0.5188061 0.12991384 0.76703674 -0.62628841 0.13934648 0.87893403 -0.47213227 0.067573629 0.00060361618 -0.59999985 0.79999995 0.068049587 -0.47294807 0.87845856 0.065907612 -0.3930071 0.91717046 0.00060361618 -0.59999985 0.79999995 0.13400395 -0.66653234 0.73333329 0.068049587 -0.47294807 0.87845856 0.00080479373 -0.79999965 0.5999999 0.13400395 -0.66653234 0.73333329 0.00060361618 -0.59999985 0.79999995 0.00080479373 -0.79999965 0.5999999 0.13296139 -0.79284906 0.59473664 0.13400395 -0.66653234 0.73333329 0.13510886 -0.87236744 0.46980911 0.13296139 -0.79284906 0.59473664 0.00080479373 -0.79999965 0.5999999 0.066217095 -0.97842598 0.19569831 0.0009246351 -0.91914463 0.39391917 0.0010059475 -0.99999952 -1.1923917e-07 0.066217095 -0.97842598 0.19569831 0.13427217 -0.93319875 0.33333322 0.0009246351 -0.91914463 0.39391917 0.066217095 -0.97842598 0.19569831 0.13427217 -0.93319875 0.33333322 0.066217095 -0.97842598 0.19569831 0.00060361618 -0.59999985 0.79999995 0.00027641229 -0.27472109 0.96152389 0.00027641229 -0.27472109 0.96152389 0.00047697197 -0.47409967 0.88047105 0.00027641229 -0.27472109 0.96152389 0.00060361618 -0.59999985 0.79999995 0.065907612 -0.3930071 0.91717046 0.00047697197 -0.47409967 0.88047105 0.00060361618 -0.59999985 0.79999995 0.0009246351 -0.91914463 0.39391917 0.13510886 -0.87236744 0.46980911 0.00080479373 -0.79999965 0.5999999 0.13427217 -0.93319875 0.33333322 0.13510886 -0.87236744 0.46980911 0.0009246351 -0.91914463 0.39391917 -0.00094732281 0.94174135 0.33633652 -0.13201281 0.98255032 0.13102448 -0.069483787 0.95919478 0.2740756 -0.19874264 0.92293316 0.32969037 -0.13201281 0.98255032 0.13102448 -0.00094732281 0.94174135 0.33633652 -0.19874264 0.92293316 0.32969037 -0.20603839 0.95681345 0.2050759 -0.13201281 0.98255032 0.13102448 -0.20603839 0.95681345 0.2050759 -0.20603839 0.95681345 0.2050759 -0.19874264 0.92293316 0.32969037 -0.40906942 0.81608546 0.40824842 -0.47068667 0.87202978 0.13423134 -0.33427206 0.93299752 0.13333347 -0.40906942 0.81608546 0.40824842 -0.52383095 0.84931004 0.065372176 -0.47068667 0.87202978 0.13423134 -0.19874264 0.92293316 0.32969037 -0.2750403 0.95898801 0.068519004 -0.20603839 0.95681345 0.2050759 -0.19874264 0.92293316 0.32969037 -0.33427206 0.93299752 0.13333347 -0.2750403 0.95898801 0.068519004 -0.40906942 0.81608546 0.40824842 -0.33427206 0.93299752 0.13333347 -0.19874264 0.92293316 0.32969037 -0.19668263 0.97829473 0.065232933 -0.13201281 0.98255032 0.13102448 -0.20603839 0.95681345 0.2050759 -0.19668263 0.97829473 0.065232933 -0.069483787 0.95919478 0.2740756 -0.13201281 0.98255032 0.13102448 0.13003577 0.98281395 0.13102446 -0.069483787 0.95919478 0.2740756 -0.19668263 0.97829473 0.065232933 -0.4738996 0.87798232 0.067573875 -0.33427206 0.93299752 0.13333347 -0.47068667 0.87202978 0.13423134 -0.19668263 0.97829473 0.065232933 -0.33427206 0.93299752 0.13333347 -0.4738996 0.87798232 0.067573875 -0.19668263 0.97829473 0.065232933 -0.2750403 0.95898801 0.068519004 -0.33427206 0.93299752 0.13333347 -0.20603839 0.95681345 0.2050759 -0.2750403 0.95898801 0.068519004 -0.19668263 0.97829473 0.065232933 -0.19668263 0.97829473 0.065232933 -0.20603839 0.95681345 0.2050759 -0.20603839 0.95681345 0.2050759 0.00027641229 -0.27472109 0.96152389 0.00019734094 -0.19611615 0.98058069 0.00027641229 -0.27472109 0.96152389 0.00047697197 -0.47409967 0.88047105 0.00019734094 -0.19611615 0.98058069 0.00027641229 -0.27472109 0.96152389 -0.00060352084 0.59999961 0.80000007 -0.19874264 0.92293316 0.32969037 -0.00094732281 0.94174135 0.33633652 -0.13997728 0.62691909 0.76640636 -0.19874264 0.92293316 0.32969037 -0.00060352084 0.59999961 0.80000007 -0.13997728 0.62691909 0.76640636 -0.40906942 0.81608546 0.40824842 -0.19874264 0.92293316 0.32969037 -0.26779875 0.53425324 0.8017838 -0.40906942 0.81608546 0.40824842 -0.13997728 0.62691909 0.76640636 -0.066070616 0.13180958 0.98907071 0.00019734094 -0.19611615 0.98058069 0.00013300881 -0.13216376 0.99122792 -0.066070616 0.13180958 0.98907071 0.00019734094 -0.19611615 0.98058069 0.00019734094 -0.19611615 0.98058069 -0.00013289071 0.13216354 0.99122792 0.00019734094 -0.19611615 0.98058069 -0.066070616 0.13180958 0.98907071 -0.00013289071 0.13216354 0.99122792 0.00019734094 -0.19611615 0.98058069 0.00019734094 -0.19611615 0.98058069 0.00019734094 -0.19611615 0.98058069 0.00019734094 -0.19611615 0.98058069 -0.00013289071 0.13216354 0.99122792 -0.13997728 0.62691909 0.76640636 -0.066070616 0.13180958 0.98907071 -0.26779875 0.53425324 0.8017838 -0.13997728 0.62691909 0.76640636 -0.00013289071 0.13216354 0.99122792 -0.066070616 0.13180958 0.98907071 -0.00060352084 0.59999961 0.80000007 -0.00013289071 0.13216354 0.99122792 -0.13997728 0.62691909 0.76640636 0.00027641229 -0.27472109 0.96152389 0.00019734094 -0.19611615 0.98058069 0.00019734094 -0.19611615 0.98058069 0.00019734094 -0.19611615 0.98058069 0.00019734094 -0.19611615 0.98058069 0.00027641229 -0.27472109 0.96152389 0.40798926 -0.67843419 0.61095971 0.27166355 -0.7447412 0.60955679 0.34593505 -0.89673775 0.2760261 0.34593505 -0.89673775 0.2760261 0.19543912 -0.9721095 0.12964061 0.33427206 -0.93299758 0.13333321 0.34593505 -0.89673775 0.2760261 0.2060384 -0.95681351 0.20507567 0.19543912 -0.9721095 0.12964061 0.13427217 -0.93319875 0.33333322 0.2060384 -0.95681351 0.20507567 0.34593505 -0.89673775 0.2760261 0.13427217 -0.93319875 0.33333322 0.19543912 -0.9721095 0.12964061 0.2060384 -0.95681351 0.20507567 0.066217095 -0.97842598 0.19569831 0.19543912 -0.9721095 0.12964061 0.13427217 -0.93319875 0.33333322 0.13510886 -0.87236744 0.46980911 0.34593505 -0.89673775 0.2760261 0.27166355 -0.7447412 0.60955679 0.13427217 -0.93319875 0.33333322 0.34593505 -0.89673775 0.2760261 0.13510886 -0.87236744 0.46980911 0.20419952 -0.54287034 0.81461304 0.13366865 -0.33319917 0.93333328 0.13366865 -0.33319917 0.93333328 0.20419952 -0.54287034 0.81461304 0.27166355 -0.7447412 0.60955679 0.40798926 -0.67843419 0.61095971 0.20419952 -0.54287034 0.81461304 0.13400395 -0.66653234 0.73333329 0.27166355 -0.7447412 0.60955679 0.068049587 -0.47294807 0.87845856 0.13400395 -0.66653234 0.73333329 0.20419952 -0.54287034 0.81461304 0.13366865 -0.33319917 0.93333328 0.20419952 -0.54287034 0.81461304 0.13366865 -0.33319917 0.93333328 0.1305818 -0.3904357 0.9113223 0.20419952 -0.54287034 0.81461304 0.13366865 -0.33319917 0.93333328 0.1305818 -0.3904357 0.9113223 0.068049587 -0.47294807 0.87845856 0.20419952 -0.54287034 0.81461304 0.065907612 -0.3930071 0.91717046 0.068049587 -0.47294807 0.87845856 0.1305818 -0.3904357 0.9113223 0.13296139 -0.79284906 0.59473664 0.27166355 -0.7447412 0.60955679 0.13400395 -0.66653234 0.73333329 0.13510886 -0.87236744 0.46980911 0.27166355 -0.7447412 0.60955679 0.13296139 -0.79284906 0.59473664 -0.4738996 0.87798232 0.067573875 -0.47068667 0.87202978 0.13423134 -0.52383095 0.84931004 0.065372176 -0.59553415 0.79238367 0.13216385 -0.4738996 0.87798232 0.067573875 -0.52383095 0.84931004 0.065372176 0.53532875 -0.80124569 0.26726112 0.52050501 -0.84391761 0.12991382 0.55027103 -0.82361025 0.13736042 0.53532875 -0.80124569 0.26726112 0.34593505 -0.89673775 0.2760261 0.52050501 -0.84391761 0.12991382 0.40798926 -0.67843419 0.61095971 0.34593505 -0.89673775 0.2760261 0.53532875 -0.80124569 0.26726112 0.53532875 -0.80124569 0.26726112 0.72598141 -0.65865058 0.19781402 0.69736344 -0.62635857 0.34836638 0.55027103 -0.82361025 0.13736042 0.72598141 -0.65865058 0.19781402 0.53532875 -0.80124569 0.26726112 0.33427206 -0.93299758 0.13333321 0.52050501 -0.84391761 0.12991382 0.34593505 -0.89673775 0.2760261 0.76703674 -0.62628841 0.13934648 0.84496307 -0.5188061 0.12991384 0.72598141 -0.65865058 0.19781402 0.20419952 -0.54287034 0.81461304 0.27717277 -0.48392165 0.83005732 0.13366865 -0.33319917 0.93333328 0.40798926 -0.67843419 0.61095971 0.27717277 -0.48392165 0.83005732 0.20419952 -0.54287034 0.81461304 0.40798926 -0.67843419 0.61095971 0.33911952 -0.47375903 0.81274247 0.27717277 -0.48392165 0.83005732 0.59920615 -0.53154963 0.59867096 0.33911952 -0.47375903 0.81274247 0.40798926 -0.67843419 0.61095971 0.59920615 -0.53154963 0.59867096 0.538544 -0.40306222 0.73993999 0.33911952 -0.47375903 0.81274247 0.40798926 -0.67843419 0.61095971 0.69736344 -0.62635857 0.34836638 0.59920615 -0.53154963 0.59867096 0.53532875 -0.80124569 0.26726112 0.69736344 -0.62635857 0.34836638 0.40798926 -0.67843419 0.61095971 0.27717277 -0.48392165 0.83005732 0.13366865 -0.33319917 0.93333328 0.13366865 -0.33319917 0.93333328 0.33911952 -0.47375903 0.81274247 0.13366865 -0.33319917 0.93333328 0.27717277 -0.48392165 0.83005732 0.81321907 -0.47328204 0.3386426 0.69736344 -0.62635857 0.34836638 0.72598141 -0.65865058 0.19781402 0.74378657 -0.47226825 0.47301608 0.59920615 -0.53154963 0.59867096 0.69736344 -0.62635857 0.34836638 0.65984452 -0.46090287 0.59344232 0.538544 -0.40306222 0.73993999 0.59920615 -0.53154963 0.59867096 0.19814575 -0.3294912 0.9231326 0.13366865 -0.33319917 0.93333328 0.33911952 -0.47375903 0.81274247 0.81321907 -0.47328204 0.3386426 0.72598141 -0.65865058 0.19781402 0.84496307 -0.5188061 0.12991384 0.74378657 -0.47226825 0.47301608 0.69736344 -0.62635857 0.34836638 0.81321907 -0.47328204 0.3386426 0.65984452 -0.46090287 0.59344232 0.59920615 -0.53154963 0.59867096 0.74378657 -0.47226825 0.47301608 0.33911952 -0.47375903 0.81274247 0.39595976 -0.32929221 0.85719454 0.19814575 -0.3294912 0.9231326 0.538544 -0.40306222 0.73993999 0.39595976 -0.32929221 0.85719454 0.33911952 -0.47375903 0.81274247 0.84496307 -0.5188061 0.12991384 0.88907385 -0.40925744 0.20507568 0.81321907 -0.47328204 0.3386426 0.87893403 -0.47213227 0.067573629 0.88907385 -0.40925744 0.20507568 0.84496307 -0.5188061 0.12991384 0.74378657 -0.47226825 0.47301608 0.67925364 -0.40662354 0.61095977 0.65984452 -0.46090287 0.59344232 0.81321907 -0.47328204 0.3386426 0.85752583 -0.32882783 0.39562818 0.74378657 -0.47226825 0.47301608 0.39595976 -0.32929221 0.85719454 0.538544 -0.40306222 0.73993999 0.47444028 -0.33816573 0.81274247 0.65984452 -0.46090287 0.59344232 0.67925364 -0.40662354 0.61095977 0.538544 -0.40306222 0.73993999 0.19814575 -0.3294912 0.9231326 0.39595976 -0.32929221 0.85719454 0.26517287 -0.26463997 0.9271726 -0.26779875 0.53425324 0.8017838 -0.55281574 0.75851637 0.3450329 -0.40906942 0.81608546 0.40824842 -0.55281574 0.75851637 0.3450329 -0.52383095 0.84931004 0.065372176 -0.40906942 0.81608546 0.40824842 -0.55281574 0.75851637 0.3450329 -0.59553415 0.79238367 0.13216385 -0.52383095 0.84931004 0.065372176 -0.59553415 0.79238367 0.13216385 -0.73894644 0.67041302 0.067115732 -0.4738996 0.87798232 0.067573875 -0.66740406 0.73266232 0.13333347 -0.73894644 0.67041302 0.067115732 -0.59553415 0.79238367 0.13216385 -0.73894644 0.67041302 0.067115732 -0.81515896 0.54225564 0.2036534 -0.87893403 0.47213224 0.067573853 -0.73894644 0.67041302 0.067115732 -0.78505599 0.58755893 0.19611625 -0.81515896 0.54225564 0.2036534 -0.7578941 0.61882347 0.20652863 -0.78505599 0.58755893 0.19611625 -0.73894644 0.67041302 0.067115732 -0.73894644 0.67041302 0.067115732 -0.7578941 0.61882347 0.20652863 -0.7578941 0.61882347 0.20652863 -0.66740406 0.73266232 0.13333347 -0.7578941 0.61882347 0.20652863 -0.73894644 0.67041302 0.067115732 -0.66740406 0.73266232 0.13333347 -0.59553415 0.79238367 0.13216385 -0.55281574 0.75851637 0.3450329 -0.69736344 0.62635845 0.34836662 -0.66740406 0.73266232 0.13333347 -0.55281574 0.75851637 0.3450329 -0.7578941 0.61882347 0.20652863 -0.66740406 0.73266232 0.13333347 -0.69736344 0.62635845 0.34836662 -0.87893403 0.47213224 0.067573853 -0.87893403 0.47213224 0.067573853 -0.91756546 0.39215025 0.065512285 -0.87893403 0.47213224 0.067573853 -0.81515896 0.54225564 0.2036534 -0.87893403 0.47213224 0.067573853 0.00019734094 -0.19611615 0.98058069 0.00047697197 -0.47409967 0.88047105 0.00019734094 -0.19611615 0.98058069 0.00047697197 -0.47409967 0.88047105 0.065907612 -0.3930071 0.91717046 0.00019734094 -0.19611615 0.98058069 0.00019734094 -0.19611615 0.98058069 0.065907612 -0.3930071 0.91717046 0.00013300881 -0.13216376 0.99122792 0.00013300881 -0.13216376 0.99122792 0.065907612 -0.3930071 0.91717046 0.00019734094 -0.19611615 0.98058069 0.065907612 -0.3930071 0.91717046 0.065429695 -0.19563282 0.97849208 0.00019734094 -0.19611615 0.98058069 0.065429695 -0.19563282 0.97849208 0.065907612 -0.3930071 0.91717046 0.1305818 -0.3904357 0.9113223 0.065429695 -0.19563282 0.97849208 0.1305818 -0.3904357 0.9113223 0.13366865 -0.33319917 0.93333328 0.065429695 -0.19563282 0.97849208 0.13366865 -0.33319917 0.93333328 0.13366865 -0.33319917 0.93333328 0.065429695 -0.19563282 0.97849208 0.13366865 -0.33319917 0.93333328 0.13366865 -0.33319917 0.93333328 0.065429695 -0.19563282 0.97849208 0.13366865 -0.33319917 0.93333328 0.065429695 -0.19563282 0.97849208 0.13366865 -0.33319917 0.93333328 0.13366865 -0.33319917 0.93333328 0.065429695 -0.19563282 0.97849208 0.065429695 -0.19563282 0.97849208 0.13366865 -0.33319917 0.93333328 0.00019734094 -0.19611615 0.98058069 0.00019734094 -0.19611615 0.98058069 0.13366865 -0.33319917 0.93333328 0.065429695 -0.19563282 0.97849208 0.13366865 -0.33319917 0.93333328 0.19814575 -0.3294912 0.9231326 0.065429695 -0.19563282 0.97849208 0.34531033 -0.27567911 0.89708519 0.47444028 -0.33816573 0.81274247 0.26517287 -0.26463997 0.9271726 0.34531033 -0.27567911 0.89708519 0.61136931 -0.40669182 0.67884415 0.47444028 -0.33816573 0.81274247 0.20528203 -0.20486949 0.95702022 0.26517287 -0.26463997 0.9271726 0.20528203 -0.20486949 0.95702022 0.19814575 -0.3294912 0.9231326 0.20548832 -0.40994516 0.88866162 0.13635655 -0.27202863 0.95257926 0.19958431 -0.46440589 0.86284024 0.20548832 -0.40994516 0.88866162 0.19814575 -0.3294912 0.9231326 0.20419952 -0.54287034 0.81461304 0.20548832 -0.40994516 0.88866162 0.19958431 -0.46440589 0.86284024 0.20419952 -0.54287034 0.81461304 0.26779884 -0.53425342 0.80178368 0.20548832 -0.40994516 0.88866162 0.20821011 -0.69150543 0.69171435 0.26779884 -0.53425342 0.80178368 0.20419952 -0.54287034 0.81461304 0.26583904 -0.92690575 0.26490635 0.19874267 -0.92293322 0.32969013 0.20274909 -0.94153845 0.26906899 0.26583904 -0.92690575 0.26490635 0.20596965 -0.88845497 0.41015145 0.19874267 -0.92293322 0.32969013 0.26806769 -0.80151457 0.53452235 0.20596965 -0.88845497 0.41015145 0.26583904 -0.92690575 0.26490635 0.26806769 -0.80151457 0.53452235 0.1969052 -0.78426695 0.58834827 0.20596965 -0.88845497 0.41015145 0.20821011 -0.69150543 0.69171435 0.1969052 -0.78426695 0.58834827 0.26806769 -0.80151457 0.53452235 0.20821011 -0.69150543 0.69171435 0.20729022 -0.75706315 0.61958545 0.1969052 -0.78426695 0.58834827 0.20821011 -0.69150543 0.69171435 0.13276197 -0.5946036 0.79298228 0.20729022 -0.75706315 0.61958545 0.20419952 -0.54287034 0.81461304 0.13276197 -0.5946036 0.79298228 0.20821011 -0.69150543 0.69171435 0.20274909 -0.94153845 0.26906899 0.27001631 -0.94147074 0.2018017 0.26583904 -0.92690575 0.26490635 0.20274909 -0.94153845 0.26906899 0.13201283 -0.98255038 0.13102424 0.27001631 -0.94147074 0.2018017 0.33820844 -0.33752874 0.87845856 0.46480644 -0.19864963 0.86284024 0.20528203 -0.20486949 0.95702022 0.54863322 -0.47908053 0.68518859 0.46480644 -0.19864963 0.86284024 0.33820844 -0.33752874 0.87845856 0.54863322 -0.47908053 0.68518859 0.58854544 -0.19552428 0.78446448 0.46480644 -0.19864963 0.86284024 0.74528623 -0.2701647 0.60955685 0.58854544 -0.19552428 0.78446448 0.54863322 -0.47908053 0.68518859 0.74528623 -0.2701647 0.60955685 0.73346716 -0.13259566 0.66666663 0.58854544 -0.19552428 0.78446448 0.34906724 -0.69638228 0.62705958 0.26779884 -0.53425342 0.80178368 0.20821011 -0.69150543 0.69171435 0.34906724 -0.69638228 0.62705958 0.54863322 -0.47908053 0.68518859 0.26779884 -0.53425342 0.80178368 0.55281579 -0.75851643 0.34503266 0.54863322 -0.47908053 0.68518859 0.34906724 -0.69638228 0.62705958 0.55281579 -0.75851643 0.34503266 0.74562681 -0.60880721 0.27091408 0.54863322 -0.47908053 0.68518859 0.79358023 -0.59393877 0.1321636 0.74562681 -0.60880721 0.27091408 0.55281579 -0.75851643 0.34503266 0.54863322 -0.47908053 0.68518859 0.20548832 -0.40994516 0.88866162 0.26779884 -0.53425342 0.80178368 0.33820844 -0.33752874 0.87845856 0.20548832 -0.40994516 0.88866162 0.54863322 -0.47908053 0.68518859 0.33820844 -0.33752874 0.87845856 0.19814575 -0.3294912 0.9231326 0.20548832 -0.40994516 0.88866162 0.12983635 -0.19433072 0.97230554 0.19814575 -0.3294912 0.9231326 0.33820844 -0.33752874 0.87845856 0.87879807 -0.33698487 0.3378686 0.89964586 -0.41412392 0.13834278 0.97868848 -0.19471402 0.065232724 0.74562681 -0.60880721 0.27091408 0.89964586 -0.41412392 0.13834278 0.87879807 -0.33698487 0.3378686 0.74562681 -0.60880721 0.27091408 0.79358023 -0.59393877 0.1321636 0.89964586 -0.41412392 0.13834278 0.39148328 -0.91092902 0.13018878 0.26583904 -0.92690575 0.26490635 0.27001631 -0.94147074 0.2018017 0.55281579 -0.75851643 0.34503266 0.26583904 -0.92690575 0.26490635 0.39148328 -0.91092902 0.13018878 0.55281579 -0.75851643 0.34503266 0.26806769 -0.80151457 0.53452235 0.26583904 -0.92690575 0.26490635 0.34906724 -0.69638228 0.62705958 0.26806769 -0.80151457 0.53452235 0.55281579 -0.75851643 0.34503266 0.34906724 -0.69638228 0.62705958 0.20821011 -0.69150543 0.69171435 0.26806769 -0.80151457 0.53452235 0.55281579 -0.75851643 0.34503266 0.62783033 -0.76577514 0.13934647 0.79358023 -0.59393877 0.1321636 0.55281579 -0.75851643 0.34503266 0.39148328 -0.91092902 0.13018878 0.62783033 -0.76577514 0.13934647 0.95271575 -0.13512449 0.27216548 0.97868848 -0.19471402 0.065232724 0.97243553 -0.12866262 0.19446105 0.95271575 -0.13512449 0.27216548 0.87879807 -0.33698487 0.3378686 0.97868848 -0.19471402 0.065232724 0.87879807 -0.33698487 0.3378686 0.54863322 -0.47908053 0.68518859 0.74562681 -0.60880721 0.27091408 0.87879807 -0.33698487 0.3378686 0.74528623 -0.2701647 0.60955685 0.54863322 -0.47908053 0.68518859 0.89936757 -0.13743828 0.41502863 0.74528623 -0.2701647 0.60955685 0.87879807 -0.33698487 0.3378686 0.87879807 -0.33698487 0.3378686 0.95271575 -0.13512449 0.27216548 0.89936757 -0.13743828 0.41502863 0.89936757 -0.13743828 0.41502863 0.73346716 -0.13259566 0.66666663 0.74528623 -0.2701647 0.60955685 0.26927203 -0.20153117 0.94174182 0.33820844 -0.33752874 0.87845856 0.20528203 -0.20486949 0.95702022 0.19814575 -0.3294912 0.9231326 0.13635655 -0.27202863 0.95257926 0.20548832 -0.40994516 0.88866162 0.26927203 -0.20153117 0.94174182 0.12983635 -0.19433072 0.97230554 0.33820844 -0.33752874 0.87845856 0.89936757 -0.13743828 0.41502863 0.95271575 -0.13512449 0.27216548 0.95271575 -0.13512449 0.27216548 0.82430118 -0.13653149 0.54944217 0.89936757 -0.13743828 0.41502863 0.95271575 -0.13512449 0.27216548 0.73346716 -0.13259566 0.66666663 0.89936757 -0.13743828 0.41502863 0.82430118 -0.13653149 0.54944217 0.95271575 -0.13512449 0.27216548 0.95271575 -0.13512449 0.27216548 0.97243553 -0.12866262 0.19446105 0.46994409 -0.13375865 0.8725028 0.58854544 -0.19552428 0.78446448 0.73346716 -0.13259566 0.66666663 0.46994409 -0.13375865 0.8725028 0.46480644 -0.19864963 0.86284024 0.58854544 -0.19552428 0.78446448 0.46994409 -0.13375865 0.8725028 0.20528203 -0.20486949 0.95702022 0.46480644 -0.19864963 0.86284024 0.99122745 0.00099710748 0.13216366 0.95271575 -0.13512449 0.27216548 0.97243553 -0.12866262 0.19446105 0.12983635 -0.19433072 0.97230554 0.13635655 -0.27202863 0.95257926 0.19814575 -0.3294912 0.9231326 0.12983635 -0.19433072 0.97230554 0.20528203 -0.20486949 0.95702022 0.13635655 -0.27202863 0.95257926 0.20528203 -0.20486949 0.95702022 0.20528203 -0.20486949 0.95702022 0.12983635 -0.19433072 0.97230554 0.20528203 -0.20486949 0.95702022 0.20528203 -0.20486949 0.95702022 0.20528203 -0.20486949 0.95702022 0.46994409 -0.13375865 0.8725028 0.20528203 -0.20486949 0.95702022 0.20528203 -0.20486949 0.95702022 0.13635655 -0.27202863 0.95257926 0.20207246 -0.26886609 0.94174182 0.19814575 -0.3294912 0.9231326 0.13635655 -0.27202863 0.95257926 0.20528203 -0.20486949 0.95702022 0.20207246 -0.26886609 0.94174182 0.20528203 -0.20486949 0.95702022 0.20528203 -0.20486949 0.95702022 0.13635655 -0.27202863 0.95257926 0.12983635 -0.19433072 0.97230554 0.26927203 -0.20153117 0.94174182 0.20528203 -0.20486949 0.95702022 0.8502965 -0.45674923 0.26148805 0.89743191 -0.34413022 0.27602613 0.89964586 -0.41412392 0.13834278 0.73042911 -0.33112711 0.5973509 0.89743191 -0.34413022 0.27602613 0.8502965 -0.45674923 0.26148805 0.73042911 -0.33112711 0.5973509 0.61136931 -0.40669182 0.67884415 0.34531033 -0.27567911 0.89708519 0.73042911 -0.33112711 0.5973509 0.76689655 -0.48694193 0.41803971 0.61136931 -0.40669182 0.67884415 0.8502965 -0.45674923 0.26148805 0.76689655 -0.48694193 0.41803971 0.73042911 -0.33112711 0.5973509 0.20528203 -0.20486949 0.95702022 0.34531033 -0.27567911 0.89708519 0.26517287 -0.26463997 0.9271726 0.20528203 -0.20486949 0.95702022 0.34531033 -0.27567911 0.89708519 0.20528203 -0.20486949 0.95702022 0.34531033 -0.27567911 0.89708519 0.20528203 -0.20486949 0.95702022 0.13115616 -0.1308926 0.98268265 0.20528203 -0.20486949 0.95702022 0.20528203 -0.20486949 0.95702022 0.34531033 -0.27567911 0.89708519 0.82430118 -0.13653149 0.54944217 0.95271575 -0.13512449 0.27216548 0.89936757 -0.13743828 0.41502863 0.46994409 -0.13375865 0.8725028 0.46480644 -0.19864963 0.86284024 0.46994409 -0.13375865 0.8725028 0.46994409 -0.13375865 0.8725028 0.46994409 -0.13375865 0.8725028 0.46480644 -0.19864963 0.86284024 0.73346716 -0.13259566 0.66666663 0.61979306 -0.20590523 0.75727117 0.46994409 -0.13375865 0.8725028 0.73346716 -0.13259566 0.66666663 0.82430118 -0.13653149 0.54944217 0.61979306 -0.20590523 0.75727117 0.46994409 -0.13375865 0.8725028 0.20528203 -0.20486949 0.95702022 0.20528203 -0.20486949 0.95702022 0.13115616 -0.1308926 0.98268265 0.20528203 -0.20486949 0.95702022 0.46994409 -0.13375865 0.8725028 0.13115616 -0.1308926 0.98268265 0.46994409 -0.13375865 0.8725028 0.41516769 -0.13792543 0.89922875 0.3964904 -0.85679621 0.32969013 0.62783033 -0.76577514 0.13934647 0.52383095 -0.8493101 0.065371908 0.3964904 -0.85679621 0.32969013 0.71517986 -0.64885074 0.25982779 0.62783033 -0.76577514 0.13934647 0.27312365 -0.95230508 0.13608263 0.13704096 -0.95244199 0.27216542 0.3964904 -0.85679621 0.32969013 0.71517986 -0.64885074 0.25982779 0.79882997 -0.59786779 0.066518888 0.62783033 -0.76577514 0.13934647 0.71517986 -0.64885074 0.25982779 0.89964586 -0.41412392 0.13834278 0.79882997 -0.59786779 0.066518888 0.85759217 -0.39476582 0.32969016 0.89964586 -0.41412392 0.13834278 0.71517986 -0.64885074 0.25982779 0.85759217 -0.39476582 0.32969016 0.88907385 -0.40925744 0.20507568 0.89964586 -0.41412392 0.13834278 0.95285261 -0.27120718 0.13608268 0.88907385 -0.40925744 0.20507568 0.85759217 -0.39476582 0.32969016 0.95285261 -0.27120718 0.13608268 0.95271575 -0.13512449 0.27216548 0.99565125 -0.065370798 0.06637226 0.85759217 -0.39476582 0.32969016 0.95271575 -0.13512449 0.27216548 0.95285261 -0.27120718 0.13608268 0.13704096 -0.95244199 0.27216542 0.27312365 -0.95230508 0.13608263 0.13061878 -0.9721747 0.194461 0.27312365 -0.95230508 0.13608263 0.27312365 -0.95230508 0.13608263 0.13704096 -0.95244199 0.27216542 0.52383095 -0.8493101 0.065371908 0.27312365 -0.95230508 0.13608263 0.3964904 -0.85679621 0.32969013 0.89936757 -0.13743828 0.41502863 0.95271575 -0.13512449 0.27216548 0.85759217 -0.39476582 0.32969016 0.99122745 0.00099710748 0.13216366 0.99565125 -0.065370798 0.06637226 0.95271575 -0.13512449 0.27216548 0.34579623 -0.75872475 0.55205232 0.13704096 -0.95244199 0.27216542 0.13510886 -0.87236744 0.46980911 0.87236744 0.13510878 0.4698092 0.88047069 0.00088565116 0.47409976 0.95919484 0.069483772 0.27407542 0.87236744 0.13510878 0.4698092 0.7682209 0.00077271392 0.64018434 0.88047069 0.00088565116 0.47409976 0.59999979 0.00060347316 0.79999995 0.54958016 -0.13680787 0.82416332 0.7682209 0.00077271392 0.64018434 0.95919484 0.069483772 0.27407542 0.93319875 0.13427211 0.33333331 0.87236744 0.13510878 0.4698092 0.95919484 0.069483772 0.27407542 0.9721747 0.13061874 0.19446108 0.93319875 0.13427211 0.33333331 0.97842598 0.066217065 0.19569838 0.9721747 0.13061874 0.19446108 0.95919484 0.069483772 0.27407542 0.39313883 -0.065116845 0.91717046 0.33564544 -0.066778108 0.93961847 0.46994409 -0.13375865 0.8725028 0.9721747 0.13061874 0.19446108 0.95681351 0.20603837 0.20507576 0.93319875 0.13427211 0.33333331 0.54958016 -0.13680787 0.82416332 0.75747865 -0.20576671 0.61958551 0.7682209 0.00077271392 0.64018434 0.54958016 -0.13680787 0.82416332 0.61136931 -0.40669182 0.67884415 0.75747865 -0.20576671 0.61958551 0.46994409 -0.13375865 0.8725028 0.61136931 -0.40669182 0.67884415 0.54958016 -0.13680787 0.82416332 0.46994409 -0.13375865 0.8725028 0.48447827 -0.27619866 0.83005732 0.61136931 -0.40669182 0.67884415 0.46994409 -0.13375865 0.8725028 0.33346736 -0.13299806 0.93333328 0.48447827 -0.27619866 0.83005732 0.33564544 -0.066778108 0.93961847 0.33346736 -0.13299806 0.93333328 0.46994409 -0.13375865 0.8725028 0.26947501 -0.40333289 0.87447459 0.27637321 -0.34475505 0.89708519 0.19814575 -0.3294912 0.9231326 0.26947501 -0.40333289 0.87447459 0.26927203 -0.20153117 0.94174182 0.27637321 -0.34475505 0.89708519 0.20419952 -0.54287034 0.81461304 0.26927203 -0.20153117 0.94174182 0.26947501 -0.40333289 0.87447459 0.20419952 -0.54287034 0.81461304 0.27717277 -0.48392165 0.83005732 0.26927203 -0.20153117 0.94174182 0.20729022 -0.75706315 0.61958545 0.27717277 -0.48392165 0.83005732 0.20419952 -0.54287034 0.81461304 0.20729022 -0.75706315 0.61958545 0.40792099 -0.61054987 0.67884409 0.27717277 -0.48392165 0.83005732 0.20729022 -0.75706315 0.61958545 0.40906948 -0.81608558 0.40824819 0.40792099 -0.61054987 0.67884409 0.13924742 -0.89908922 0.41502857 0.40906948 -0.81608558 0.40824819 0.20729022 -0.75706315 0.61958545 0.89736247 -0.27512369 0.34503269 0.72598141 -0.65865058 0.19781402 0.9336682 -0.3323943 0.13333325 0.6794585 -0.6102767 0.40730643 0.72598141 -0.65865058 0.19781402 0.89736247 -0.27512369 0.34503269 0.13704096 -0.95244199 0.27216542 0.40906948 -0.81608558 0.40824819 0.13924742 -0.89908922 0.41502857 0.13704096 -0.95244199 0.27216542 0.33061871 -0.92280054 0.197814 0.40906948 -0.81608558 0.40824819 0.13061878 -0.9721747 0.194461 0.33061871 -0.92280054 0.197814 0.13704096 -0.95244199 0.27216542 0.13061878 -0.9721747 0.194461 0.19668265 -0.97829473 0.065232679 0.33061871 -0.92280054 0.197814 0.13201283 -0.98255038 0.13102424 0.19668265 -0.97829473 0.065232679 0.13061878 -0.9721747 0.194461 0.27717277 -0.48392165 0.83005732 0.48447827 -0.27619866 0.83005732 0.26927203 -0.20153117 0.94174182 0.40792099 -0.61054987 0.67884409 0.48447827 -0.27619866 0.83005732 0.27717277 -0.48392165 0.83005732 0.40792099 -0.61054987 0.67884409 0.61136931 -0.40669182 0.67884415 0.48447827 -0.27619866 0.83005732 0.40906948 -0.81608558 0.40824819 0.61136931 -0.40669182 0.67884415 0.40792099 -0.61054987 0.67884409 0.40906948 -0.81608558 0.40824819 0.6794585 -0.6102767 0.40730643 0.61136931 -0.40669182 0.67884415 0.72598141 -0.65865058 0.19781402 0.6794585 -0.6102767 0.40730643 0.40906948 -0.81608558 0.40824819 0.33061871 -0.92280054 0.197814 0.72598141 -0.65865058 0.19781402 0.40906948 -0.81608558 0.40824819 0.33061871 -0.92280054 0.197814 0.41593307 -0.89881086 0.13834275 0.72598141 -0.65865058 0.19781402 0.19668265 -0.97829473 0.065232679 0.41593307 -0.89881086 0.13834275 0.33061871 -0.92280054 0.197814 0.95919484 0.069483772 0.27407542 0.97243553 -0.12866262 0.19446105 0.97842598 0.066217065 0.19569838 0.95919484 0.069483772 0.27407542 0.89736247 -0.27512369 0.34503269 0.97243553 -0.12866262 0.19446105 0.9336682 -0.3323943 0.13333325 0.97243553 -0.12866262 0.19446105 0.89736247 -0.27512369 0.34503269 0.89736247 -0.27512369 0.34503269 0.61136931 -0.40669182 0.67884415 0.6794585 -0.6102767 0.40730643 0.89736247 -0.27512369 0.34503269 0.75747865 -0.20576671 0.61958551 0.61136931 -0.40669182 0.67884415 0.88047069 0.00088565116 0.47409976 0.75747865 -0.20576671 0.61958551 0.89736247 -0.27512369 0.34503269 0.89736247 -0.27512369 0.34503269 0.95919484 0.069483772 0.27407542 0.88047069 0.00088565116 0.47409976 0.88047069 0.00088565116 0.47409976 0.7682209 0.00077271392 0.64018434 0.75747865 -0.20576671 0.61958551 0.33346736 -0.13299806 0.93333328 0.26927203 -0.20153117 0.94174182 0.48447827 -0.27619866 0.83005732 0.13924742 -0.89908922 0.41502857 0.13704096 -0.95244199 0.27216542 0.13704096 -0.95244199 0.27216542 0.20729022 -0.75706315 0.61958545 0.13510886 -0.87236744 0.46980911 0.13924742 -0.89908922 0.41502857 0.00099713111 -0.99122745 0.1321636 0.13704096 -0.95244199 0.27216542 0.13061878 -0.9721747 0.194461 0.00099713111 -0.99122745 0.1321636 0.13061878 -0.9721747 0.194461 0.13704096 -0.95244199 0.27216542 0.13201283 -0.98255038 0.13102424 0.13061878 -0.9721747 0.194461 0.00099713111 -0.99122745 0.1321636 0.33564544 -0.066778108 0.93961847 0.26927203 -0.20153117 0.94174182 0.33346736 -0.13299806 0.93333328 0.27637321 -0.34475505 0.89708519 0.26927203 -0.20153117 0.94174182 0.19814575 -0.3294912 0.9231326 0.73820382 0.067858152 0.67115599 0.7682209 0.00077271392 0.64018434 0.87236744 0.13510878 0.4698092 0.59999979 0.00060347316 0.79999995 0.7682209 0.00077271392 0.64018434 0.73820382 0.067858152 0.67115599 0.39313883 -0.065116845 0.91717046 0.54958016 -0.13680787 0.82416332 0.59999979 0.00060347316 0.79999995 0.39313883 -0.065116845 0.91717046 0.46994409 -0.13375865 0.8725028 0.54958016 -0.13680787 0.82416332 0.39313883 -0.065116845 0.91717046 0.46994409 -0.13375865 0.8725028 0.39313883 -0.065116845 0.91717046 0.27414432 -0.068243243 0.95926422 0.33564544 -0.066778108 0.93961847 0.39313883 -0.065116845 0.91717046 0.39313883 -0.065116845 0.91717046 0.27414432 -0.068243243 0.95926422 0.39313883 -0.065116845 0.91717046 0.13704096 -0.95244199 0.27216542 0.13704096 -0.95244199 0.27216542 0.13061878 -0.9721747 0.194461 0.13924742 -0.89908922 0.41502857 0.13510886 -0.87236744 0.46980911 0.13704096 -0.95244199 0.27216542 0.20729022 -0.75706315 0.61958545 0.19854371 -0.72511923 0.65938038 0.13510886 -0.87236744 0.46980911 0.20419952 -0.54287034 0.81461304 0.19854371 -0.72511923 0.65938038 0.20729022 -0.75706315 0.61958545 0.20419952 -0.54287034 0.81461304 0.13791324 -0.54930389 0.82416332 0.19854371 -0.72511923 0.65938038 0.26947501 -0.40333289 0.87447459 0.13791324 -0.54930389 0.82416332 0.20419952 -0.54287034 0.81461304 0.26947501 -0.40333289 0.87447459 0.19363573 -0.38629949 0.90181923 0.13791324 -0.54930389 0.82416332 0.19363573 -0.38629949 0.90181923 0.19814575 -0.3294912 0.9231326 0.12983635 -0.19433072 0.97230554 0.26947501 -0.40333289 0.87447459 0.19814575 -0.3294912 0.9231326 0.19363573 -0.38629949 0.90181923 0.33564544 -0.066778108 0.93961847 0.12983635 -0.19433072 0.97230554 0.26927203 -0.20153117 0.94174182 0.27414432 -0.068243243 0.95926422 0.12983635 -0.19433072 0.97230554 0.33564544 -0.066778108 0.93961847 0.27414432 -0.068243243 0.95926422 0.12983635 -0.19433072 0.97230554 0.12983635 -0.19433072 0.97230554 0.19814575 -0.3294912 0.9231326 0.26927203 -0.20153117 0.94174182 0.12983635 -0.19433072 0.97230554 0.27414432 -0.068243243 0.95926422 0.39313883 -0.065116845 0.91717046 0.13115616 -0.1308926 0.98268265 0.73042911 -0.33112711 0.5973509 0.89736247 -0.27512369 0.34503269 0.89743191 -0.34413022 0.27602613 0.89743191 -0.34413022 0.27602613 0.92346388 -0.32876149 0.19781405 0.89964586 -0.41412392 0.13834278 0.89743191 -0.34413022 0.27602613 0.92346388 -0.32876149 0.19781405 0.92346388 -0.32876149 0.19781405 0.9617998 -0.27375373 -8.9924676e-08 0.92346388 -0.32876149 0.19781405 0.89743191 -0.34413022 0.27602613 0.19459149 -0.12944518 0.9723056 0.34531033 -0.27567911 0.89708519 0.13115616 -0.1308926 0.98268265 0.41035771 -0.2046632 0.88866162 0.73042911 -0.33112711 0.5973509 0.34531033 -0.27567911 0.89708519 0.81321907 -0.47328204 0.3386426 0.88907385 -0.40925744 0.20507568 0.85752583 -0.32882783 0.39562818 0.89964586 -0.41412392 0.13834278 0.88907385 -0.40925744 0.20507568 0.87893403 -0.47213227 0.067573629 0.89964586 -0.41412392 0.13834278 0.91756546 -0.39215025 0.065512076 0.88907385 -0.40925744 0.20507568 0.92346388 -0.32876149 0.19781405 0.91756546 -0.39215025 0.065512076 0.89964586 -0.41412392 0.13834278 0.92346388 -0.32876149 0.19781405 0.9336682 -0.3323943 0.13333325 0.91756546 -0.39215025 0.065512076 0.92346388 -0.32876149 0.19781405 0.9336682 -0.3323943 0.13333325 0.92346388 -0.32876149 0.19781405 0.92346388 -0.32876149 0.19781405 0.92346388 -0.32876149 0.19781405 0.9336682 -0.3323943 0.13333325 0.9617998 -0.27375373 -8.9924676e-08 0.92346388 -0.32876149 0.19781405 0.92346388 -0.32876149 0.19781405 0.74378657 -0.47226825 0.47301608 0.85752583 -0.32882783 0.39562818 0.67925364 -0.40662354 0.61095977 0.88907385 -0.40925744 0.20507568 0.91756546 -0.39215025 0.065512076 0.85752583 -0.32882783 0.39562818 -0.88907379 0.40925738 0.20507589 -0.87893403 0.47213224 0.067573853 -0.91756546 0.39215025 0.065512285 0.74528623 -0.2701647 0.60955685 0.89736247 -0.27512369 0.34503269 0.73042911 -0.33112711 0.5973509 0.74528623 -0.2701647 0.60955685 0.73346716 -0.13259566 0.66666663 0.89736247 -0.27512369 0.34503269 0.41035771 -0.2046632 0.88866162 0.73346716 -0.13259566 0.66666663 0.74528623 -0.2701647 0.60955685 0.41035771 -0.2046632 0.88866162 0.41516769 -0.13792543 0.89922875 0.73346716 -0.13259566 0.66666663 0.19459149 -0.12944518 0.9723056 0.41516769 -0.13792543 0.89922875 0.41035771 -0.2046632 0.88866162 0.89736247 -0.27512369 0.34503269 0.95285261 -0.27120718 0.13608268 0.95953941 -0.27311039 0.06851878 0.89736247 -0.27512369 0.34503269 0.97868848 -0.19471402 0.065232724 0.95285261 -0.27120718 0.13608268 0.97243553 -0.12866262 0.19446105 0.97868848 -0.19471402 0.065232724 0.89736247 -0.27512369 0.34503269 0.97243553 -0.12866262 0.19446105 0.98281395 -0.13003579 0.13102429 0.97868848 -0.19471402 0.065232724 0.41035771 -0.2046632 0.88866162 0.13115616 -0.1308926 0.98268265 0.19459149 -0.12944518 0.9723056 0.41035771 -0.2046632 0.88866162 0.19459149 -0.12944518 0.9723056 0.13115616 -0.1308926 0.98268265 0.19459149 -0.12944518 0.9723056 0.19459149 -0.12944518 0.9723056 0.41035771 -0.2046632 0.88866162 0.19459149 -0.12944518 0.9723056 0.27230236 -0.13580903 0.95257926 0.41516769 -0.13792543 0.89922875 0.41035771 -0.2046632 0.88866162 0.34531033 -0.27567911 0.89708519 0.19459149 -0.12944518 0.9723056 0.74528623 -0.2701647 0.60955685 0.73042911 -0.33112711 0.5973509 0.41035771 -0.2046632 0.88866162 0.89743191 -0.34413022 0.27602613 0.95953941 -0.27311039 0.06851878 0.9617998 -0.27375373 -8.9924676e-08 0.89736247 -0.27512369 0.34503269 0.95953941 -0.27311039 0.06851878 0.89743191 -0.34413022 0.27602613 0.73346716 -0.13259566 0.66666663 0.97243553 -0.12866262 0.19446105 0.89736247 -0.27512369 0.34503269 0.55392796 -0.55281466 0.62254292 0.71517986 -0.64885074 0.25982779 0.3964904 -0.85679621 0.32969013 0.55392796 -0.55281466 0.62254292 0.85759217 -0.39476582 0.32969016 0.71517986 -0.64885074 0.25982779 0.74528623 -0.2701647 0.60955685 0.85759217 -0.39476582 0.32969016 0.55392796 -0.55281466 0.62254292 0.74528623 -0.2701647 0.60955685 0.89936757 -0.13743828 0.41502863 0.85759217 -0.39476582 0.32969016 0.82430118 -0.13653149 0.54944217 0.89936757 -0.13743828 0.41502863 0.74528623 -0.2701647 0.60955685 0.34579623 -0.75872475 0.55205232 0.13510886 -0.87236744 0.46980911 0.19854371 -0.72511923 0.65938038 0.3964904 -0.85679621 0.32969013 0.13704096 -0.95244199 0.27216542 0.34579623 -0.75872475 0.55205232 0.74528623 -0.2701647 0.60955685 0.61979306 -0.20590523 0.75727117 0.82430118 -0.13653149 0.54944217 0.41035771 -0.2046632 0.88866162 0.61979306 -0.20590523 0.75727117 0.74528623 -0.2701647 0.60955685 0.41035771 -0.2046632 0.88866162 0.46994409 -0.13375865 0.8725028 0.61979306 -0.20590523 0.75727117 0.19363573 -0.38629949 0.90181923 0.27717277 -0.48392165 0.83005732 0.13791324 -0.54930389 0.82416332 0.19363573 -0.38629949 0.90181923 0.20528203 -0.20486949 0.95702022 0.27717277 -0.48392165 0.83005732 0.12983635 -0.19433072 0.97230554 0.20528203 -0.20486949 0.95702022 0.19363573 -0.38629949 0.90181923 0.27717277 -0.48392165 0.83005732 0.19854371 -0.72511923 0.65938038 0.13791324 -0.54930389 0.82416332 0.27717277 -0.48392165 0.83005732 0.34579623 -0.75872475 0.55205232 0.19854371 -0.72511923 0.65938038 0.55392796 -0.55281466 0.62254292 0.34579623 -0.75872475 0.55205232 0.27717277 -0.48392165 0.83005732 0.55392796 -0.55281466 0.62254292 0.41035771 -0.2046632 0.88866162 0.74528623 -0.2701647 0.60955685 0.55392796 -0.55281466 0.62254292 0.33820844 -0.33752874 0.87845856 0.41035771 -0.2046632 0.88866162 0.27717277 -0.48392165 0.83005732 0.33820844 -0.33752874 0.87845856 0.55392796 -0.55281466 0.62254292 0.27717277 -0.48392165 0.83005732 0.20528203 -0.20486949 0.95702022 0.33820844 -0.33752874 0.87845856 0.20528203 -0.20486949 0.95702022 0.20528203 -0.20486949 0.95702022 0.27717277 -0.48392165 0.83005732 0.19363573 -0.38629949 0.90181923 0.12983635 -0.19433072 0.97230554 0.12983635 -0.19433072 0.97230554 0.41035771 -0.2046632 0.88866162 0.19459149 -0.12944518 0.9723056 0.46994409 -0.13375865 0.8725028 0.41035771 -0.2046632 0.88866162 0.20528203 -0.20486949 0.95702022 0.19459149 -0.12944518 0.9723056 0.33820844 -0.33752874 0.87845856 0.20528203 -0.20486949 0.95702022 0.41035771 -0.2046632 0.88866162 0.33820844 -0.33752874 0.87845856 0.20528203 -0.20486949 0.95702022 0.20528203 -0.20486949 0.95702022 0.20528203 -0.20486949 0.95702022 0.20528203 -0.20486949 0.95702022 0.33820844 -0.33752874 0.87845856 0.46994409 -0.13375865 0.8725028 0.46994409 -0.13375865 0.8725028 0.41035771 -0.2046632 0.88866162 0.20528203 -0.20486949 0.95702022 0.20528203 -0.20486949 0.95702022 0.27717277 -0.48392165 0.83005732 0.3964904 -0.85679621 0.32969013 0.34579623 -0.75872475 0.55205232 0.55392796 -0.55281466 0.62254292 0.41516769 -0.13792543 0.89922875 0.46994409 -0.13375865 0.8725028 0.46994409 -0.13375865 0.8725028 -0.97868842 0.19471401 0.065232888 -0.98920286 0.13088107 0.065938123 -0.99785155 0.065515257 6.7254724e-08 -0.9336682 0.33239427 0.13333343 -0.97868842 0.19471401 0.065232888 -0.87893403 0.47213224 0.067573853 0.95953941 -0.27311039 0.06851878 0.94201207 -0.26812166 0.20180175 0.9617998 -0.27375373 -8.9924676e-08 0.13115616 -0.1308926 0.98268265 0.12983635 -0.19433072 0.97230554 0.12983635 -0.19433072 0.97230554 0.13115616 -0.1308926 0.98268265 0.20528203 -0.20486949 0.95702022 0.12983635 -0.19433072 0.97230554 0.13115616 -0.1308926 0.98268265 0.20528203 -0.20486949 0.95702022 0.13115616 -0.1308926 0.98268265 0.13115616 -0.1308926 0.98268265 0.20528203 -0.20486949 0.95702022 0.20528203 -0.20486949 0.95702022 0.20528203 -0.20486949 0.95702022 0.20528203 -0.20486949 0.95702022 0.13115616 -0.1308926 0.98268265 0.13115616 -0.1308926 0.98268265 0.19459149 -0.12944518 0.9723056 0.13115616 -0.1308926 0.98268265 0.27230236 -0.13580903 0.95257926 0.19459149 -0.12944518 0.9723056 0.13115616 -0.1308926 0.98268265 0.20528203 -0.20486949 0.95702022 0.19459149 -0.12944518 0.9723056 0.19459149 -0.12944518 0.9723056 0.20528203 -0.20486949 0.95702022 0.19459149 -0.12944518 0.9723056 0.20528203 -0.20486949 0.95702022 0.20528203 -0.20486949 0.95702022 0.13115616 -0.1308926 0.98268265 0.19459149 -0.12944518 0.9723056 0.20528203 -0.20486949 0.95702022 0.13115616 -0.1308926 0.98268265 0.20528203 -0.20486949 0.95702022 0.19459149 -0.12944518 0.9723056 0.19459149 -0.12944518 0.9723056 0.19459149 -0.12944518 0.9723056 0.19459149 -0.12944518 0.9723056 0.46994409 -0.13375865 0.8725028 0.19459149 -0.12944518 0.9723056 0.41516769 -0.13792543 0.89922875 0.46994409 -0.13375865 0.8725028 0.19459149 -0.12944518 0.9723056 0.13115616 -0.1308926 0.98268265 0.41516769 -0.13792543 0.89922875 0.19459149 -0.12944518 0.9723056 -0.9336682 0.33239427 0.13333343 -0.87893403 0.47213224 0.067573853 -0.88907379 0.40925738 0.20507589 0.9617998 -0.27375373 -8.9924676e-08 0.94201207 -0.26812166 0.20180175 0.92346388 -0.32876149 0.19781405 0.95285261 -0.27120718 0.13608268 0.95953941 -0.27311039 0.06851878 0.95953941 -0.27311039 0.06851878 0.97868848 -0.19471402 0.065232724 0.94194442 -0.20085442 0.26906902 0.95285261 -0.27120718 0.13608268 0.19363573 -0.38629949 0.90181923 0.12983635 -0.19433072 0.97230554 0.12983635 -0.19433072 0.97230554 0.13115616 -0.1308926 0.98268265 0.12983635 -0.19433072 0.97230554 0.27414432 -0.068243243 0.95926422 0.27414432 -0.068243243 0.95926422 0.13115616 -0.1308926 0.98268265 0.39313883 -0.065116845 0.91717046 0.27414432 -0.068243243 0.95926422 0.13115616 -0.1308926 0.98268265 0.27414432 -0.068243243 0.95926422 0.89680713 0.27692845 0.34503275 0.93319875 0.13427211 0.33333331 0.95681351 0.20603837 0.20507576 0.8740682 0.40448311 0.26906911 0.93319875 0.13427211 0.33333331 0.89680713 0.27692845 0.34503275 0.87811834 0.33875215 0.33786869 0.89680713 0.27692845 0.34503275 0.79999965 0.00080468645 0.59999996 0.47409964 0.00047681457 0.88047111 0.73953372 0.40434775 0.53813821 0.78581631 0.3283515 0.52409744 0.47409964 0.00047681457 0.88047111 0.67843419 0.40798914 0.61095983 0.73953372 0.40434775 0.53813821 0.68470591 0.48032108 0.54815096 0.67843419 0.40798914 0.61095983 0.47409964 0.00047681457 0.88047111 0.65055138 0.39122128 0.65094453 0.68470591 0.48032108 0.54815096 0.47409964 0.00047681457 0.88047111 0.47409964 0.00047681457 0.88047111 0.80151451 0.2680676 0.53452247 0.79999965 0.00080468645 0.59999996 0.78581631 0.3283515 0.52409744 0.80151451 0.2680676 0.53452247 0.47409964 0.00047681457 0.88047111 0.80151451 0.2680676 0.53452247 0.87811834 0.33875215 0.33786869 0.79999965 0.00080468645 0.59999996 0.75664759 0.62034702 0.20652854 0.73953372 0.40434775 0.53813821 0.67843419 0.40798914 0.61095983 0.78387231 0.5891372 0.19611616 0.78581631 0.3283515 0.52409744 0.73953372 0.40434775 0.53813821 0.80151451 0.2680676 0.53452247 0.78581631 0.3283515 0.52409744 0.78387231 0.5891372 0.19611616 0.78387231 0.5891372 0.19611616 0.87811834 0.33875215 0.33786869 0.80151451 0.2680676 0.53452247 0.82361025 0.55027097 0.13736057 0.87811834 0.33875215 0.33786869 0.78387231 0.5891372 0.19611616 0.82361025 0.55027097 0.13736057 0.89680713 0.27692845 0.34503275 0.87811834 0.33875215 0.33786869 0.92280054 0.33061868 0.19781412 0.89680713 0.27692845 0.34503275 0.82361025 0.55027097 0.13736057 0.82361025 0.55027097 0.13736057 0.78387231 0.5891372 0.19611616 0.80124563 0.53532875 0.26726127 0.59999979 0.00060347316 0.79999995 0.39391914 0.00039615255 0.91914505 0.39313883 -0.065116845 0.91717046 0.59999979 0.00060347316 0.79999995 0.72511917 0.19854359 0.6593805 0.39391914 0.00039615255 0.91914505 0.73820382 0.067858152 0.67115599 0.72511917 0.19854359 0.6593805 0.59999979 0.00060347316 0.79999995 0.8740682 0.40448311 0.26906911 0.87811834 0.33875215 0.33786869 0.93319875 0.13427211 0.33333331 0.8740682 0.40448311 0.26906911 0.80124563 0.53532875 0.26726127 0.87811834 0.33875215 0.33786869 0.82361025 0.55027097 0.13736057 0.80124563 0.53532875 0.26726127 0.8740682 0.40448311 0.26906911 0.73953372 0.40434775 0.53813821 0.87811834 0.33875215 0.33786869 0.80124563 0.53532875 0.26726127 0.72511917 0.19854359 0.6593805 0.87811834 0.33875215 0.33786869 0.73953372 0.40434775 0.53813821 0.72511917 0.19854359 0.6593805 0.87236744 0.13510878 0.4698092 0.87811834 0.33875215 0.33786869 0.73820382 0.067858152 0.67115599 0.87236744 0.13510878 0.4698092 0.72511917 0.19854359 0.6593805 0.87236744 0.13510878 0.4698092 0.93319875 0.13427211 0.33333331 0.87811834 0.33875215 0.33786869 0.65055138 0.39122128 0.65094453 0.47409964 0.00047681457 0.88047111 0.19576401 -0.065036029 0.97849208 0.75664759 0.62034702 0.20652854 0.67843419 0.40798914 0.61095983 0.68470591 0.48032108 0.54815096 0.78387231 0.5891372 0.19611616 0.73953372 0.40434775 0.53813821 0.75664759 0.62034702 0.20652854 0.61054981 0.40792087 0.67884421 0.72465485 0.66010976 0.19781417 0.65055138 0.39122128 0.65094453 0.76577514 0.62783033 0.13934663 0.68470591 0.48032108 0.54815096 0.65055138 0.39122128 0.65094453 0.19576401 -0.065036029 0.97849208 0.61054981 0.40792087 0.67884421 0.61054981 0.40792087 0.67884421 0.61054981 0.40792087 0.67884421 0.65055138 0.39122128 0.65094453 0.19576401 -0.065036029 0.97849208 0.79999965 0.00080468645 0.59999996 0.47409964 0.00047681457 0.88047111 0.47409964 0.00047681457 0.88047111 0.79999965 0.00080468645 0.59999996 0.94174141 0.00094730279 0.33633634 0.96152347 0.00096720981 0.27472106 0.79999965 0.00080468645 0.59999996 0.94174141 0.00094730279 0.33633634 0.79999965 0.00080468645 0.59999996 0.47409964 0.00047681457 0.88047111 0.79999965 0.00080468645 0.59999996 0.79999965 0.00080468645 0.59999996 0.47409964 0.00047681457 0.88047111 0.27472103 0.0002762404 0.96152395 0.19611609 0.00019716566 0.98058069 0.47409964 0.00047681457 0.88047111 0.47409964 0.00047681457 0.88047111 0.27472103 0.0002762404 0.96152395 0.19576401 -0.065036029 0.97849208 0.47409964 0.00047681457 0.88047111 0.19611609 0.00019716566 0.98058069 0.61054981 0.40792087 0.67884421 0.27414432 -0.068243243 0.95926422 0.59701687 0.33246228 0.73009562 0.92280054 0.33061868 0.19781412 0.95244199 0.13704091 0.27216551 0.95919484 0.069483772 0.27407542 0.92280054 0.33061868 0.19781412 0.92690575 0.26583898 0.26490644 0.95244199 0.13704091 0.27216551 0.73266238 0.66740406 0.13333337 0.92690575 0.26583898 0.26490644 0.92280054 0.33061868 0.19781412 0.73953372 0.40434775 0.53813821 0.92690575 0.26583898 0.26490644 0.73266238 0.66740406 0.13333337 0.92280054 0.33061868 0.19781412 0.9890039 0.066932954 0.13187605 0.99551767 0.06737379 0.066372275 0.92280054 0.33061868 0.19781412 0.95919484 0.069483772 0.27407542 0.9890039 0.066932954 0.13187605 0.87420356 0.2699486 0.40360364 0.95919484 0.069483772 0.27407542 0.82998741 0.070006333 0.55337149 0.87420356 0.2699486 0.40360364 0.94153839 0.20274904 0.26906908 0.95919484 0.069483772 0.27407542 0.79251665 0.46337044 0.39649117 0.94153839 0.20274904 0.26906908 0.87420356 0.2699486 0.40360364 0.79251665 0.46337044 0.39649117 0.92280054 0.33061868 0.19781412 0.94153839 0.20274904 0.26906908 0.72949439 0.59808505 0.33186167 0.92280054 0.33061868 0.19781412 0.79251665 0.46337044 0.39649117 0.46440583 0.19958416 0.86284029 0.66653228 0.13400382 0.73333335 0.39391914 0.00039615255 0.91914505 0.46440583 0.19958416 0.86284029 0.72976148 0.33259585 0.59735096 0.66653228 0.13400382 0.73333335 0.61054981 0.40792087 0.67884421 0.72976148 0.33259585 0.59735096 0.46440583 0.19958416 0.86284029 0.74440044 0.61030602 0.27091423 0.92280054 0.33061868 0.19781412 0.72949439 0.59808505 0.33186167 0.73266238 0.66740406 0.13333337 0.92280054 0.33061868 0.19781412 0.74440044 0.61030602 0.27091423 0.79251665 0.46337044 0.39649117 0.68463701 0.54883987 0.47963214 0.72949439 0.59808505 0.33186167 0.79251665 0.46337044 0.39649117 0.72976148 0.33259585 0.59735096 0.68463701 0.54883987 0.47963214 0.87420356 0.2699486 0.40360364 0.72976148 0.33259585 0.59735096 0.79251665 0.46337044 0.39649117 0.39391914 0.00039615255 0.91914505 0.3355104 0.067453034 0.93961847 0.46440583 0.19958416 0.86284029 0.82998741 0.070006333 0.55337149 0.72976148 0.33259585 0.59735096 0.87420356 0.2699486 0.40360364 0.82998741 0.070006333 0.55337149 0.66653228 0.13400382 0.73333335 0.72976148 0.33259585 0.59735096 0.73993969 0.00074426061 0.67267275 0.66653228 0.13400382 0.73333335 0.82998741 0.070006333 0.55337149 0.59999979 0.00060347316 0.79999995 0.66653228 0.13400382 0.73333335 0.73993969 0.00074426061 0.67267275 0.9890039 0.066932954 0.13187605 0.92280054 0.33061868 0.19781412 0.99551767 0.06737379 0.066372275 0.9890039 0.066932954 0.13187605 0.94153839 0.20274904 0.26906908 0.92280054 0.33061868 0.19781412 0.99122745 0.00099710748 0.13216366 0.94153839 0.20274904 0.26906908 0.9890039 0.066932954 0.13187605 0.99122745 0.00099710748 0.13216366 0.95919484 0.069483772 0.27407542 0.94153839 0.20274904 0.26906908 0.99122745 0.00099710748 0.13216366 0.95919484 0.069483772 0.27407542 0.99122745 0.00099710748 0.13216366 0.59999979 0.00060347316 0.79999995 0.39391914 0.00039615255 0.91914505 0.66653228 0.13400382 0.73333335 0.72976148 0.33259585 0.59735096 0.61054981 0.40792087 0.67884421 0.68463701 0.54883987 0.47963214 0.73833883 -0.066372991 0.67115599 0.73993969 0.00074426061 0.67267275 0.87852615 -0.06669008 0.47301611 0.73833883 -0.066372991 0.67115599 0.59999979 0.00060347316 0.79999995 0.73993969 0.00074426061 0.67267275 0.55344093 -0.068614848 0.83005732 0.59999979 0.00060347316 0.79999995 0.73833883 -0.066372991 0.67115599 0.55344093 -0.068614848 0.83005732 0.39391914 0.00039615255 0.91914505 0.59999979 0.00060347316 0.79999995 0.39313883 -0.065116845 0.91717046 0.39391914 0.00039615255 0.91914505 0.55344093 -0.068614848 0.83005732 0.39313883 -0.065116845 0.91717046 0.27414432 -0.068243243 0.95926422 0.39391914 0.00039615255 0.91914505 0.27414432 -0.068243243 0.95926422 0.27414432 -0.068243243 0.95926422 0.39313883 -0.065116845 0.91717046 0.27414432 -0.068243243 0.95926422 0.3355104 0.067453034 0.93961847 0.39391914 0.00039615255 0.91914505 0.61054981 0.40792087 0.67884421 0.61054981 0.40792087 0.67884421 0.46440583 0.19958416 0.86284029 0.68463701 0.54883987 0.47963214 0.61054981 0.40792087 0.67884421 0.61054981 0.40792087 0.67884421 0.68463701 0.54883987 0.47963214 0.72949439 0.59808505 0.33186167 0.72949439 0.59808505 0.33186167 0.74440044 0.61030602 0.27091423 0.72465485 0.66010976 0.19781417 0.73266238 0.66740406 0.13333337 0.72949439 0.59808505 0.33186167 0.72949439 0.59808505 0.33186167 0.74440044 0.61030602 0.27091423 0.46440583 0.19958416 0.86284029 0.3355104 0.067453034 0.93961847 0.19611609 0.00019716566 0.98058069 0.97243553 -0.12866262 0.19446105 0.98281395 -0.13003579 0.13102429 0.97243553 -0.12866262 0.19446105 0.39313883 -0.065116845 0.91717046 0.19576401 -0.065036029 0.97849208 0.27414432 -0.068243243 0.95926422 0.39313883 -0.065116845 0.91717046 0.41516769 -0.13792543 0.89922875 0.19576401 -0.065036029 0.97849208 0.55344093 -0.068614848 0.83005732 0.41516769 -0.13792543 0.89922875 0.39313883 -0.065116845 0.91717046 0.55344093 -0.068614848 0.83005732 0.73346716 -0.13259566 0.66666663 0.41516769 -0.13792543 0.89922875 0.73833883 -0.066372991 0.67115599 0.73346716 -0.13259566 0.66666663 0.55344093 -0.068614848 0.83005732 0.41516769 -0.13792543 0.89922875 0.27414432 -0.068243243 0.95926422 0.19576401 -0.065036029 0.97849208 0.41516769 -0.13792543 0.89922875 0.27230236 -0.13580903 0.95257926 0.27414432 -0.068243243 0.95926422 0.87852615 -0.06669008 0.47301611 0.73346716 -0.13259566 0.66666663 0.73833883 -0.066372991 0.67115599 0.87852615 -0.06669008 0.47301611 0.97243553 -0.12866262 0.19446105 0.73346716 -0.13259566 0.66666663 0.97855723 -0.064248487 0.19569837 0.97243553 -0.12866262 0.19446105 0.87852615 -0.06669008 0.47301611 0.97855723 -0.064248487 0.19569837 0.98913658 -0.064943075 0.13187604 0.97243553 -0.12866262 0.19446105 0.98913658 -0.064943075 0.13187604 0.97243553 -0.12866262 0.19446105 0.97243553 -0.12866262 0.19446105 0.61054981 0.40792087 0.67884421 0.73266238 0.66740406 0.13333337 0.72465485 0.66010976 0.19781417 0.65055138 0.39122128 0.65094453 0.73266238 0.66740406 0.13333337 0.61054981 0.40792087 0.67884421 0.65055138 0.39122128 0.65094453 0.73953372 0.40434775 0.53813821 0.73266238 0.66740406 0.13333337 0.64930815 0.26048112 0.71452677 0.73953372 0.40434775 0.53813821 0.65055138 0.39122128 0.65094453 0.13115616 -0.1308926 0.98268265 0.27414432 -0.068243243 0.95926422 0.27230236 -0.13580903 0.95257926 0.13115616 -0.1308926 0.98268265 0.19576401 -0.065036029 0.97849208 0.27414432 -0.068243243 0.95926422 0.27472103 0.0002762404 0.96152395 0.19576401 -0.065036029 0.97849208 0.13115616 -0.1308926 0.98268265 0.19611609 0.00019716566 0.98058069 0.27414432 -0.068243243 0.95926422 0.19576401 -0.065036029 0.97849208 0.27414432 -0.068243243 0.95926422 0.27414432 -0.068243243 0.95926422 0.19611609 0.00019716566 0.98058069 0.19611609 0.00019716566 0.98058069 0.3355104 0.067453034 0.93961847 0.27414432 -0.068243243 0.95926422 0.82998741 0.070006333 0.55337149 0.95919484 0.069483772 0.27407542 0.94174141 0.00094730279 0.33633634 0.82998741 0.070006333 0.55337149 0.91723597 -0.064589567 0.39307302 0.73993969 0.00074426061 0.67267275 0.94174141 0.00094730279 0.33633634 0.91723597 -0.064589567 0.39307302 0.82998741 0.070006333 0.55337149 0.99122745 0.00099710748 0.13216366 0.99778467 0.0010037115 0.066518947 0.99122745 0.00099710748 0.13216366 0.99122745 0.00099710748 0.13216366 0.95919484 0.069483772 0.27407542 0.99122745 0.00099710748 0.13216366 0.99122745 0.00099710748 0.13216366 0.95919484 0.069483772 0.27407542 0.99122745 0.00099710748 0.13216366 0.99122745 0.00099710748 0.13216366 0.94174141 0.00094730279 0.33633634 0.95919484 0.069483772 0.27407542 0.97855723 -0.064248487 0.19569837 0.94174141 0.00094730279 0.33633634 0.99122745 0.00099710748 0.13216366 0.87852615 -0.06669008 0.47301611 0.73993969 0.00074426061 0.67267275 0.91723597 -0.064589567 0.39307302 0.94174141 0.00094730279 0.33633634 0.97855723 -0.064248487 0.19569837 0.91723597 -0.064589567 0.39307302 0.94174141 0.00094730279 0.33633634 0.97855723 -0.064248487 0.19569837 0.97855723 -0.064248487 0.19569837 0.97855723 -0.064248487 0.19569837 0.97855723 -0.064248487 0.19569837 0.94174141 0.00094730279 0.33633634 0.97855723 -0.064248487 0.19569837 0.87852615 -0.06669008 0.47301611 0.91723597 -0.064589567 0.39307302 0.97855723 -0.064248487 0.19569837 0.97855723 -0.064248487 0.19569837 0.97855723 -0.064248487 0.19569837 0.97855723 -0.064248487 0.19569837 0.98913658 -0.064943075 0.13187604 0.97855723 -0.064248487 0.19569837 0.39391914 0.00039615255 0.91914505 0.19611609 0.00019716566 0.98058069 0.27472103 0.0002762404 0.96152395 0.27414432 -0.068243243 0.95926422 0.19611609 0.00019716566 0.98058069 0.39391914 0.00039615255 0.91914505 0.59701687 0.33246228 0.73009562 0.27414432 -0.068243243 0.95926422 0.19611609 0.00019716566 0.98058069 0.83204991 0.0008369328 0.55470014 0.95244199 0.13704091 0.27216551 0.92690575 0.26583898 0.26490644 0.83204991 0.0008369328 0.55470014 0.95919484 0.069483772 0.27407542 0.95244199 0.13704091 0.27216551 0.94174141 0.00094730279 0.33633634 0.95919484 0.069483772 0.27407542 0.83204991 0.0008369328 0.55470014 0.94174141 0.00094730279 0.33633634 0.98058021 0.00098638923 0.19611607 0.95919484 0.069483772 0.27407542 0.96152347 0.00096720981 0.27472106 0.98058021 0.00098638923 0.19611607 0.94174141 0.00094730279 0.33633634 0.39391914 0.00039615255 0.91914505 0.64930815 0.26048112 0.71452677 0.59701687 0.33246228 0.73009562 0.39391914 0.00039615255 0.91914505 0.73953372 0.40434775 0.53813821 0.64930815 0.26048112 0.71452677 0.83204991 0.0008369328 0.55470014 0.73953372 0.40434775 0.53813821 0.39391914 0.00039615255 0.91914505 0.83204991 0.0008369328 0.55470014 0.92690575 0.26583898 0.26490644 0.73953372 0.40434775 0.53813821 0.98058021 0.00098638923 0.19611607 0.9890039 0.066932954 0.13187605 0.95919484 0.069483772 0.27407542 0.19576401 -0.065036029 0.97849208 0.27414432 -0.068243243 0.95926422 0.61054981 0.40792087 0.67884421 0.19611609 0.00019716566 0.98058069 0.19611609 0.00019716566 0.98058069 0.27414432 -0.068243243 0.95926422 0.27472103 0.0002762404 0.96152395 0.19611609 0.00019716566 0.98058069 0.19611609 0.00019716566 0.98058069 -0.99785155 0.065515257 6.7254724e-08 -0.99778461 -0.0010037273 0.066519067 -0.99999952 -0.0010059475 5.9454738e-08 0.3355104 0.067453034 0.93961847 0.27472103 0.0002762404 0.96152395 0.27472103 0.0002762404 0.96152395 0.3355104 0.067453034 0.93961847 0.41488937 0.13876021 0.89922881 0.27472103 0.0002762404 0.96152395 0.54287028 0.20419937 0.8146131 0.41488937 0.13876021 0.89922881 0.3355104 0.067453034 0.93961847 0.54287028 0.20419937 0.8146131 0.61054981 0.40792087 0.67884421 0.41488937 0.13876021 0.89922881 0.66633105 0.33400372 0.66666669 0.61054981 0.40792087 0.67884421 0.54287028 0.20419937 0.8146131 0.72949439 0.59808505 0.33186167 0.76577514 0.62783033 0.13934663 0.72465485 0.66010976 0.19781417 0.72949439 0.59808505 0.33186167 0.75664759 0.62034702 0.20652854 0.76577514 0.62783033 0.13934663 0.80124563 0.53532875 0.26726127 0.75664759 0.62034702 0.20652854 0.72949439 0.59808505 0.33186167 0.80124563 0.53532875 0.26726127 0.78387231 0.5891372 0.19611616 0.75664759 0.62034702 0.20652854 0.41488937 0.13876021 0.89922881 0.19611609 0.00019716566 0.98058069 0.27472103 0.0002762404 0.96152395 0.41488937 0.13876021 0.89922881 0.46440583 0.19958416 0.86284029 0.19611609 0.00019716566 0.98058069 0.61054981 0.40792087 0.67884421 0.46440583 0.19958416 0.86284029 0.41488937 0.13876021 0.89922881 0.61054981 0.40792087 0.67884421 0.72949439 0.59808505 0.33186167 0.68463701 0.54883987 0.47963214 0.61054981 0.40792087 0.67884421 0.73953372 0.40434775 0.53813821 0.72949439 0.59808505 0.33186167 0.66633105 0.33400372 0.66666669 0.73953372 0.40434775 0.53813821 0.61054981 0.40792087 0.67884421 0.74440044 0.61030602 0.27091423 0.72949439 0.59808505 0.33186167 0.72465485 0.66010976 0.19781417 0.73953372 0.40434775 0.53813821 0.80124563 0.53532875 0.26726127 0.72949439 0.59808505 0.33186167 0.39313883 -0.065116845 0.91717046 0.27414432 -0.068243243 0.95926422 0.27414432 -0.068243243 0.95926422 0.39313883 -0.065116845 0.91717046 0.39391914 0.00039615255 0.91914505 0.27414432 -0.068243243 0.95926422 0.39391914 0.00039615255 0.91914505 0.3355104 0.067453034 0.93961847 0.27472103 0.0002762404 0.96152395 0.39391914 0.00039615255 0.91914505 0.54287028 0.20419937 0.8146131 0.3355104 0.067453034 0.93961847 0.72511917 0.19854359 0.6593805 0.54287028 0.20419937 0.8146131 0.39391914 0.00039615255 0.91914505 0.72511917 0.19854359 0.6593805 0.66633105 0.33400372 0.66666669 0.54287028 0.20419937 0.8146131 0.73953372 0.40434775 0.53813821 0.66633105 0.33400372 0.66666669 0.72511917 0.19854359 0.6593805 0.27414432 -0.068243243 0.95926422 0.39391914 0.00039615255 0.91914505 0.27472103 0.0002762404 0.96152395 0.27414432 -0.068243243 0.95926422 0.27414432 -0.068243243 0.95926422 0.39391914 0.00039615255 0.91914505 0.61054981 0.40792087 0.67884421 0.72465485 0.66010976 0.19781417 0.61054981 0.40792087 0.67884421 0.76577514 0.62783033 0.13934663 0.65055138 0.39122128 0.65094453 0.72465485 0.66010976 0.19781417 0.75664759 0.62034702 0.20652854 0.68470591 0.48032108 0.54815096 0.76577514 0.62783033 0.13934663 0.27414432 -0.068243243 0.95926422 0.27472103 0.0002762404 0.96152395 0.13115616 -0.1308926 0.98268265 0.27414432 -0.068243243 0.95926422 0.27472103 0.0002762404 0.96152395 0.27414432 -0.068243243 0.95926422 0.27472103 0.0002762404 0.96152395 0.27472103 0.0002762404 0.96152395 0.13115616 -0.1308926 0.98268265 0.19611609 0.00019716566 0.98058069 0.19576401 -0.065036029 0.97849208 0.27472103 0.0002762404 0.96152395 0.47409964 0.00047681457 0.88047111 0.19611609 0.00019716566 0.98058069 0.27472103 0.0002762404 0.96152395 0.19611609 0.00019716566 0.98058069 0.27414432 -0.068243243 0.95926422 0.19576401 -0.065036029 0.97849208 0.27472103 0.0002762404 0.96152395 0.27472103 0.0002762404 0.96152395 0.19611609 0.00019716566 0.98058069 0.19611609 0.00019716566 0.98058069 0.27472103 0.0002762404 0.96152395 0.27472103 0.0002762404 0.96152395 -0.41853017 0.48729223 0.76640636 -0.55281574 0.75851637 0.3450329 -0.26779875 0.53425324 0.8017838 -0.41853017 0.48729223 0.76640636 -0.69736344 0.62635845 0.34836662 -0.55281574 0.75851637 0.3450329 -0.53854388 0.40306205 0.73994011 -0.69736344 0.62635845 0.34836662 -0.41853017 0.48729223 0.76640636 -0.53854388 0.40306205 0.73994011 -0.83054405 0.48336485 0.27668589 -0.69736344 0.62635845 0.34836662 -0.60982907 0.27030078 0.74501407 -0.83054405 0.48336485 0.27668589 -0.53854388 0.40306205 0.73994011 -0.60982907 0.27030078 0.74501407 -0.87879801 0.33698478 0.33786878 -0.83054405 0.48336485 0.27668589 -0.69736344 0.62635845 0.34836662 -0.7578941 0.61882347 0.20652863 -0.7578941 0.61882347 0.20652863 -0.69736344 0.62635845 0.34836662 -0.78505599 0.58755893 0.19611625 -0.7578941 0.61882347 0.20652863 -0.83054405 0.48336485 0.27668589 -0.78505599 0.58755893 0.19611625 -0.69736344 0.62635845 0.34836662 -0.83054405 0.48336485 0.27668589 -0.81515896 0.54225564 0.2036534 -0.78505599 0.58755893 0.19611625 -0.87893403 0.47213224 0.067573853 -0.81515896 0.54225564 0.2036534 -0.83054405 0.48336485 0.27668589 -0.87893403 0.47213224 0.067573853 -0.83054405 0.48336485 0.27668589 -0.91756546 0.39215025 0.065512285 0.00019734094 -0.19611615 0.98058069 -0.1319423 0.065805234 0.98907071 0.065429695 -0.19563282 0.97849208 0.065429695 -0.19563282 0.97849208 -0.1319423 0.065805234 0.98907071 0.00019734094 -0.19611615 0.98058069 0.065429695 -0.19563282 0.97849208 -0.19576389 0.065035798 0.97849208 -0.1319423 0.065805234 0.98907071 0.065429695 -0.19563282 0.97849208 -0.19576389 0.065035798 0.97849208 0.065429695 -0.19563282 0.97849208 0.065429695 -0.19563282 0.97849208 0.066070735 -0.13180982 0.98907071 -0.19576389 0.065035798 0.97849208 0.12983635 -0.19433072 0.97230554 0.066070735 -0.13180982 0.98907071 0.065429695 -0.19563282 0.97849208 -0.60982907 0.27030078 0.74501407 -0.19611597 -0.00019739939 0.98058069 -0.66680044 0.13266255 0.73333341 -0.19576389 0.065035798 0.97849208 -0.19611597 -0.00019739939 0.98058069 -0.60982907 0.27030078 0.74501407 -0.19576389 0.065035798 0.97849208 0.066070735 -0.13180982 0.98907071 -0.19611597 -0.00019739939 0.98058069 -0.53854388 0.40306205 0.73994011 -0.19576389 0.065035798 0.97849208 -0.60982907 0.27030078 0.74501407 -0.53854388 0.40306205 0.73994011 -0.1319423 0.065805234 0.98907071 -0.19576389 0.065035798 0.97849208 -0.41853017 0.48729223 0.76640636 -0.1319423 0.065805234 0.98907071 -0.53854388 0.40306205 0.73994011 -0.41853017 0.48729223 0.76640636 -0.13115604 0.13089238 0.98268265 -0.1319423 0.065805234 0.98907071 -0.26779875 0.53425324 0.8017838 -0.13115604 0.13089238 0.98268265 -0.41853017 0.48729223 0.76640636 -0.26779875 0.53425324 0.8017838 -0.066070616 0.13180958 0.98907071 -0.13115604 0.13089238 0.98268265 0.00019734094 -0.19611615 0.98058069 -0.13115604 0.13089238 0.98268265 0.00013300881 -0.13216376 0.99122792 0.065429695 -0.19563282 0.97849208 -0.13115604 0.13089238 0.98268265 0.00019734094 -0.19611615 0.98058069 0.065429695 -0.19563282 0.97849208 -0.1319423 0.065805234 0.98907071 -0.13115604 0.13089238 0.98268265 0.065429695 -0.19563282 0.97849208 -0.1319423 0.065805234 0.98907071 0.065429695 -0.19563282 0.97849208 0.00013300881 -0.13216376 0.99122792 -0.13115604 0.13089238 0.98268265 -0.066070616 0.13180958 0.98907071 0.066070735 -0.13180982 0.98907071 0.065429695 -0.19563282 0.97849208 -0.19611597 -0.00019739939 0.98058069 0.12983635 -0.19433072 0.97230554 0.065429695 -0.19563282 0.97849208 0.26517287 -0.26463997 0.9271726 0.26517287 -0.26463997 0.9271726 0.066070735 -0.13180982 0.98907071 0.12983635 -0.19433072 0.97230554 0.065429695 -0.19563282 0.97849208 0.19814575 -0.3294912 0.9231326 0.065429695 -0.19563282 0.97849208 0.19814575 -0.3294912 0.9231326 0.26517287 -0.26463997 0.9271726 0.065429695 -0.19563282 0.97849208 0.47444028 -0.33816573 0.81274247 0.26927203 -0.20153117 0.94174182 0.20528203 -0.20486949 0.95702022 0.47444028 -0.33816573 0.81274247 0.48447827 -0.27619866 0.83005732 0.26927203 -0.20153117 0.94174182 0.74528623 -0.2701647 0.60955685 0.48447827 -0.27619866 0.83005732 0.47444028 -0.33816573 0.81274247 0.74528623 -0.2701647 0.60955685 0.54328001 -0.20310697 0.81461304 0.48447827 -0.27619866 0.83005732 0.76654613 -0.13857564 0.62705964 0.54328001 -0.20310697 0.81461304 0.74528623 -0.2701647 0.60955685 0.87474489 -0.26818934 0.40360358 0.94201207 -0.26812166 0.20180175 0.95953941 -0.27311039 0.06851878 0.87474489 -0.26818934 0.40360358 0.85752583 -0.32882783 0.39562818 0.94201207 -0.26812166 0.20180175 0.74528623 -0.2701647 0.60955685 0.85752583 -0.32882783 0.39562818 0.87474489 -0.26818934 0.40360358 0.74528623 -0.2701647 0.60955685 0.67925364 -0.40662354 0.61095977 0.85752583 -0.32882783 0.39562818 0.47444028 -0.33816573 0.81274247 0.67925364 -0.40662354 0.61095977 0.74528623 -0.2701647 0.60955685 0.47444028 -0.33816573 0.81274247 0.538544 -0.40306222 0.73993999 0.67925364 -0.40662354 0.61095977 0.93346703 -0.13239443 0.33333328 0.94194442 -0.20085442 0.26906902 0.98920286 -0.13088109 0.065937974 0.87474489 -0.26818934 0.40360358 0.94194442 -0.20085442 0.26906902 0.93346703 -0.13239443 0.33333328 0.87474489 -0.26818934 0.40360358 0.94194442 -0.20085442 0.26906902 0.94194442 -0.20085442 0.26906902 0.95953941 -0.27311039 0.06851878 0.94194442 -0.20085442 0.26906902 0.87474489 -0.26818934 0.40360358 0.48447827 -0.27619866 0.83005732 0.20528203 -0.20486949 0.95702022 0.12983635 -0.19433072 0.97230554 0.48447827 -0.27619866 0.83005732 0.26927203 -0.20153117 0.94174182 0.20528203 -0.20486949 0.95702022 0.54328001 -0.20310697 0.81461304 0.26927203 -0.20153117 0.94174182 0.48447827 -0.27619866 0.83005732 0.54328001 -0.20310697 0.81461304 0.27230236 -0.13580903 0.95257926 0.26927203 -0.20153117 0.94174182 0.20207246 -0.26886609 0.94174182 0.47444028 -0.33816573 0.81274247 0.20528203 -0.20486949 0.95702022 0.26517287 -0.26463997 0.9271726 0.47444028 -0.33816573 0.81274247 0.20207246 -0.26886609 0.94174182 0.26517287 -0.26463997 0.9271726 0.39595976 -0.32929221 0.85719454 0.47444028 -0.33816573 0.81274247 0.48447827 -0.27619866 0.83005732 0.20528203 -0.20486949 0.95702022 0.26927203 -0.20153117 0.94174182 0.12983635 -0.19433072 0.97230554 0.20528203 -0.20486949 0.95702022 0.48447827 -0.27619866 0.83005732 0.85752583 -0.32882783 0.39562818 0.92346388 -0.32876149 0.19781405 0.94201207 -0.26812166 0.20180175 0.85752583 -0.32882783 0.39562818 0.9336682 -0.3323943 0.13333325 0.92346388 -0.32876149 0.19781405 0.91756546 -0.39215025 0.065512076 0.9336682 -0.3323943 0.13333325 0.85752583 -0.32882783 0.39562818 0.93346703 -0.13239443 0.33333328 0.74528623 -0.2701647 0.60955685 0.87474489 -0.26818934 0.40360358 0.76654613 -0.13857564 0.62705964 0.74528623 -0.2701647 0.60955685 0.93346703 -0.13239443 0.33333328 -0.27202845 -0.13635659 0.95257932 0.066070735 -0.13180982 0.98907071 0.066070735 -0.13180982 0.98907071 0.065429695 -0.19563282 0.97849208 0.066070735 -0.13180982 0.98907071 -0.27202845 -0.13635659 0.95257932 -0.99122739 -0.00099713891 0.13216378 -0.94174141 -0.00094738294 0.33633646 -0.99778461 -0.0010037273 0.066519067 -0.67108816 -0.067790806 0.73827171 -0.27202845 -0.13635659 0.95257932 -0.70558542 -0.064859927 0.70565039 -0.94174141 -0.00094738294 0.33633646 -0.67108816 -0.067790806 0.73827171 -0.70558542 -0.064859927 0.70565039 -0.66680044 0.13266255 0.73333341 -0.87879801 0.33698478 0.33786878 -0.60982907 0.27030078 0.74501407 -0.66680044 0.13266255 0.73333341 -0.93346697 0.13239434 0.3333334 -0.87879801 0.33698478 0.33786878 -0.67267245 -0.00067676167 0.73994011 -0.93346697 0.13239434 0.3333334 -0.66680044 0.13266255 0.73333341 -0.67267245 -0.00067676167 0.73994011 -0.94174141 -0.00094738294 0.33633646 -0.93346697 0.13239434 0.3333334 -0.67108816 -0.067790806 0.73827171 -0.94174141 -0.00094738294 0.33633646 -0.67267245 -0.00067676167 0.73994011 -0.87879801 0.33698478 0.33786878 -0.9336682 0.33239427 0.13333343 -0.88907379 0.40925738 0.20507589 -0.87879801 0.33698478 0.33786878 -0.97250074 0.19348292 0.12964082 -0.9336682 0.33239427 0.13333343 -0.93346697 0.13239434 0.3333334 -0.97250074 0.19348292 0.12964082 -0.87879801 0.33698478 0.33786878 -0.93346697 0.13239434 0.3333334 -0.98281395 0.13003576 0.13102444 -0.97250074 0.19348292 0.12964082 -0.98920286 0.13088107 0.065938123 -0.98281395 0.13003576 0.13102444 -0.93346697 0.13239434 0.3333334 -0.91756546 0.39215025 0.065512285 -0.87879801 0.33698478 0.33786878 -0.88907379 0.40925738 0.20507589 -0.91756546 0.39215025 0.065512285 -0.83054405 0.48336485 0.27668589 -0.87879801 0.33698478 0.33786878 -0.94174141 -0.00094738294 0.33633646 -0.98920286 0.13088107 0.065938123 -0.93346697 0.13239434 0.3333334 -0.99565125 0.065370783 0.066372395 -0.98920286 0.13088107 0.065938123 -0.94174141 -0.00094738294 0.33633646 -0.94174141 -0.00094738294 0.33633646 -0.99122739 -0.00099713891 0.13216378 -0.99565125 0.065370783 0.066372395 -0.19433056 -0.12983641 0.9723056 0.065429695 -0.19563282 0.97849208 0.065429695 -0.19563282 0.97849208 -0.19433056 -0.12983641 0.9723056 0.066070735 -0.13180982 0.98907071 0.065429695 -0.19563282 0.97849208 -0.27400637 -0.068794653 0.95926422 0.066070735 -0.13180982 0.98907071 -0.19433056 -0.12983641 0.9723056 -0.27400637 -0.068794653 0.95926422 0.065429695 -0.19563282 0.97849208 0.066070735 -0.13180982 0.98907071 0.066070735 -0.13180982 0.98907071 0.065429695 -0.19563282 0.97849208 -0.27400637 -0.068794653 0.95926422 -0.66680044 0.13266255 0.73333341 -0.27400637 -0.068794653 0.95926422 -0.67267245 -0.00067676167 0.73994011 -0.19611597 -0.00019739939 0.98058069 -0.27400637 -0.068794653 0.95926422 -0.66680044 0.13266255 0.73333341 -0.19611597 -0.00019739939 0.98058069 0.066070735 -0.13180982 0.98907071 -0.27400637 -0.068794653 0.95926422 0.065429695 -0.19563282 0.97849208 0.066070735 -0.13180982 0.98907071 -0.19611597 -0.00019739939 0.98058069 -0.27202845 -0.13635659 0.95257932 0.065429695 -0.19563282 0.97849208 0.065429695 -0.19563282 0.97849208 -0.27202845 -0.13635659 0.95257932 -0.19433056 -0.12983641 0.9723056 0.065429695 -0.19563282 0.97849208 -0.67267245 -0.00067676167 0.73994011 -0.19433056 -0.12983641 0.9723056 -0.27202845 -0.13635659 0.95257932 -0.27400637 -0.068794653 0.95926422 -0.19433056 -0.12983641 0.9723056 -0.67267245 -0.00067676167 0.73994011 -0.27202845 -0.13635659 0.95257932 -0.67108816 -0.067790806 0.73827171 -0.67267245 -0.00067676167 0.73994011 -0.99785155 0.065515257 6.7254724e-08 -0.99122739 -0.00099713891 0.13216378 -0.99778461 -0.0010037273 0.066519067 -0.99785155 0.065515257 6.7254724e-08 -0.99565125 0.065370783 0.066372395 -0.99122739 -0.00099713891 0.13216378 -0.99785155 0.065515257 6.7254724e-08 -0.98920286 0.13088107 0.065938123 -0.99565125 0.065370783 0.066372395 -0.97868842 0.19471401 0.065232888 -0.98281395 0.13003576 0.13102444 -0.98920286 0.13088107 0.065938123 -0.97250074 0.19348292 0.12964082 -0.98281395 0.13003576 0.13102444 -0.97868842 0.19471401 0.065232888 -0.97250074 0.19348292 0.12964082 -0.97868842 0.19471401 0.065232888 -0.9336682 0.33239427 0.13333343 0.95953941 -0.27311039 0.06851878 0.95953941 -0.27311039 0.06851878 0.94201207 -0.26812166 0.20180175 0.95285261 -0.27120718 0.13608268 0.94194442 -0.20085442 0.26906902 0.95953941 -0.27311039 0.06851878 0.97868848 -0.19471402 0.065232724 0.94194442 -0.20085442 0.26906902 0.94194442 -0.20085442 0.26906902 0.98281395 -0.13003579 0.13102429 0.94194442 -0.20085442 0.26906902 0.97868848 -0.19471402 0.065232724 0.98281395 -0.13003579 0.13102429 0.98920286 -0.13088109 0.065937974 0.94194442 -0.20085442 0.26906902 0.19459149 -0.12944518 0.9723056 0.066070735 -0.13180982 0.98907071 0.066070735 -0.13180982 0.98907071 0.20207246 -0.26886609 0.94174182 0.066070735 -0.13180982 0.98907071 0.26517287 -0.26463997 0.9271726 0.20207246 -0.26886609 0.94174182 0.065429695 -0.19563282 0.97849208 0.066070735 -0.13180982 0.98907071 0.20528203 -0.20486949 0.95702022 0.065429695 -0.19563282 0.97849208 0.20207246 -0.26886609 0.94174182 0.20528203 -0.20486949 0.95702022 0.066070735 -0.13180982 0.98907071 0.065429695 -0.19563282 0.97849208 0.065429695 -0.19563282 0.97849208 0.066070735 -0.13180982 0.98907071 0.20528203 -0.20486949 0.95702022 0.26927203 -0.20153117 0.94174182 0.065429695 -0.19563282 0.97849208 0.20528203 -0.20486949 0.95702022 0.26927203 -0.20153117 0.94174182 0.066070735 -0.13180982 0.98907071 0.065429695 -0.19563282 0.97849208 0.065429695 -0.19563282 0.97849208 0.066070735 -0.13180982 0.98907071 0.26927203 -0.20153117 0.94174182 0.20528203 -0.20486949 0.95702022 0.065429695 -0.19563282 0.97849208 0.26927203 -0.20153117 0.94174182 0.20528203 -0.20486949 0.95702022 0.065429695 -0.19563282 0.97849208 0.065429695 -0.19563282 0.97849208 0.12983635 -0.19433072 0.97230554 0.065429695 -0.19563282 0.97849208 0.20528203 -0.20486949 0.95702022 0.12983635 -0.19433072 0.97230554 0.065429695 -0.19563282 0.97849208 0.065429695 -0.19563282 0.97849208 0.19459149 -0.12944518 0.9723056 0.065429695 -0.19563282 0.97849208 0.12983635 -0.19433072 0.97230554 0.19459149 -0.12944518 0.9723056 0.066070735 -0.13180982 0.98907071 0.065429695 -0.19563282 0.97849208 0.26927203 -0.20153117 0.94174182 0.12983635 -0.19433072 0.97230554 0.20528203 -0.20486949 0.95702022 0.26927203 -0.20153117 0.94174182 0.19459149 -0.12944518 0.9723056 0.12983635 -0.19433072 0.97230554 0.27230236 -0.13580903 0.95257926 0.19459149 -0.12944518 0.9723056 0.26927203 -0.20153117 0.94174182 0.76654613 -0.13857564 0.62705964 0.62719959 -0.13871583 0.76640624 0.54328001 -0.20310697 0.81461304 0.79829466 -0.065716073 0.59867102 0.62719959 -0.13871583 0.76640624 0.76654613 -0.13857564 0.62705964 0.93346703 -0.13239443 0.33333328 0.98920286 -0.13088109 0.065937974 0.97243553 -0.12866262 0.19446105 0.13115616 -0.1308926 0.98268265 0.27230236 -0.13580903 0.95257926 0.54328001 -0.20310697 0.81461304 0.19459149 -0.12944518 0.9723056 0.46994409 -0.13375865 0.8725028 0.27414432 -0.068243243 0.95926422 0.33346736 -0.13299806 0.93333328 0.46994409 -0.13375865 0.8725028 0.19459149 -0.12944518 0.9723056 0.33346736 -0.13299806 0.93333328 0.54328001 -0.20310697 0.81461304 0.46994409 -0.13375865 0.8725028 0.13115616 -0.1308926 0.98268265 0.54328001 -0.20310697 0.81461304 0.33346736 -0.13299806 0.93333328 0.93968552 -0.066170402 0.33557796 0.97243553 -0.12866262 0.19446105 0.98913658 -0.064943075 0.13187604 0.93968552 -0.066170402 0.33557796 0.93346703 -0.13239443 0.33333328 0.97243553 -0.12866262 0.19446105 0.87852615 -0.06669008 0.47301611 0.93346703 -0.13239443 0.33333328 0.93968552 -0.066170402 0.33557796 0.87852615 -0.06669008 0.47301611 0.76654613 -0.13857564 0.62705964 0.93346703 -0.13239443 0.33333328 0.79829466 -0.065716073 0.59867102 0.76654613 -0.13857564 0.62705964 0.87852615 -0.06669008 0.47301611 0.62719959 -0.13871583 0.76640624 0.46994409 -0.13375865 0.8725028 0.54328001 -0.20310697 0.81461304 0.47308397 -0.067097984 0.87845856 0.27472103 0.0002762404 0.96152395 0.27414432 -0.068243243 0.95926422 0.47308397 -0.067097984 0.87845856 0.47409964 0.00047681457 0.88047111 0.27472103 0.0002762404 0.96152395 0.79999965 0.00080468645 0.59999996 0.47409964 0.00047681457 0.88047111 0.47308397 -0.067097984 0.87845856 0.96152347 0.00096720981 0.27472106 0.98058021 0.00098638923 0.19611607 0.96152347 0.00096720981 0.27472106 0.96152347 0.00096720981 0.27472106 0.94174141 0.00094730279 0.33633634 0.98058021 0.00098638923 0.19611607 0.79999965 0.00080468645 0.59999996 0.94174141 0.00094730279 0.33633634 0.96152347 0.00096720981 0.27472106 0.79999965 0.00080468645 0.59999996 0.79829466 -0.065716073 0.59867102 0.94174141 0.00094730279 0.33633634 0.47308397 -0.067097984 0.87845856 0.79829466 -0.065716073 0.59867102 0.79999965 0.00080468645 0.59999996 0.47308397 -0.067097984 0.87845856 0.62719959 -0.13871583 0.76640624 0.79829466 -0.065716073 0.59867102 0.46994409 -0.13375865 0.8725028 0.62719959 -0.13871583 0.76640624 0.47308397 -0.067097984 0.87845856 0.94174141 0.00094730279 0.33633634 0.99122745 0.00099710748 0.13216366 0.98058021 0.00098638923 0.19611607 0.94174141 0.00094730279 0.33633634 0.98913658 -0.064943075 0.13187604 0.99122745 0.00099710748 0.13216366 0.93968552 -0.066170402 0.33557796 0.98913658 -0.064943075 0.13187604 0.94174141 0.00094730279 0.33633634 0.47308397 -0.067097984 0.87845856 0.27414432 -0.068243243 0.95926422 0.46994409 -0.13375865 0.8725028 0.47308397 -0.067097984 0.87845856 0.27414432 -0.068243243 0.95926422 0.27414432 -0.068243243 0.95926422 0.27414432 -0.068243243 0.95926422 0.27414432 -0.068243243 0.95926422 0.47308397 -0.067097984 0.87845856 0.47409964 0.00047681457 0.88047111 0.19611609 0.00019716566 0.98058069 0.27472103 0.0002762404 0.96152395 0.79829466 -0.065716073 0.59867102 0.79829466 -0.065716073 0.59867102 0.62719959 -0.13871583 0.76640624 0.87852615 -0.06669008 0.47301611 0.79829466 -0.065716073 0.59867102 0.79829466 -0.065716073 0.59867102 0.87852615 -0.06669008 0.47301611 0.94174141 0.00094730279 0.33633634 0.79829466 -0.065716073 0.59867102 0.93968552 -0.066170402 0.33557796 0.94174141 0.00094730279 0.33633634 0.87852615 -0.06669008 0.47301611 0.96152347 0.00096720981 0.27472106 0.99778467 0.0010037115 0.066518947 0.96152347 0.00096720981 0.27472106 -0.94174141 -0.00094738294 0.33633646 -0.67267245 -0.00067676167 0.73994011 -0.67267245 -0.00067676167 0.73994011 -0.94174141 -0.00094738294 0.33633646 -0.67267245 -0.00067676167 0.73994011 -0.94174141 -0.00094738294 0.33633646 -0.94174141 -0.00094738294 0.33633646 -0.67108816 -0.067790806 0.73827171 -0.67267245 -0.00067676167 0.73994011 -0.94174141 -0.00094738294 0.33633646 -0.67108816 -0.067790806 0.73827171 -0.94174141 -0.00094738294 0.33633646 -0.94174141 -0.00094738294 0.33633646 -0.70558542 -0.064859927 0.70565039 -0.67108816 -0.067790806 0.73827171 -0.93955046 -0.068060815 0.33557808 -0.70558542 -0.064859927 0.70565039 -0.94174141 -0.00094738294 0.33633646 -0.93955046 -0.068060815 0.33557808 -0.94174141 -0.00094738294 0.33633646 -0.70558542 -0.064859927 0.70565039 -0.19563265 -0.065429755 0.97849208 -0.065805294 -0.13194248 0.98907071 0.066439122 -0.066305645 0.99558496 -0.19563265 -0.065429755 0.97849208 0.066070735 -0.13180982 0.98907071 -0.065805294 -0.13194248 0.98907071 -0.19433056 -0.12983641 0.9723056 0.066070735 -0.13180982 0.98907071 -0.19563265 -0.065429755 0.97849208 -0.19433056 -0.12983641 0.9723056 0.066070735 -0.13180982 0.98907071 0.066070735 -0.13180982 0.98907071 -0.27202845 -0.13635659 0.95257932 0.066070735 -0.13180982 0.98907071 -0.19433056 -0.12983641 0.9723056 -0.99122739 -0.00099713891 0.13216378 -0.94174141 -0.00094738294 0.33633646 -0.99122739 -0.00099713891 0.13216378 -0.99122739 -0.00099713891 0.13216378 -0.94174141 -0.00094738294 0.33633646 -0.99122739 -0.00099713891 0.13216378 -0.99122739 -0.00099713891 0.13216378 -0.93955046 -0.068060815 0.33557808 -0.94174141 -0.00094738294 0.33633646 -0.99778461 -0.0010037273 0.066519067 -0.93955046 -0.068060815 0.33557808 -0.99122739 -0.00099713891 0.13216378 -0.99778461 -0.0010037273 0.066519067 -0.94174141 -0.00094738294 0.33633646 -0.93955046 -0.068060815 0.33557808 -0.94174141 -0.00094738294 0.33633646 -0.99122739 -0.00099713891 0.13216378 -0.94174141 -0.00094738294 0.33633646 -0.94174141 -0.00094738294 0.33633646 -0.99122739 -0.00099713891 0.13216378 -0.99122739 -0.00099713891 0.13216378 -0.94174141 -0.00094738294 0.33633646 -0.99122739 -0.00099713891 0.13216378 -0.94174141 -0.00094738294 0.33633646 -0.67267245 -0.00067676167 0.73994011 -0.19563265 -0.065429755 0.97849208 -0.19611597 -0.00019739939 0.98058069 -0.67267245 -0.00067676167 0.73994011 -0.19563265 -0.065429755 0.97849208 -0.67267245 -0.00067676167 0.73994011 -0.67267245 -0.00067676167 0.73994011 -0.19563265 -0.065429755 0.97849208 -0.19563265 -0.065429755 0.97849208 -0.67108816 -0.067790806 0.73827171 -0.19563265 -0.065429755 0.97849208 -0.67267245 -0.00067676167 0.73994011 -0.67108816 -0.067790806 0.73827171 -0.19433056 -0.12983641 0.9723056 -0.19563265 -0.065429755 0.97849208 -0.70558542 -0.064859927 0.70565039 -0.19433056 -0.12983641 0.9723056 -0.67108816 -0.067790806 0.73827171 -0.70558542 -0.064859927 0.70565039 -0.27202845 -0.13635659 0.95257932 -0.19433056 -0.12983641 0.9723056 -0.19563265 -0.065429755 0.97849208 0.13194242 -0.065805472 0.98907071 0.066439122 -0.066305645 0.99558496 -0.19563265 -0.065429755 0.97849208 0.13194242 -0.065805472 0.98907071 0.13194242 -0.065805472 0.98907071 -0.19563265 -0.065429755 0.97849208 0.13194242 -0.065805472 0.98907071 -0.19563265 -0.065429755 0.97849208 0.066439122 -0.066305645 0.99558496 0.13194242 -0.065805472 0.98907071 -0.19563265 -0.065429755 0.97849208 0.066519029 6.6795714e-05 0.99778515 -0.19563265 -0.065429755 0.97849208 0.066439122 -0.066305645 0.99558496 0.066519029 6.6795714e-05 0.99778515 -0.19611597 -0.00019739939 0.98058069 -0.19563265 -0.065429755 0.97849208 0.19611609 0.00019716566 0.98058069 -0.19611597 -0.00019739939 0.98058069 0.066519029 6.6795714e-05 0.99778515 -0.99122739 -0.00099713891 0.13216378 -0.99122739 -0.00099713891 0.13216378 -0.99122739 -0.00099713891 0.13216378 -0.99778461 -0.0010037273 0.066519067 -0.99122739 -0.00099713891 0.13216378 -0.99999952 -0.0010059475 5.9454738e-08 0.97243553 -0.12866262 0.19446105 0.98920286 -0.13088109 0.065937974 0.98281395 -0.13003579 0.13102429 0.97243553 -0.12866262 0.19446105 0.97243553 -0.12866262 0.19446105 0.98920286 -0.13088109 0.065937974 0.98913658 -0.064943075 0.13187604 0.97243553 -0.12866262 0.19446105 0.97243553 -0.12866262 0.19446105 0.98913658 -0.064943075 0.13187604 0.98913658 -0.064943075 0.13187604 0.97243553 -0.12866262 0.19446105 0.97855723 -0.064248487 0.19569837 0.98913658 -0.064943075 0.13187604 0.98913658 -0.064943075 0.13187604 0.98058021 0.00098638923 0.19611607 0.96152347 0.00096720981 0.27472106 0.99778467 0.0010037115 0.066518947 0.99778467 0.0010037115 0.066518947 0.9890039 0.066932954 0.13187605 0.98058021 0.00098638923 0.19611607 0.99778467 0.0010037115 0.066518947 0.99551767 0.06737379 0.066372275 0.9890039 0.066932954 0.13187605 0.99778467 0.0010037115 0.066518947 0.99122745 0.00099710748 0.13216366 0.99551767 0.06737379 0.066372275 0.96152347 0.00096720981 0.27472106 0.99122745 0.00099710748 0.13216366 0.99778467 0.0010037115 0.066518947 0.98058021 0.00098638923 0.19611607 0.99122745 0.00099710748 0.13216366 0.96152347 0.00096720981 0.27472106 0.98058021 0.00098638923 0.19611607 0.9890039 0.066932954 0.13187605 0.99122745 0.00099710748 0.13216366 0.99122745 0.00099710748 0.13216366 0.9890039 0.066932954 0.13187605 0.98058021 0.00098638923 0.19611607 0.9890039 0.066932954 0.13187605 0.99551767 0.06737379 0.066372275 0.99122745 0.00099710748 0.13216366 0.99122745 0.00099710748 0.13216366 0.99122745 0.00099710748 0.13216366 0.98058021 0.00098638923 0.19611607 0.99122745 0.00099710748 0.13216366 0.99778467 0.0010037115 0.066518947 0.99122745 0.00099710748 0.13216366 0.99122745 0.00099710748 0.13216366 0.99778467 0.0010037115 0.066518947 0.99122745 0.00099710748 0.13216366 0.99122745 0.00099710748 0.13216366 0.99122745 0.00099710748 0.13216366 0.99122745 0.00099710748 0.13216366 0.99122745 0.00099710748 0.13216366 0.99122745 0.00099710748 0.13216366 0.99122745 0.00099710748 0.13216366 0.98913658 -0.064943075 0.13187604 0.99122745 0.00099710748 0.13216366 0.99122745 0.00099710748 0.13216366 0.98913658 -0.064943075 0.13187604 0.97855723 -0.064248487 0.19569837 0.99122745 0.00099710748 0.13216366 0.97855723 -0.064248487 0.19569837 0.97855723 -0.064248487 0.19569837 0.98913658 -0.064943075 0.13187604 0.98913658 -0.064943075 0.13187604 0.97855723 -0.064248487 0.19569837 0.97855723 -0.064248487 0.19569837 0.19576401 -0.065036029 0.97849208 0.066519029 6.6795714e-05 0.99778515 0.066439122 -0.066305645 0.99558496 0.19576401 -0.065036029 0.97849208 0.19611609 0.00019716566 0.98058069 0.066519029 6.6795714e-05 0.99778515 0.19611609 0.00019716566 0.98058069 0.19611609 0.00019716566 0.98058069 0.19576401 -0.065036029 0.97849208 0.19459149 -0.12944518 0.9723056 0.13194242 -0.065805472 0.98907071 0.066439122 -0.066305645 0.99558496 0.19459149 -0.12944518 0.9723056 0.13194242 -0.065805472 0.98907071 0.13194242 -0.065805472 0.98907071 0.19576401 -0.065036029 0.97849208 0.13194242 -0.065805472 0.98907071 0.19459149 -0.12944518 0.9723056 0.19459149 -0.12944518 0.9723056 0.066070735 -0.13180982 0.98907071 0.066070735 -0.13180982 0.98907071 0.19459149 -0.12944518 0.9723056 -0.065805294 -0.13194248 0.98907071 0.066070735 -0.13180982 0.98907071 0.066439122 -0.066305645 0.99558496 -0.065805294 -0.13194248 0.98907071 0.19459149 -0.12944518 0.9723056 0.066439122 -0.066305645 0.99558496 0.13194242 -0.065805472 0.98907071 0.19576401 -0.065036029 0.97849208 0.19459149 -0.12944518 0.9723056 0.19459149 -0.12944518 0.9723056 0.066070735 -0.13180982 0.98907071 0.27230236 -0.13580903 0.95257926 0.19459149 -0.12944518 0.9723056 0.19459149 -0.12944518 0.9723056 0.19459149 -0.12944518 0.9723056 0.13115616 -0.1308926 0.98268265 0.33346736 -0.13299806 0.93333328 0.19459149 -0.12944518 0.9723056 0.19459149 -0.12944518 0.9723056 0.13115616 -0.1308926 0.98268265 0.27414432 -0.068243243 0.95926422 0.19459149 -0.12944518 0.9723056 0.19459149 -0.12944518 0.9723056 0.27414432 -0.068243243 0.95926422 0.19576401 -0.065036029 0.97849208 0.19459149 -0.12944518 0.9723056 0.27414432 -0.068243243 0.95926422 0.19576401 -0.065036029 0.97849208 0.27414432 -0.068243243 0.95926422 0.27230236 -0.13580903 0.95257926 0.13115616 -0.1308926 0.98268265 0.19459149 -0.12944518 0.9723056 0.19611609 0.00019716566 0.98058069 0.27472103 0.0002762404 0.96152395 0.19611609 0.00019716566 0.98058069 0.19576401 -0.065036029 0.97849208 0.27472103 0.0002762404 0.96152395 0.19611609 0.00019716566 0.98058069 0.19576401 -0.065036029 0.97849208 0.27414432 -0.068243243 0.95926422 0.27472103 0.0002762404 0.96152395 0.27414432 -0.068243243 0.95926422 0.27414432 -0.068243243 0.95926422 0.19576401 -0.065036029 0.97849208 0.13003577 0.98281395 0.13102446 0.13088109 0.98920286 0.06593816 -0.0010037154 0.99778461 0.066519126 0.86237252 0.46547404 0.19911699 0.89881086 0.41593304 0.13834289 0.86237252 0.46547404 0.19911699 0.20153113 0.26927185 0.94174188 0.26463991 0.26517269 0.92717266 0.20486945 0.20528187 0.95702028 0.20466314 0.41035756 0.88866174 0.26463991 0.26517269 0.92717266 0.20153113 0.26927185 0.94174188 0.20466314 0.41035756 0.88866174 0.47375897 0.33911937 0.81274253 0.26463991 0.26517269 0.92717266 0.48729238 0.41853011 0.7664063 0.47375897 0.33911937 0.81274253 0.20466314 0.41035756 0.88866174 0.48729238 0.41853011 0.7664063 0.65055138 0.39122128 0.65094453 0.47375897 0.33911937 0.81274253 0.57447451 0.51167929 0.63887656 0.65055138 0.39122128 0.65094453 0.48729238 0.41853011 0.7664063 0.57447451 0.51167929 0.63887656 0.76598543 0.41881049 0.4877131 0.65055138 0.39122128 0.65094453 0.73939836 0.53888226 0.4036037 0.76598543 0.41881049 0.4877131 0.57447451 0.51167929 0.63887656 0.73939836 0.53888226 0.4036037 0.86237252 0.46547404 0.19911699 0.76598543 0.41881049 0.4877131 0.75851643 0.55281568 0.34503281 0.86237252 0.46547404 0.19911699 0.73939836 0.53888226 0.4036037 0.75851643 0.55281568 0.34503281 0.86237252 0.46547404 0.19911699 0.86237252 0.46547404 0.19911699 0.81406641 0.54389453 0.20365329 0.86237252 0.46547404 0.19911699 0.75851643 0.55281568 0.34503281 0.20153113 0.26927185 0.94174188 0.20153113 0.26927185 0.94174188 0.20466314 0.41035756 0.88866174 0.337825 0.8130827 0.4740999 0.19532694 0.78466135 0.58834845 0.13335347 0.87263739 0.46980932 0.337825 0.8130827 0.4740999 0.33112708 0.73042899 0.59735101 0.19532694 0.78466135 0.58834845 0.4869419 0.76689649 0.41803986 0.33112708 0.73042899 0.59735101 0.337825 0.8130827 0.4740999 0.4869419 0.76689649 0.41803986 0.55274504 0.62309933 0.55337161 0.33112708 0.73042899 0.59735101 0.67972904 0.68109792 0.27216557 0.55274504 0.62309933 0.55337161 0.4869419 0.76689649 0.41803986 0.67972904 0.68109792 0.27216557 0.75851643 0.55281568 0.34503281 0.55274504 0.62309933 0.55337161 0.78387231 0.5891372 0.19611616 0.75851643 0.55281568 0.34503281 0.67972904 0.68109792 0.27216557 0.33126062 0.59768438 0.73009568 0.48729238 0.41853011 0.7664063 0.20466314 0.41035756 0.88866174 0.33126062 0.59768438 0.73009568 0.57447451 0.51167929 0.63887656 0.48729238 0.41853011 0.7664063 0.55274504 0.62309933 0.55337161 0.57447451 0.51167929 0.63887656 0.33126062 0.59768438 0.73009568 0.55274504 0.62309933 0.55337161 0.73939836 0.53888226 0.4036037 0.57447451 0.51167929 0.63887656 0.75851643 0.55281568 0.34503281 0.73939836 0.53888226 0.4036037 0.55274504 0.62309933 0.55337161 0.66592866 0.7340036 0.13333338 0.41412392 0.89964586 0.13834298 0.59393877 0.79358017 0.13216378 0.47328201 0.81321901 0.33864278 0.41412392 0.89964586 0.13834298 0.66592866 0.7340036 0.13333338 0.47328201 0.81321901 0.33864278 0.32876146 0.92346382 0.19781423 0.41412392 0.89964586 0.13834298 0.33698484 0.87879801 0.33786878 0.32876146 0.92346382 0.19781423 0.47328201 0.81321901 0.33864278 0.67972904 0.68109792 0.27216557 0.66592866 0.7340036 0.13333338 0.73266238 0.66740406 0.13333337 0.67972904 0.68109792 0.27216557 0.47328201 0.81321901 0.33864278 0.66592866 0.7340036 0.13333338 0.4869419 0.76689649 0.41803986 0.47328201 0.81321901 0.33864278 0.67972904 0.68109792 0.27216557 0.67972904 0.68109792 0.27216557 0.73266238 0.66740406 0.13333337 0.78387231 0.5891372 0.19611616 0.33112708 0.73042899 0.59735101 0.19715078 0.65957904 0.72531855 0.27016464 0.74528611 0.60955697 0.33112708 0.73042899 0.59735101 0.19715078 0.65957904 0.72531855 0.19715078 0.65957904 0.72531855 0.33126062 0.59768438 0.73009568 0.19715078 0.65957904 0.72531855 0.33112708 0.73042899 0.59735101 0.33126062 0.59768438 0.73009568 0.19552423 0.58854526 0.7844646 0.19715078 0.65957904 0.72531855 0.20310691 0.54327989 0.81461316 0.19552423 0.58854526 0.7844646 0.33126062 0.59768438 0.73009568 0.41412392 0.89964586 0.13834298 0.26812163 0.94201207 0.20180193 0.19348295 0.97250068 0.12964085 0.32876146 0.92346382 0.19781423 0.26812163 0.94201207 0.20180193 0.41412392 0.89964586 0.13834298 0.337825 0.8130827 0.4740999 0.47328201 0.81321901 0.33864278 0.4869419 0.76689649 0.41803986 0.337825 0.8130827 0.4740999 0.33698484 0.87879801 0.33786878 0.47328201 0.81321901 0.33864278 0.13335347 0.87263739 0.46980932 0.33698484 0.87879801 0.33786878 0.337825 0.8130827 0.4740999 0.27016464 0.74528611 0.60955697 0.19532694 0.78466135 0.58834845 0.33112708 0.73042899 0.59735101 0.20466314 0.41035756 0.88866174 0.20310691 0.54327989 0.81461316 0.33126062 0.59768438 0.73009568 0.20466314 0.41035756 0.88866174 0.12979601 0.39069739 0.91132241 0.20310691 0.54327989 0.81461316 0.12979601 0.39069739 0.91132241 0.12979601 0.39069739 0.91132241 0.20466314 0.41035756 0.88866174 0.20466314 0.41035756 0.88866174 0.19748244 0.32988897 0.92313266 0.19748244 0.32988897 0.92313266 0.20466314 0.41035756 0.88866174 0.19748244 0.32988897 0.92313266 0.19748244 0.32988897 0.92313266 0.20153113 0.26927185 0.94174188 0.19748244 0.32988897 0.92313266 0.20466314 0.41035756 0.88866174 0.20466314 0.41035756 0.88866174 0.12979601 0.39069739 0.91132241 0.12979601 0.39069739 0.91132241 0.20466314 0.41035756 0.88866174 0.13299802 0.33346719 0.9333334 0.12979601 0.39069739 0.91132241 0.19748244 0.32988897 0.92313266 0.13299802 0.33346719 0.9333334 0.20466314 0.41035756 0.88866174 0.55274504 0.62309933 0.55337161 0.33126062 0.59768438 0.73009568 0.33112708 0.73042899 0.59735101 0.78387231 0.5891372 0.19611616 0.81406641 0.54389453 0.20365329 0.75851643 0.55281568 0.34503281 0.13335347 0.87263739 0.46980932 0.19532694 0.78466135 0.58834845 0.27016464 0.74528611 0.60955697 0.13335347 0.87263739 0.46980932 0.13335347 0.87263739 0.46980932 0.19532694 0.78466135 0.58834845 0.26812163 0.94201207 0.20180193 0.32876146 0.92346382 0.19781423 0.33698484 0.87879801 0.33786878 0.66592866 0.7340036 0.13333338 0.59393877 0.79358017 0.13216378 0.73266238 0.66740406 0.13333337 0.59393877 0.79358017 0.13216378 0.59393877 0.79358017 0.13216378 0.66592866 0.7340036 0.13333338 0.81406641 0.54389453 0.20365329 0.87798238 0.4738996 0.067573749 0.86237252 0.46547404 0.19911699 0.78387231 0.5891372 0.19611616 0.82361025 0.55027097 0.13736057 0.81406641 0.54389453 0.20365329 0.78387231 0.5891372 0.19611616 0.73266238 0.66740406 0.13333337 0.82361025 0.55027097 0.13736057 0.13088109 0.98920286 0.06593816 0.13003577 0.98281395 0.13102446 0.27120715 0.95285261 0.13608287 0.86237252 0.46547404 0.19911699 0.87798238 0.4738996 0.067573749 0.89881086 0.41593304 0.13834289 0.82361025 0.55027097 0.13736057 0.73266238 0.66740406 0.13333337 0.73266238 0.66740406 0.13333337 0.59393877 0.79358017 0.13216378 0.73266238 0.66740406 0.13333337 0.73266238 0.66740406 0.13333337 0.81406641 0.54389453 0.20365329 0.82361025 0.55027097 0.13736057 0.87798238 0.4738996 0.067573749 0.068614796 0.55344075 0.83005744 0.065116793 0.39313868 0.91717058 0.066778056 0.33564526 0.93961853 0.068614796 0.55344075 0.83005744 -0.00060352084 0.59999961 0.80000007 0.065116793 0.39313868 0.91717058 0.13266268 0.66680038 0.73333341 -0.00060352084 0.59999961 0.80000007 0.068614796 0.55344075 0.83005744 0.13266268 0.66680038 0.73333341 -0.00080472225 0.79999954 0.60000014 -0.00060352084 0.59999961 0.80000007 0.13136598 0.79311484 0.59473681 -0.00080472225 0.79999954 0.60000014 0.13266268 0.66680038 0.73333341 0.13512447 0.95271569 0.27216566 0.13003577 0.98281395 0.13102446 -0.00094732281 0.94174135 0.33633652 -0.00060352084 0.59999961 0.80000007 -0.00027629774 0.27472085 0.96152401 -0.00027629774 0.27472085 0.96152401 -0.00027629774 0.27472085 0.96152401 0.065116793 0.39313868 0.91717058 -0.00060352084 0.59999961 0.80000007 -0.00080472225 0.79999954 0.60000014 0.13335347 0.87263739 0.46980932 -0.00094732281 0.94174135 0.33633652 0.13136598 0.79311484 0.59473681 0.13335347 0.87263739 0.46980932 -0.00080472225 0.79999954 0.60000014 0.13335347 0.87263739 0.46980932 0.13512447 0.95271569 0.27216566 -0.00094732281 0.94174135 0.33633652 -0.40272379 -0.87488025 0.26906902 -0.33239427 -0.9336682 0.13333325 -0.40272379 -0.87488025 0.26906902 -0.40272379 -0.87488025 0.26906902 -0.27311036 -0.95953947 0.068518773 -0.33239427 -0.9336682 0.13333325 -0.19688539 -0.9233312 0.32969016 -0.27311036 -0.95953947 0.068518773 -0.40272379 -0.87488025 0.26906902 -0.19688539 -0.9233312 0.32969016 -0.27120715 -0.95285267 0.13608266 -0.27311036 -0.95953947 0.068518773 -0.19348292 -0.97250074 0.12964064 -0.27120715 -0.95285267 0.13608266 -0.19688539 -0.9233312 0.32969016 -0.47321388 -0.88094759 -7.6799175e-08 -0.40272379 -0.87488025 0.26906902 -0.40272379 -0.87488025 0.26906902 -0.55386293 -0.83260792 -6.6233447e-08 -0.40272379 -0.87488025 0.26906902 -0.47321388 -0.88094759 -7.6799175e-08 -0.064943053 -0.98913658 0.13187598 0.00094736286 -0.94174147 0.33633628 0.066932976 -0.9890039 0.13187598 -0.064943053 -0.98913658 0.13187598 -0.19688539 -0.9233312 0.32969016 0.00094736286 -0.94174147 0.33633628 -0.19348292 -0.97250074 0.12964064 -0.19688539 -0.9233312 0.32969016 -0.064943053 -0.98913658 0.13187598 -0.40272379 -0.87488025 0.26906902 -0.47213224 -0.87893403 0.067573667 -0.47321388 -0.88094759 -7.6799175e-08 -0.40272379 -0.87488025 0.26906902 -0.27311036 -0.95953947 0.068518773 -0.47213224 -0.87893403 0.067573667 -0.33239427 -0.9336682 0.13333325 -0.27311036 -0.95953947 0.068518773 -0.40272379 -0.87488025 0.26906902 0.0010037234 -0.99778467 0.066518888 -0.064943053 -0.98913658 0.13187598 0.066932976 -0.9890039 0.13187598 0.0010037234 -0.99778467 0.066518888 -0.19348292 -0.97250074 0.12964064 -0.064943053 -0.98913658 0.13187598 -0.27311036 -0.95953947 0.068518773 -0.19348292 -0.97250074 0.12964064 0.0010037234 -0.99778467 0.066518888 -0.27311036 -0.95953947 0.068518773 -0.27120715 -0.95285267 0.13608266 -0.19348292 -0.97250074 0.12964064 -0.27311036 -0.95953947 0.068518773 -0.27120715 -0.95285267 0.13608266 -0.27311036 -0.95953947 0.068518773 -0.33239427 -0.9336682 0.13333325 -0.27311036 -0.95953947 0.068518773 -0.27311036 -0.95953947 0.068518773 -0.00027629774 0.27472085 0.96152401 -0.00019722412 0.19611591 0.98058069 -0.00027629774 0.27472085 0.96152401 -0.26672336 -0.53479117 0.80178368 -0.40272379 -0.87488025 0.26906902 -0.41754892 -0.48813346 0.76640624 -0.26672336 -0.53479117 0.80178368 -0.19688539 -0.9233312 0.32969016 -0.40272379 -0.87488025 0.26906902 -0.1387157 -0.62719965 0.76640624 -0.19688539 -0.9233312 0.32969016 -0.26672336 -0.53479117 0.80178368 -0.1387157 -0.62719965 0.76640624 0.00094736286 -0.94174147 0.33633628 -0.19688539 -0.9233312 0.32969016 0.00060361618 -0.59999985 0.79999995 0.00094736286 -0.94174147 0.33633628 -0.1387157 -0.62719965 0.76640624 -0.00019722412 0.19611591 0.98058069 -0.00013289071 0.13216354 0.99122792 -0.00027629774 0.27472085 0.96152401 -0.00019722412 0.19611591 0.98058069 0.00013300881 -0.13216376 0.99122792 -0.00013289071 0.13216354 0.99122792 -0.00013289071 0.13216354 0.99122792 -0.06503585 -0.19576406 0.97849208 -0.00019722412 0.19611591 0.98058069 -0.00013289071 0.13216354 0.99122792 0.00013300881 -0.13216376 0.99122792 -0.06503585 -0.19576406 0.97849208 -0.00013289071 0.13216354 0.99122792 0.00013300881 -0.13216376 0.99122792 -0.00013289071 0.13216354 0.99122792 -0.26672336 -0.53479117 0.80178368 -0.065805294 -0.13194248 0.98907071 -0.1387157 -0.62719965 0.76640624 -0.06503585 -0.19576406 0.97849208 -0.1387157 -0.62719965 0.76640624 -0.065805294 -0.13194248 0.98907071 -0.06503585 -0.19576406 0.97849208 0.00060361618 -0.59999985 0.79999995 -0.1387157 -0.62719965 0.76640624 0.00013300881 -0.13216376 0.99122792 0.00060361618 -0.59999985 0.79999995 -0.06503585 -0.19576406 0.97849208 -0.00013289071 0.13216354 0.99122792 -0.00019722412 0.19611591 0.98058069 -0.00027629774 0.27472085 0.96152401 -0.00027629774 0.27472085 0.96152401 -0.00013289071 0.13216354 0.99122792 -0.00013289071 0.13216354 0.99122792 -0.00027629774 0.27472085 0.96152401 -0.00027629774 0.27472085 0.96152401 -0.00013289071 0.13216354 0.99122792 -0.00019722412 0.19611591 0.98058069 -0.00027629774 0.27472085 0.96152401 -0.00027629774 0.27472085 0.96152401 -0.67041302 -0.73894644 0.06711556 -0.73266232 -0.66740406 0.13333331 -0.66592866 -0.7340036 0.1333333 -0.67041302 -0.73894644 0.06711556 -0.82361025 -0.55027103 0.13736054 -0.73266232 -0.66740406 0.13333331 -0.87798232 -0.47389963 0.067573734 -0.82361025 -0.55027103 0.13736054 -0.67041302 -0.73894644 0.06711556 -0.87798232 -0.47389963 0.067573734 -0.87202978 -0.4706867 0.13423121 -0.82361025 -0.55027103 0.13736054 -0.67041302 -0.73894644 0.06711556 -0.54225564 -0.81515902 0.20365322 -0.47213224 -0.87893403 0.067573667 -0.67041302 -0.73894644 0.06711556 -0.62628841 -0.76703674 0.13934654 -0.54225564 -0.81515902 0.20365322 -0.67041302 -0.73894644 0.06711556 -0.62628841 -0.76703674 0.13934654 -0.67041302 -0.73894644 0.06711556 -0.66592866 -0.7340036 0.1333333 -0.67041302 -0.73894644 0.06711556 -0.67041302 -0.73894644 0.06711556 -0.55128855 -0.7596271 0.34503272 -0.62628841 -0.76703674 0.13934654 -0.67041302 -0.73894644 0.06711556 -0.54225564 -0.81515902 0.20365322 -0.62628841 -0.76703674 0.13934654 -0.55128855 -0.7596271 0.34503272 -0.87798232 -0.47389963 0.067573734 -0.87202978 -0.4706867 0.13423121 -0.87798232 -0.47389963 0.067573734 -0.91677463 -0.39399552 0.065512188 -0.87798232 -0.47389963 0.067573734 -0.87798232 -0.47389963 0.067573734 0.74283493 0.47376361 0.47301617 0.87811834 0.33875215 0.33786869 0.82956988 0.48503482 0.27668577 0.65891588 0.46222934 0.59344244 0.67843419 0.40798914 0.61095983 0.74283493 0.47376361 0.47301617 -0.47213224 -0.87893403 0.067573667 -0.55386293 -0.83260792 -6.6233447e-08 -0.47321388 -0.88094759 -7.6799175e-08 -0.47213224 -0.87893403 0.067573667 -0.54225564 -0.81515902 0.20365322 -0.55386293 -0.83260792 -6.6233447e-08 0.40662351 0.67925352 0.61095989 0.33698484 0.87879801 0.33786878 0.27016464 0.74528611 0.60955697 0.47328201 0.81321901 0.33864278 0.41412392 0.89964586 0.13834298 0.33698484 0.87879801 0.33786878 0.13512447 0.95271569 0.27216566 0.27120715 0.95285261 0.13608287 0.13003577 0.98281395 0.13102446 0.13512447 0.95271569 0.27216566 0.33698484 0.87879801 0.33786878 0.27120715 0.95285261 0.13608287 0.13335347 0.87263739 0.46980932 0.33698484 0.87879801 0.33786878 0.13512447 0.95271569 0.27216566 0.13335347 0.87263739 0.46980932 0.27016464 0.74528611 0.60955697 0.33698484 0.87879801 0.33786878 0.13136598 0.79311484 0.59473681 0.27016464 0.74528611 0.60955697 0.13335347 0.87263739 0.46980932 0.33698484 0.87879801 0.33786878 0.41412392 0.89964586 0.13834298 0.27120715 0.95285261 0.13608287 0.27016464 0.74528611 0.60955697 0.20310691 0.54327989 0.81461316 0.40662351 0.67925352 0.61095989 0.27016464 0.74528611 0.60955697 0.13266268 0.66680038 0.73333341 0.20310691 0.54327989 0.81461316 0.13136598 0.79311484 0.59473681 0.13266268 0.66680038 0.73333341 0.27016464 0.74528611 0.60955697 0.13299802 0.33346719 0.9333334 0.20310691 0.54327989 0.81461316 0.12979601 0.39069739 0.91132241 0.13299802 0.33346719 0.9333334 0.2761986 0.48447812 0.83005744 0.20310691 0.54327989 0.81461316 0.068614796 0.55344075 0.83005744 0.20310691 0.54327989 0.81461316 0.13266268 0.66680038 0.73333341 0.068614796 0.55344075 0.83005744 0.12979601 0.39069739 0.91132241 0.20310691 0.54327989 0.81461316 0.066778056 0.33564526 0.93961853 0.12979601 0.39069739 0.91132241 0.068614796 0.55344075 0.83005744 0.82361025 0.55027097 0.13736057 0.87202984 0.47068667 0.13423121 0.87798238 0.4738996 0.067573749 0.39529648 0.33008796 0.8571946 0.53773201 0.40414473 0.73994005 0.32929215 0.39595962 0.8571946 0.65891588 0.46222934 0.59344244 0.59813547 0.53275394 0.59867108 0.53773201 0.40414473 0.73994005 0.74283493 0.47376361 0.47301617 0.59813547 0.53275394 0.59867108 0.65891588 0.46222934 0.59344244 0.82956988 0.48503482 0.27668577 0.66599572 0.66733694 0.33333337 0.74283493 0.47376361 0.47301617 0.87202984 0.47068667 0.13423121 0.82361025 0.55027097 0.13736057 0.82956988 0.48503482 0.27668577 0.32929215 0.39595962 0.8571946 0.19748244 0.32988897 0.92313266 0.39529648 0.33008796 0.8571946 0.32929215 0.39595962 0.8571946 0.19748244 0.32988897 0.92313266 0.19748244 0.32988897 0.92313266 0.26463991 0.26517269 0.92717266 0.39529648 0.33008796 0.8571946 0.19748244 0.32988897 0.92313266 0.82956988 0.48503482 0.27668577 0.89881086 0.41593304 0.13834289 0.87202984 0.47068667 0.13423121 0.87798238 0.4738996 0.067573749 0.87202984 0.47068667 0.13423121 0.89881086 0.41593304 0.13834289 0.47328201 0.81321901 0.33864278 0.66599572 0.66733694 0.33333337 0.59393877 0.79358017 0.13216378 0.40662351 0.67925352 0.61095989 0.66599572 0.66733694 0.33333337 0.47328201 0.81321901 0.33864278 0.47328201 0.81321901 0.33864278 0.33698484 0.87879801 0.33786878 0.40662351 0.67925352 0.61095989 0.59393877 0.79358017 0.13216378 0.41412392 0.89964586 0.13834298 0.47328201 0.81321901 0.33864278 0.66599572 0.66733694 0.33333337 0.73266238 0.66740406 0.13333337 0.59393877 0.79358017 0.13216378 0.66599572 0.66733694 0.33333337 0.82361025 0.55027097 0.13736057 0.73266238 0.66740406 0.13333337 0.32929215 0.39595962 0.8571946 0.13299802 0.33346719 0.9333334 0.13299802 0.33346719 0.9333334 0.32929215 0.39595962 0.8571946 0.2761986 0.48447812 0.83005744 0.13299802 0.33346719 0.9333334 0.40662351 0.67925352 0.61095989 0.2761986 0.48447812 0.83005744 0.32929215 0.39595962 0.8571946 0.40662351 0.67925352 0.61095989 0.20310691 0.54327989 0.81461316 0.2761986 0.48447812 0.83005744 0.40662351 0.67925352 0.61095989 0.59813547 0.53275394 0.59867108 0.66599572 0.66733694 0.33333337 0.32929215 0.39595962 0.8571946 0.59813547 0.53275394 0.59867108 0.40662351 0.67925352 0.61095989 0.32929215 0.39595962 0.8571946 0.53773201 0.40414473 0.73994005 0.59813547 0.53275394 0.59867108 0.74283493 0.47376361 0.47301617 0.66599572 0.66733694 0.33333337 0.59813547 0.53275394 0.59867108 0.82956988 0.48503482 0.27668577 0.82361025 0.55027097 0.13736057 0.66599572 0.66733694 0.33333337 0.13299802 0.33346719 0.9333334 0.2761986 0.48447812 0.83005744 0.13299802 0.33346719 0.9333334 0.13299802 0.33346719 0.9333334 0.19748244 0.32988897 0.92313266 0.32929215 0.39595962 0.8571946 0.65891588 0.46222934 0.59344244 0.53773201 0.40414473 0.73994005 0.67843419 0.40798914 0.61095983 0.53773201 0.40414473 0.73994005 0.39529648 0.33008796 0.8571946 0.47375897 0.33911937 0.81274253 -0.41754892 -0.48813346 0.76640624 -0.40272379 -0.87488025 0.26906902 -0.55128855 -0.7596271 0.34503272 -0.55386293 -0.83260792 -6.6233447e-08 -0.55128855 -0.7596271 0.34503272 -0.40272379 -0.87488025 0.26906902 -0.54225564 -0.81515902 0.20365322 -0.55128855 -0.7596271 0.34503272 -0.55386293 -0.83260792 -6.6233447e-08 -0.67822927 -0.61164242 0.40730652 -0.66592866 -0.7340036 0.1333333 -0.73266232 -0.66740406 0.13333331 -0.67041302 -0.73894644 0.06711556 -0.66592866 -0.7340036 0.1333333 -0.67822927 -0.61164242 0.40730652 -0.55128855 -0.7596271 0.34503272 -0.67041302 -0.73894644 0.06711556 -0.67822927 -0.61164242 0.40730652 -0.00019722412 0.19611591 0.98058069 -0.065805294 -0.13194248 0.98907071 -0.00019722412 0.19611591 0.98058069 -0.00019722412 0.19611591 0.98058069 -0.06503585 -0.19576406 0.97849208 -0.065805294 -0.13194248 0.98907071 0.26463991 0.26517269 0.92717266 0.19748244 0.32988897 0.92313266 0.065035969 0.19576383 0.97849208 0.19748244 0.32988897 0.92313266 0.19748244 0.32988897 0.92313266 0.065035969 0.19576383 0.97849208 0.19748244 0.32988897 0.92313266 0.13299802 0.33346719 0.9333334 0.065035969 0.19576383 0.97849208 0.13299802 0.33346719 0.9333334 0.065035969 0.19576383 0.97849208 0.065035969 0.19576383 0.97849208 0.13299802 0.33346719 0.9333334 0.13299802 0.33346719 0.9333334 0.065035969 0.19576383 0.97849208 0.13299802 0.33346719 0.9333334 0.065035969 0.19576383 0.97849208 0.065035969 0.19576383 0.97849208 0.13299802 0.33346719 0.9333334 0.13299802 0.33346719 0.9333334 0.065035969 0.19576383 0.97849208 0.13299802 0.33346719 0.9333334 0.065035969 0.19576383 0.97849208 0.065035969 0.19576383 0.97849208 0.13299802 0.33346719 0.9333334 0.12979601 0.39069739 0.91132241 0.065035969 0.19576383 0.97849208 0.12979601 0.39069739 0.91132241 0.066778056 0.33564526 0.93961853 0.065035969 0.19576383 0.97849208 0.066778056 0.33564526 0.93961853 -0.00019722412 0.19611591 0.98058069 0.065035969 0.19576383 0.97849208 0.066778056 0.33564526 0.93961853 0.065116793 0.39313868 0.91717058 -0.00019722412 0.19611591 0.98058069 -0.00019722412 0.19611591 0.98058069 0.065116793 0.39313868 0.91717058 -0.00019722412 0.19611591 0.98058069 0.065116793 0.39313868 0.91717058 -0.00027629774 0.27472085 0.96152401 -0.00019722412 0.19611591 0.98058069 0.13003577 0.98281395 0.13102446 -0.0010037154 0.99778461 0.066519126 -0.00094732281 0.94174135 0.33633652 0.7340036 -0.66592866 0.13333322 0.538544 -0.40306222 0.73993999 0.65984452 -0.46090287 0.59344232 0.19563277 0.065429516 0.97849208 0.538544 -0.40306222 0.73993999 0.61136931 -0.40669182 0.67884415 0.65984452 -0.46090287 0.59344232 0.538544 -0.40306222 0.73993999 0.19563277 0.065429516 0.97849208 0.79999965 0.00080468645 0.59999996 0.47409964 0.00047681457 0.88047111 0.47409964 0.00047681457 0.88047111 0.73993969 0.00074426061 0.67267275 0.47409964 0.00047681457 0.88047111 0.79999965 0.00080468645 0.59999996 0.79999965 0.00080468645 0.59999996 0.96152347 0.00096720981 0.27472106 0.94174141 0.00094730279 0.33633634 0.94174141 0.00094730279 0.33633634 0.73993969 0.00074426061 0.67267275 0.79999965 0.00080468645 0.59999996 0.47409964 0.00047681457 0.88047111 0.19611609 0.00019716566 0.98058069 0.47409964 0.00047681457 0.88047111 0.47409964 0.00047681457 0.88047111 0.19563277 0.065429516 0.97849208 0.19611609 0.00019716566 0.98058069 0.19563277 0.065429516 0.97849208 0.19563277 0.065429516 0.97849208 0.47409964 0.00047681457 0.88047111 0.47409964 0.00047681457 0.88047111 0.19563277 0.065429516 0.97849208 0.19563277 0.065429516 0.97849208 0.73993969 0.00074426061 0.67267275 0.8020522 -0.26645461 0.53452241 0.47409964 0.00047681457 0.88047111 0.87474489 -0.26818934 0.40360358 0.8020522 -0.26645461 0.53452241 0.73993969 0.00074426061 0.67267275 0.87474489 -0.26818934 0.40360358 0.73993969 0.00074426061 0.67267275 0.94174141 0.00094730279 0.33633634 0.87474489 -0.26818934 0.40360358 0.73993969 0.00074426061 0.67267275 0.87474489 -0.26818934 0.40360358 0.74034572 -0.40285918 0.53813809 0.47409964 0.00047681457 0.88047111 0.7933808 -0.39569333 0.46257293 0.65133715 -0.3899118 0.65094447 0.47409964 0.00047681457 0.88047111 0.74034572 -0.40285918 0.53813809 0.8020522 -0.26645461 0.53452241 0.7933808 -0.39569333 0.46257293 0.47409964 0.00047681457 0.88047111 0.79358023 -0.59393877 0.1321636 0.87474489 -0.26818934 0.40360358 0.89743191 -0.34413022 0.27602613 0.79358023 -0.59393877 0.1321636 0.87474489 -0.26818934 0.40360358 0.87474489 -0.26818934 0.40360358 0.8020522 -0.26645461 0.53452241 0.87474489 -0.26818934 0.40360358 0.79358023 -0.59393877 0.1321636 0.8020522 -0.26645461 0.53452241 0.79358023 -0.59393877 0.1321636 0.7933808 -0.39569333 0.46257293 0.88907385 -0.40925744 0.20507568 0.78667301 -0.52330637 0.32756078 0.79358023 -0.59393877 0.1321636 0.88907385 -0.40925744 0.20507568 0.89736247 -0.27512369 0.34503269 0.78667301 -0.52330637 0.32756078 0.9336682 -0.3323943 0.13333325 0.89736247 -0.27512369 0.34503269 0.88907385 -0.40925744 0.20507568 0.9336682 -0.3323943 0.13333325 0.94194442 -0.20085442 0.26906902 0.89736247 -0.27512369 0.34503269 0.72551715 -0.19708449 0.65938044 0.73833883 -0.066372991 0.67115599 0.59999979 0.00060347316 0.79999995 0.87263745 -0.1333535 0.46980917 0.73833883 -0.066372991 0.67115599 0.72551715 -0.19708449 0.65938044 0.87263745 -0.1333535 0.46980917 0.89736247 -0.27512369 0.34503269 0.94194442 -0.20085442 0.26906902 0.72551715 -0.19708449 0.65938044 0.89736247 -0.27512369 0.34503269 0.87263745 -0.1333535 0.46980917 0.72551715 -0.19708449 0.65938044 0.74034572 -0.40285918 0.53813809 0.89736247 -0.27512369 0.34503269 0.9336682 -0.3323943 0.13333325 0.9572261 -0.20411299 0.20507571 0.94194442 -0.20085442 0.26906902 0.74034572 -0.40285918 0.53813809 0.78667301 -0.52330637 0.32756078 0.89736247 -0.27512369 0.34503269 0.65133715 -0.3899118 0.65094447 0.19563277 0.065429516 0.97849208 0.47409964 0.00047681457 0.88047111 0.65984452 -0.46090287 0.59344232 0.19563277 0.065429516 0.97849208 0.65133715 -0.3899118 0.65094447 0.75789416 -0.61882353 0.2065284 0.74034572 -0.40285918 0.53813809 0.7933808 -0.39569333 0.46257293 0.75789416 -0.61882353 0.2065284 0.65133715 -0.3899118 0.65094447 0.74034572 -0.40285918 0.53813809 0.7340036 -0.66592866 0.13333322 0.65984452 -0.46090287 0.59344232 0.65133715 -0.3899118 0.65094447 0.7933808 -0.39569333 0.46257293 0.79358023 -0.59393877 0.1321636 0.75789416 -0.61882353 0.2065284 0.1321637 0.00013283163 0.99122792 0.39391914 0.00039615255 0.91914505 0.33633628 0.00033822452 0.94174188 0.13180976 0.066070557 0.98907071 0.39391914 0.00039615255 0.91914505 0.1321637 0.00013283163 0.99122792 0.13180976 0.066070557 0.98907071 0.5976845 -0.33126065 0.73009557 0.39391914 0.00039615255 0.91914505 0.39391914 0.00039615255 0.91914505 0.27472103 0.0002762404 0.96152395 0.33633628 0.00033822452 0.94174188 0.74034572 -0.40285918 0.53813809 0.39391914 0.00039615255 0.91914505 0.5976845 -0.33126065 0.73009557 0.74034572 -0.40285918 0.53813809 0.83204991 0.0008369328 0.55470014 0.39391914 0.00039615255 0.91914505 0.92743868 -0.26397368 0.26490638 0.83204991 0.0008369328 0.55470014 0.74034572 -0.40285918 0.53813809 0.9593327 -0.0675539 0.27407542 0.83204991 0.0008369328 0.55470014 0.92743868 -0.26397368 0.26490638 0.9593327 -0.0675539 0.27407542 0.94174141 0.00094730279 0.33633634 0.83204991 0.0008369328 0.55470014 0.97855723 -0.064248487 0.19569837 0.94174141 0.00094730279 0.33633634 0.9593327 -0.0675539 0.27407542 0.97855723 -0.064248487 0.19569837 0.96152347 0.00096720981 0.27472106 0.94174141 0.00094730279 0.33633634 0.96152347 0.00096720981 0.27472106 0.96152347 0.00096720981 0.27472106 0.97855723 -0.064248487 0.19569837 0.97855723 -0.064248487 0.19569837 0.98913658 -0.064943075 0.13187604 0.96152347 0.00096720981 0.27472106 0.97855723 -0.064248487 0.19569837 0.96152347 0.00096720981 0.27472106 0.98913658 -0.064943075 0.13187604 0.97855723 -0.064248487 0.19569837 0.96152347 0.00096720981 0.27472106 0.96152347 0.00096720981 0.27472106 0.1321637 0.00013283163 0.99122792 0.19563277 0.065429516 0.97849208 0.13180976 0.066070557 0.98907071 0.33633628 0.00033822452 0.94174188 0.19611609 0.00019716566 0.98058069 0.1321637 0.00013283163 0.99122792 0.27472103 0.0002762404 0.96152395 0.19611609 0.00019716566 0.98058069 0.33633628 0.00033822452 0.94174188 0.19563277 0.065429516 0.97849208 0.61136931 -0.40669182 0.67884415 0.13180976 0.066070557 0.98907071 0.13180976 0.066070557 0.98907071 0.19563277 0.065429516 0.97849208 0.19563277 0.065429516 0.97849208 0.13180976 0.066070557 0.98907071 0.19563277 0.065429516 0.97849208 0.19563277 0.065429516 0.97849208 0.1321637 0.00013283163 0.99122792 0.19611609 0.00019716566 0.98058069 0.19563277 0.065429516 0.97849208 0.9336682 -0.3323943 0.13333325 0.9593327 -0.0675539 0.27407542 0.92743868 -0.26397368 0.26490638 0.9336682 -0.3323943 0.13333325 0.97855723 -0.064248487 0.19569837 0.9593327 -0.0675539 0.27407542 0.9336682 -0.3323943 0.13333325 0.98913658 -0.064943075 0.13187604 0.97855723 -0.064248487 0.19569837 0.97855723 -0.064248487 0.19569837 0.98913658 -0.064943075 0.13187604 0.9336682 -0.3323943 0.13333325 0.92743868 -0.26397368 0.26490638 0.79358023 -0.59393877 0.1321636 0.9336682 -0.3323943 0.13333325 0.74034572 -0.40285918 0.53813809 0.79358023 -0.59393877 0.1321636 0.92743868 -0.26397368 0.26490638 0.61136931 -0.40669182 0.67884415 0.5976845 -0.33126065 0.73009557 0.13180976 0.066070557 0.98907071 0.94174141 0.00094730279 0.33633634 0.86304021 -0.19824897 0.46460623 0.79829466 -0.065716073 0.59867102 0.97855723 -0.064248487 0.19569837 0.86304021 -0.19824897 0.46460623 0.94174141 0.00094730279 0.33633634 0.97855723 -0.064248487 0.19569837 0.98913658 -0.064943075 0.13187604 0.86304021 -0.19824897 0.46460623 0.99122745 0.00099710748 0.13216366 0.98913658 -0.064943075 0.13187604 0.97855723 -0.064248487 0.19569837 0.79829466 -0.065716073 0.59867102 0.73993969 0.00074426061 0.67267275 0.87839025 0.068457335 0.47301614 0.59999979 0.00060347316 0.79999995 0.73993969 0.00074426061 0.67267275 0.79829466 -0.065716073 0.59867102 0.54328001 -0.20310697 0.81461304 0.47444028 -0.33816573 0.81274247 0.46480644 -0.19864963 0.86284024 0.54328001 -0.20310697 0.81461304 0.538544 -0.40306222 0.73993999 0.47444028 -0.33816573 0.81274247 0.75941885 -0.3442691 0.55205238 0.538544 -0.40306222 0.73993999 0.54328001 -0.20310697 0.81461304 0.75941885 -0.3442691 0.55205238 0.59390646 -0.46096921 0.65938038 0.538544 -0.40306222 0.73993999 0.74378657 -0.47226825 0.47301608 0.59390646 -0.46096921 0.65938038 0.75941885 -0.3442691 0.55205238 0.74378657 -0.47226825 0.47301608 0.66279888 -0.52914649 0.52981281 0.59390646 -0.46096921 0.65938038 0.74048102 -0.53739363 0.40360355 0.66279888 -0.52914649 0.52981281 0.74378657 -0.47226825 0.47301608 0.54328001 -0.20310697 0.81461304 0.39313883 -0.065116845 0.91717046 0.39391914 0.00039615255 0.91914505 0.41516769 -0.13792543 0.89922875 0.39313883 -0.065116845 0.91717046 0.54328001 -0.20310697 0.81461304 0.89736247 -0.27512369 0.34503269 0.98913658 -0.064943075 0.13187604 0.98913658 -0.064943075 0.13187604 0.89736247 -0.27512369 0.34503269 0.86304021 -0.19824897 0.46460623 0.98913658 -0.064943075 0.13187604 0.75941885 -0.3442691 0.55205238 0.86304021 -0.19824897 0.46460623 0.89736247 -0.27512369 0.34503269 0.75941885 -0.3442691 0.55205238 0.79829466 -0.065716073 0.59867102 0.86304021 -0.19824897 0.46460623 0.54328001 -0.20310697 0.81461304 0.79829466 -0.065716073 0.59867102 0.75941885 -0.3442691 0.55205238 0.54328001 -0.20310697 0.81461304 0.59999979 0.00060347316 0.79999995 0.79829466 -0.065716073 0.59867102 0.39391914 0.00039615255 0.91914505 0.59999979 0.00060347316 0.79999995 0.54328001 -0.20310697 0.81461304 0.74378657 -0.47226825 0.47301608 0.7596271 -0.5512886 0.34503266 0.74048102 -0.53739363 0.40360355 0.74378657 -0.47226825 0.47301608 0.81321907 -0.47328204 0.3386426 0.7596271 -0.5512886 0.34503266 0.89736247 -0.27512369 0.34503269 0.81321907 -0.47328204 0.3386426 0.74378657 -0.47226825 0.47301608 0.89736247 -0.27512369 0.34503269 0.9336682 -0.3323943 0.13333325 0.81321907 -0.47328204 0.3386426 0.98913658 -0.064943075 0.13187604 0.9336682 -0.3323943 0.13333325 0.89736247 -0.27512369 0.34503269 0.9336682 -0.3323943 0.13333325 0.79358023 -0.59393877 0.1321636 0.81321907 -0.47328204 0.3386426 0.89736247 -0.27512369 0.34503269 0.74378657 -0.47226825 0.47301608 0.75941885 -0.3442691 0.55205238 0.98913658 -0.064943075 0.13187604 0.97855723 -0.064248487 0.19569837 0.9336682 -0.3323943 0.13333325 0.97855723 -0.064248487 0.19569837 0.99122745 0.00099710748 0.13216366 0.99122745 0.00099710748 0.13216366 0.46480644 -0.19864963 0.86284024 0.41516769 -0.13792543 0.89922875 0.54328001 -0.20310697 0.81461304 0.39313883 -0.065116845 0.91717046 0.41516769 -0.13792543 0.89922875 0.19611609 0.00019716566 0.98058069 0.74048102 -0.53739363 0.40360355 0.61136931 -0.40669182 0.67884415 0.66279888 -0.52914649 0.52981281 0.61136931 -0.40669182 0.67884415 0.59390646 -0.46096921 0.65938038 0.66279888 -0.52914649 0.52981281 0.61136931 -0.40669182 0.67884415 0.538544 -0.40306222 0.73993999 0.59390646 -0.46096921 0.65938038 0.41516769 -0.13792543 0.89922875 0.47444028 -0.33816573 0.81274247 0.538544 -0.40306222 0.73993999 0.46480644 -0.19864963 0.86284024 0.47444028 -0.33816573 0.81274247 0.41516769 -0.13792543 0.89922875 0.79358023 -0.59393877 0.1321636 0.7596271 -0.5512886 0.34503266 0.81321907 -0.47328204 0.3386426 0.69240993 -0.69101828 0.20751423 0.7596271 -0.5512886 0.34503266 0.79358023 -0.59393877 0.1321636 0.69240993 -0.69101828 0.20751423 0.7306962 -0.59661627 0.33186153 0.7596271 -0.5512886 0.34503266 0.74048102 -0.53739363 0.40360355 0.7596271 -0.5512886 0.34503266 0.7306962 -0.59661627 0.33186153 0.41516769 -0.13792543 0.89922875 0.46480644 -0.19864963 0.86284024 0.41516769 -0.13792543 0.89922875 0.73820382 0.067858152 0.67115599 0.87839025 0.068457335 0.47301614 0.73993969 0.00074426061 0.67267275 0.91710418 0.066434726 0.39307302 0.87839025 0.068457335 0.47301614 0.73820382 0.067858152 0.67115599 0.39391914 0.00039615255 0.91914505 0.3355104 0.067453034 0.93961847 0.59999979 0.00060347316 0.79999995 0.39391914 0.00039615255 0.91914505 0.27400646 0.068794429 0.95926422 0.3355104 0.067453034 0.93961847 0.39313883 -0.065116845 0.91717046 0.27400646 0.068794429 0.95926422 0.39391914 0.00039615255 0.91914505 0.5986039 0.067121111 0.79822814 0.59999979 0.00060347316 0.79999995 0.3355104 0.067453034 0.93961847 0.5986039 0.067121111 0.79822814 0.73993969 0.00074426061 0.67267275 0.59999979 0.00060347316 0.79999995 0.73820382 0.067858152 0.67115599 0.73993969 0.00074426061 0.67267275 0.5986039 0.067121111 0.79822814 0.27400646 0.068794429 0.95926422 0.27400646 0.068794429 0.95926422 0.3355104 0.067453034 0.93961847 0.95919484 0.069483772 0.27407542 0.95244199 0.13704091 0.27216551 0.98255032 0.1320128 0.13102432 0.76626575 0.14011742 0.6270597 0.95244199 0.13704091 0.27216551 0.95919484 0.069483772 0.27407542 0.41488937 0.13876021 0.89922881 0.3355104 0.067453034 0.93961847 0.27202857 0.13635637 0.95257932 0.3355104 0.067453034 0.93961847 0.3355104 0.067453034 0.93961847 0.41488937 0.13876021 0.89922881 0.3355104 0.067453034 0.93961847 0.27400646 0.068794429 0.95926422 0.3355104 0.067453034 0.93961847 0.27400646 0.068794429 0.95926422 0.27400646 0.068794429 0.95926422 0.3355104 0.067453034 0.93961847 0.41488937 0.13876021 0.89922881 0.5986039 0.067121111 0.79822814 0.3355104 0.067453034 0.93961847 0.41488937 0.13876021 0.89922881 0.73820382 0.067858152 0.67115599 0.5986039 0.067121111 0.79822814 0.76626575 0.14011742 0.6270597 0.73820382 0.067858152 0.67115599 0.41488937 0.13876021 0.89922881 0.76626575 0.14011742 0.6270597 0.91710418 0.066434726 0.39307302 0.73820382 0.067858152 0.67115599 0.95919484 0.069483772 0.27407542 0.91710418 0.066434726 0.39307302 0.76626575 0.14011742 0.6270597 0.95244199 0.13704091 0.27216551 0.9721747 0.13061874 0.19446108 0.98255032 0.1320128 0.13102432 0.69240993 -0.69101828 0.20751423 0.5976845 -0.33126065 0.73009557 0.61136931 -0.40669182 0.67884415 0.74034572 -0.40285918 0.53813809 0.5976845 -0.33126065 0.73009557 0.69240993 -0.69101828 0.20751423 0.69240993 -0.69101828 0.20751423 0.79358023 -0.59393877 0.1321636 0.74034572 -0.40285918 0.53813809 0.3355104 0.067453034 0.93961847 0.19433066 0.12983619 0.9723056 0.27202857 0.13635637 0.95257932 0.27400646 0.068794429 0.95926422 0.19433066 0.12983619 0.9723056 0.3355104 0.067453034 0.93961847 0.27400646 0.068794429 0.95926422 0.19611609 0.00019716566 0.98058069 0.19433066 0.12983619 0.9723056 0.19611609 0.00019716566 0.98058069 0.27400646 0.068794429 0.95926422 0.39313883 -0.065116845 0.91717046 0.19611609 0.00019716566 0.98058069 0.27400646 0.068794429 0.95926422 0.27400646 0.068794429 0.95926422 0.27400646 0.068794429 0.95926422 0.27400646 0.068794429 0.95926422 0.19611609 0.00019716566 0.98058069 0.94174141 0.00094730279 0.33633634 0.79829466 -0.065716073 0.59867102 0.87839025 0.068457335 0.47301614 0.99122745 0.00099710748 0.13216366 0.94174141 0.00094730279 0.33633634 0.98058021 0.00098638923 0.19611607 0.99122745 0.00099710748 0.13216366 0.97855723 -0.064248487 0.19569837 0.94174141 0.00094730279 0.33633634 0.99122745 0.00099710748 0.13216366 0.97855723 -0.064248487 0.19569837 0.99122745 0.00099710748 0.13216366 0.91710418 0.066434726 0.39307302 0.94174141 0.00094730279 0.33633634 0.87839025 0.068457335 0.47301614 0.95919484 0.069483772 0.27407542 0.94174141 0.00094730279 0.33633634 0.91710418 0.066434726 0.39307302 0.97842598 0.066217065 0.19569838 0.94174141 0.00094730279 0.33633634 0.95919484 0.069483772 0.27407542 0.95919484 0.069483772 0.27407542 0.9890039 0.066932954 0.13187605 0.97842598 0.066217065 0.19569838 0.97842598 0.066217065 0.19569838 0.98058021 0.00098638923 0.19611607 0.94174141 0.00094730279 0.33633634 0.95919484 0.069483772 0.27407542 0.98255032 0.1320128 0.13102432 0.9890039 0.066932954 0.13187605 0.69240993 -0.69101828 0.20751423 0.61136931 -0.40669182 0.67884415 0.7340036 -0.66592866 0.13333322 0.19611609 0.00019716566 0.98058069 0.41516769 -0.13792543 0.89922875 0.41516769 -0.13792543 0.89922875 0.7306962 -0.59661627 0.33186153 0.61136931 -0.40669182 0.67884415 0.74048102 -0.53739363 0.40360355 0.41516769 -0.13792543 0.89922875 0.538544 -0.40306222 0.73993999 0.61136931 -0.40669182 0.67884415 0.7340036 -0.66592866 0.13333322 0.7306962 -0.59661627 0.33186153 0.69240993 -0.69101828 0.20751423 0.61136931 -0.40669182 0.67884415 0.538544 -0.40306222 0.73993999 0.7340036 -0.66592866 0.13333322 0.19611609 0.00019716566 0.98058069 0.19611609 0.00019716566 0.98058069 0.27400646 0.068794429 0.95926422 0.41516769 -0.13792543 0.89922875 0.33564544 -0.066778108 0.93961847 0.27472103 0.0002762404 0.96152395 0.41516769 -0.13792543 0.89922875 0.54328001 -0.20310697 0.81461304 0.33564544 -0.066778108 0.93961847 0.61136931 -0.40669182 0.67884415 0.54328001 -0.20310697 0.81461304 0.41516769 -0.13792543 0.89922875 0.61136931 -0.40669182 0.67884415 0.66700172 -0.33266261 0.66666663 0.54328001 -0.20310697 0.81461304 0.74034572 -0.40285918 0.53813809 0.66700172 -0.33266261 0.66666663 0.61136931 -0.40669182 0.67884415 0.7340036 -0.66592866 0.13333322 0.7306962 -0.59661627 0.33186153 0.7340036 -0.66592866 0.13333322 0.75789416 -0.61882353 0.2065284 0.7306962 -0.59661627 0.33186153 0.7340036 -0.66592866 0.13333322 0.75789416 -0.61882353 0.2065284 0.78667301 -0.52330637 0.32756078 0.7306962 -0.59661627 0.33186153 0.79358023 -0.59393877 0.1321636 0.78667301 -0.52330637 0.32756078 0.75789416 -0.61882353 0.2065284 0.19611609 0.00019716566 0.98058069 0.41516769 -0.13792543 0.89922875 0.27472103 0.0002762404 0.96152395 0.19611609 0.00019716566 0.98058069 0.41516769 -0.13792543 0.89922875 0.19611609 0.00019716566 0.98058069 0.7306962 -0.59661627 0.33186153 0.74034572 -0.40285918 0.53813809 0.61136931 -0.40669182 0.67884415 0.78667301 -0.52330637 0.32756078 0.74034572 -0.40285918 0.53813809 0.7306962 -0.59661627 0.33186153 0.33564544 -0.066778108 0.93961847 0.27400646 0.068794429 0.95926422 0.27472103 0.0002762404 0.96152395 0.33564544 -0.066778108 0.93961847 0.39391914 0.00039615255 0.91914505 0.27400646 0.068794429 0.95926422 0.54328001 -0.20310697 0.81461304 0.39391914 0.00039615255 0.91914505 0.33564544 -0.066778108 0.93961847 0.54328001 -0.20310697 0.81461304 0.72551715 -0.19708449 0.65938044 0.39391914 0.00039615255 0.91914505 0.66700172 -0.33266261 0.66666663 0.72551715 -0.19708449 0.65938044 0.54328001 -0.20310697 0.81461304 0.39391914 0.00039615255 0.91914505 0.39300704 0.065907449 0.91717052 0.27400646 0.068794429 0.95926422 0.39391914 0.00039615255 0.91914505 0.59999979 0.00060347316 0.79999995 0.39300704 0.065907449 0.91717052 0.72551715 -0.19708449 0.65938044 0.59999979 0.00060347316 0.79999995 0.39391914 0.00039615255 0.91914505 0.27400646 0.068794429 0.95926422 0.39391914 0.00039615255 0.91914505 0.27400646 0.068794429 0.95926422 0.66700172 -0.33266261 0.66666663 0.74034572 -0.40285918 0.53813809 0.72551715 -0.19708449 0.65938044 0.27400646 0.068794429 0.95926422 0.27400646 0.068794429 0.95926422 0.39391914 0.00039615255 0.91914505 0.7340036 -0.66592866 0.13333322 0.65133715 -0.3899118 0.65094447 0.75789416 -0.61882353 0.2065284 0.7340036 -0.66592866 0.13333322 0.65984452 -0.46090287 0.59344232 0.7340036 -0.66592866 0.13333322 0.27400646 0.068794429 0.95926422 0.27400646 0.068794429 0.95926422 0.27400646 0.068794429 0.95926422 0.27400646 0.068794429 0.95926422 0.19433066 0.12983619 0.9723056 0.27400646 0.068794429 0.95926422 0.27472103 0.0002762404 0.96152395 0.19433066 0.12983619 0.9723056 0.19611609 0.00019716566 0.98058069 0.27400646 0.068794429 0.95926422 0.19433066 0.12983619 0.9723056 0.27472103 0.0002762404 0.96152395 0.41488937 0.13876021 0.89922881 0.27202857 0.13635637 0.95257932 0.19433066 0.12983619 0.9723056 0.85679621 0.39649034 0.32969025 0.67972904 0.68109792 0.27216557 0.79238367 0.59553415 0.13216375 0.95230508 0.27312362 0.13608274 0.95244199 0.13704091 0.27216551 0.85679621 0.39649034 0.32969025 0.67972904 0.68109792 0.27216557 0.59786779 0.79882997 0.066519067 0.79238367 0.59553415 0.13216375 0.67972904 0.68109792 0.27216557 0.46893132 0.87297499 0.13423128 0.59786779 0.79882997 0.066519067 0.39476579 0.85759211 0.32969034 0.46893132 0.87297499 0.13423128 0.67972904 0.68109792 0.27216557 0.39476579 0.85759211 0.32969034 0.46373811 0.86330718 0.19911706 0.46893132 0.87297499 0.13423128 0.27120715 0.95285261 0.13608287 0.46373811 0.86330718 0.19911706 0.39476579 0.85759211 0.32969034 0.27120715 0.95285261 0.13608287 0.1286626 0.97243547 0.19446123 0.064943068 0.98913652 0.13187622 0.39476579 0.85759211 0.32969034 0.1286626 0.97243547 0.19446123 0.27120715 0.95285261 0.13608287 0.95230508 0.27312362 0.13608274 0.98255032 0.1320128 0.13102432 0.95244199 0.13704091 0.27216551 0.85679621 0.39649034 0.32969025 0.95230508 0.27312362 0.13608274 0.95230508 0.27312362 0.13608274 0.85679621 0.39649034 0.32969025 0.91677463 0.39399549 0.065512173 0.95230508 0.27312362 0.13608274 0.79238367 0.59553415 0.13216375 0.91677463 0.39399549 0.065512173 0.85679621 0.39649034 0.32969025 0.13743827 0.89936745 0.41502878 0.1286626 0.97243547 0.19446123 0.39476579 0.85759211 0.32969034 0.98255032 0.1320128 0.13102432 0.99122745 0.00099710748 0.13216366 0.95244199 0.13704091 0.27216551 0.20486945 0.20528187 0.95702028 0.26463991 0.26517269 0.92717266 0.20486945 0.20528187 0.95702028 0.40333286 0.26947486 0.87447464 0.26463991 0.26517269 0.92717266 0.47375897 0.33911937 0.81274253 0.26397365 0.92743862 0.26490656 0.13335347 0.87263739 0.46980932 0.13335347 0.87263739 0.46980932 0.26397365 0.92743862 0.26490656 0.33698484 0.87879801 0.33786878 0.13335347 0.87263739 0.46980932 0.26397365 0.92743862 0.26490656 0.26812163 0.94201207 0.20180193 0.33698484 0.87879801 0.33786878 0.19348295 0.97250068 0.12964085 0.26812163 0.94201207 0.20180193 0.26397365 0.92743862 0.26490656 0.26397365 0.92743862 0.26490656 0.26812163 0.94201207 0.20180193 0.19348295 0.97250068 0.12964085 0.26645458 0.80205214 0.53452253 0.27016464 0.74528611 0.60955697 0.25910905 0.71478772 0.64956987 0.26645458 0.80205214 0.53452253 0.13335347 0.87263739 0.46980932 0.27016464 0.74528611 0.60955697 0.26397365 0.92743862 0.26490656 0.13335347 0.87263739 0.46980932 0.26645458 0.80205214 0.53452253 0.19715078 0.65957904 0.72531855 0.26672345 0.53479093 0.8017838 0.25910905 0.71478772 0.64956987 0.19715078 0.65957904 0.72531855 0.19864957 0.46480629 0.86284035 0.26672345 0.53479093 0.8017838 0.19715078 0.65957904 0.72531855 0.19864957 0.46480629 0.86284035 0.19715078 0.65957904 0.72531855 0.19552423 0.58854526 0.7844646 0.19864957 0.46480629 0.86284035 0.19715078 0.65957904 0.72531855 0.19552423 0.58854526 0.7844646 0.13299802 0.33346719 0.9333334 0.19864957 0.46480629 0.86284035 0.20310691 0.54327989 0.81461316 0.13299802 0.33346719 0.9333334 0.19552423 0.58854526 0.7844646 0.25910905 0.71478772 0.64956987 0.27016464 0.74528611 0.60955697 0.19715078 0.65957904 0.72531855 0.13299802 0.33346719 0.9333334 0.13299802 0.33346719 0.9333334 0.19748244 0.32988897 0.92313266 0.13299802 0.33346719 0.9333334 0.12979601 0.39069739 0.91132241 0.13299802 0.33346719 0.9333334 0.12979601 0.39069739 0.91132241 0.12979601 0.39069739 0.91132241 0.13299802 0.33346719 0.9333334 0.13299802 0.33346719 0.9333334 0.12979601 0.39069739 0.91132241 0.12979601 0.39069739 0.91132241 0.20310691 0.54327989 0.81461316 0.12979601 0.39069739 0.91132241 0.13299802 0.33346719 0.9333334 0.13299802 0.33346719 0.9333334 0.19748244 0.32988897 0.92313266 0.20153113 0.26927185 0.94174188 0.13299802 0.33346719 0.9333334 0.19748244 0.32988897 0.92313266 0.19748244 0.32988897 0.92313266 0.19748244 0.32988897 0.92313266 0.19748244 0.32988897 0.92313266 0.13299802 0.33346719 0.9333334 0.33752871 0.33820829 0.87845862 0.19864957 0.46480629 0.86284035 0.13299802 0.33346719 0.9333334 0.54766822 0.48018318 0.68518871 0.19864957 0.46480629 0.86284035 0.33752871 0.33820829 0.87845862 0.54766822 0.48018318 0.68518871 0.26672345 0.53479093 0.8017838 0.19864957 0.46480629 0.86284035 0.40662351 0.67925352 0.61095989 0.26672345 0.53479093 0.8017838 0.54766822 0.48018318 0.68518871 0.40662351 0.67925352 0.61095989 0.25910905 0.71478772 0.64956987 0.26672345 0.53479093 0.8017838 0.74474114 0.27166343 0.60955691 0.58815086 0.19670779 0.78446454 0.73319888 0.13407089 0.66666669 0.74474114 0.27166343 0.60955691 0.54766822 0.48018318 0.68518871 0.58815086 0.19670779 0.78446454 0.87811834 0.33875215 0.33786869 0.54766822 0.48018318 0.68518871 0.74474114 0.27166343 0.60955691 0.87811834 0.33875215 0.33786869 0.74440044 0.61030602 0.27091423 0.54766822 0.48018318 0.68518871 0.87202984 0.47068667 0.13423121 0.74440044 0.61030602 0.27091423 0.87811834 0.33875215 0.33786869 0.54766822 0.48018318 0.68518871 0.46440583 0.19958416 0.86284029 0.58815086 0.19670779 0.78446454 0.33752871 0.33820829 0.87845862 0.46440583 0.19958416 0.86284029 0.54766822 0.48018318 0.68518871 0.33752871 0.33820829 0.87845862 0.26886603 0.20207229 0.94174188 0.46440583 0.19958416 0.86284029 0.12944512 0.19459131 0.9723056 0.26886603 0.20207229 0.94174188 0.33752871 0.33820829 0.87845862 0.46177512 0.7934472 0.39649123 0.66592866 0.7340036 0.13333338 0.46893132 0.87297499 0.13423128 0.74440044 0.61030602 0.27091423 0.66592866 0.7340036 0.13333338 0.46177512 0.7934472 0.39649123 0.74440044 0.61030602 0.27091423 0.82950032 0.55420625 0.069171458 0.66592866 0.7340036 0.13333338 0.97829473 0.19668263 0.065232769 0.95919484 0.069483772 0.27407542 0.99551767 0.06737379 0.066372275 0.87811834 0.33875215 0.33786869 0.95919484 0.069483772 0.27407542 0.97829473 0.19668263 0.065232769 0.87811834 0.33875215 0.33786869 0.89908922 0.13924734 0.41502866 0.95919484 0.069483772 0.27407542 0.74474114 0.27166343 0.60955691 0.89908922 0.13924734 0.41502866 0.87811834 0.33875215 0.33786869 0.74474114 0.27166343 0.60955691 0.73319888 0.13407089 0.66666669 0.89908922 0.13924734 0.41502866 0.87811834 0.33875215 0.33786869 0.97829473 0.19668263 0.065232769 0.87202984 0.47068667 0.13423121 0.26397365 0.92743862 0.26490656 0.46893132 0.87297499 0.13423128 0.26812163 0.94201207 0.20180193 0.26397365 0.92743862 0.26490656 0.46177512 0.7934472 0.39649123 0.46893132 0.87297499 0.13423128 0.46177512 0.7934472 0.39649123 0.54766822 0.48018318 0.68518871 0.74440044 0.61030602 0.27091423 0.46177512 0.7934472 0.39649123 0.40662351 0.67925352 0.61095989 0.54766822 0.48018318 0.68518871 0.25910905 0.71478772 0.64956987 0.40662351 0.67925352 0.61095989 0.46177512 0.7934472 0.39649123 0.26645458 0.80205214 0.53452253 0.46177512 0.7934472 0.39649123 0.26397365 0.92743862 0.26490656 0.25910905 0.71478772 0.64956987 0.46177512 0.7934472 0.39649123 0.26645458 0.80205214 0.53452253 0.20153113 0.26927185 0.94174188 0.33752871 0.33820829 0.87845862 0.13299802 0.33346719 0.9333334 0.26886603 0.20207229 0.94174188 0.20486945 0.20528187 0.95702028 0.46440583 0.19958416 0.86284029 0.20153113 0.26927185 0.94174188 0.12944512 0.19459131 0.9723056 0.33752871 0.33820829 0.87845862 0.87202984 0.47068667 0.13423121 0.82950032 0.55420625 0.069171458 0.74440044 0.61030602 0.27091423 0.89908922 0.13924734 0.41502866 0.792849 0.13296127 0.5947367 0.95919484 0.069483772 0.27407542 0.73319888 0.13407089 0.66666669 0.792849 0.13296127 0.5947367 0.89908922 0.13924734 0.41502866 0.95244199 0.13704091 0.27216551 0.95919484 0.069483772 0.27407542 0.89908922 0.13924734 0.41502866 0.95244199 0.13704091 0.27216551 0.99122745 0.00099710748 0.13216366 0.95919484 0.069483772 0.27407542 0.27202857 0.13635637 0.95257932 0.46440583 0.19958416 0.86284029 0.20486945 0.20528187 0.95702028 0.33319911 0.13366848 0.93333334 0.46440583 0.19958416 0.86284029 0.27202857 0.13635637 0.95257932 0.46967402 0.13470364 0.87250286 0.58815086 0.19670779 0.78446454 0.46440583 0.19958416 0.86284029 0.73319888 0.13407089 0.66666669 0.58815086 0.19670779 0.78446454 0.46967402 0.13470364 0.87250286 0.99122745 0.00099710748 0.13216366 0.99551767 0.06737379 0.066372275 0.95919484 0.069483772 0.27407542 0.12944512 0.19459131 0.9723056 0.20486945 0.20528187 0.95702028 0.26886603 0.20207229 0.94174188 0.20486945 0.20528187 0.95702028 0.20486945 0.20528187 0.95702028 0.12944512 0.19459131 0.9723056 0.20486945 0.20528187 0.95702028 0.27202857 0.13635637 0.95257932 0.20486945 0.20528187 0.95702028 0.13299802 0.33346719 0.9333334 0.12944512 0.19459131 0.9723056 0.20153113 0.26927185 0.94174188 0.13299802 0.33346719 0.9333334 0.20486945 0.20528187 0.95702028 0.12944512 0.19459131 0.9723056 0.20486945 0.20528187 0.95702028 0.20486945 0.20528187 0.95702028 0.13299802 0.33346719 0.9333334 0.13299802 0.33346719 0.9333334 0.20153113 0.26927185 0.94174188 0.20486945 0.20528187 0.95702028 0.20153113 0.26927185 0.94174188 0.20153113 0.26927185 0.94174188 0.13299802 0.33346719 0.9333334 0.65055138 0.39122128 0.65094453 0.69638222 0.34906712 0.6270597 0.47375897 0.33911937 0.81274253 0.76598543 0.41881049 0.4877131 0.69638222 0.34906712 0.6270597 0.65055138 0.39122128 0.65094453 0.76598543 0.41881049 0.4877131 0.92280054 0.33061868 0.19781412 0.69638222 0.34906712 0.6270597 0.86237252 0.46547404 0.19911699 0.92280054 0.33061868 0.19781412 0.76598543 0.41881049 0.4877131 0.86237252 0.46547404 0.19911699 0.89881086 0.41593304 0.13834289 0.92280054 0.33061868 0.19781412 0.26886603 0.20207229 0.94174188 0.40333286 0.26947486 0.87447464 0.26886603 0.20207229 0.94174188 0.20486945 0.20528187 0.95702028 0.40333286 0.26947486 0.87447464 0.26886603 0.20207229 0.94174188 0.20486945 0.20528187 0.95702028 0.26463991 0.26517269 0.92717266 0.40333286 0.26947486 0.87447464 0.40333286 0.26947486 0.87447464 0.47375897 0.33911937 0.81274253 0.69638222 0.34906712 0.6270597 0.73319888 0.13407089 0.66666669 0.62691927 0.13997723 0.7664063 0.792849 0.13296127 0.5947367 0.46967402 0.13470364 0.87250286 0.62691927 0.13997723 0.7664063 0.73319888 0.13407089 0.66666669 0.89908922 0.13924734 0.41502866 0.95919484 0.069483772 0.27407542 0.792849 0.13296127 0.5947367 0.33319911 0.13366848 0.93333334 0.46967402 0.13470364 0.87250286 0.46440583 0.19958416 0.86284029 0.26886603 0.20207229 0.94174188 0.27202857 0.13635637 0.95257932 0.20486945 0.20528187 0.95702028 0.26886603 0.20207229 0.94174188 0.33319911 0.13366848 0.93333334 0.27202857 0.13635637 0.95257932 0.26886603 0.20207229 0.94174188 0.33319911 0.13366848 0.93333334 0.26886603 0.20207229 0.94174188 0.27400646 0.068794429 0.95926422 0.46967402 0.13470364 0.87250286 0.27202857 0.13635637 0.95257932 0.59999979 0.00060347316 0.79999995 0.7682209 0.00077271392 0.64018434 0.54930383 0.13791309 0.82416338 0.87263745 -0.1333535 0.46980917 0.88047069 0.00088565116 0.47409976 0.7682209 0.00077271392 0.64018434 0.9593327 -0.0675539 0.27407542 0.88047069 0.00088565116 0.47409976 0.87263745 -0.1333535 0.46980917 0.9593327 -0.0675539 0.27407542 0.9572261 -0.20411299 0.20507571 0.98281395 -0.13003579 0.13102429 0.9593327 -0.0675539 0.27407542 0.94194442 -0.20085442 0.26906902 0.9572261 -0.20411299 0.20507571 0.9593327 -0.0675539 0.27407542 0.87263745 -0.1333535 0.46980917 0.94194442 -0.20085442 0.26906902 0.98281395 -0.13003579 0.13102429 0.97855723 -0.064248487 0.19569837 0.9593327 -0.0675539 0.27407542 0.40333286 0.26947486 0.87447464 0.26886603 0.20207229 0.94174188 0.26886603 0.20207229 0.94174188 0.40333286 0.26947486 0.87447464 0.26866302 0.40387404 0.8744747 0.26886603 0.20207229 0.94174188 0.53773201 0.40414473 0.73994005 0.26866302 0.40387404 0.8744747 0.40333286 0.26947486 0.87447464 0.53773201 0.40414473 0.73994005 0.34766549 0.697083 0.62705976 0.26866302 0.40387404 0.8744747 0.40742677 0.81690681 0.40824836 0.34766549 0.697083 0.62705976 0.53773201 0.40414473 0.73994005 0.40742677 0.81690681 0.40824836 0.13653146 0.82430106 0.54944235 0.34766549 0.697083 0.62705976 0.20085441 0.94194436 0.26906919 0.13653146 0.82430106 0.54944235 0.40742677 0.81690681 0.40824836 0.20085441 0.94194436 0.26906919 0.067553885 0.95933264 0.2740756 0.13653146 0.82430106 0.54944235 0.75706315 0.20729011 0.61958557 0.54930383 0.13791309 0.82416338 0.7682209 0.00077271392 0.64018434 0.75706315 0.20729011 0.61958557 0.53773201 0.40414473 0.73994005 0.54930383 0.13791309 0.82416338 0.87420356 0.2699486 0.40360364 0.53773201 0.40414473 0.73994005 0.75706315 0.20729011 0.61958557 0.87420356 0.2699486 0.40360364 0.72949439 0.59808505 0.33186167 0.53773201 0.40414473 0.73994005 0.94147074 0.27001628 0.20180181 0.72949439 0.59808505 0.33186167 0.87420356 0.2699486 0.40360364 0.53773201 0.40414473 0.73994005 0.46967402 0.13470364 0.87250286 0.54930383 0.13791309 0.82416338 0.40333286 0.26947486 0.87447464 0.46967402 0.13470364 0.87250286 0.53773201 0.40414473 0.73994005 0.40333286 0.26947486 0.87447464 0.26886603 0.20207229 0.94174188 0.46967402 0.13470364 0.87250286 0.20085441 0.94194436 0.26906919 0.19471402 0.97868842 0.06523291 0.13003577 0.98281395 0.13102446 0.20085441 0.94194436 0.26906919 0.27120715 0.95285261 0.13608287 0.19471402 0.97868842 0.06523291 0.40742677 0.81690681 0.40824836 0.27120715 0.95285261 0.13608287 0.20085441 0.94194436 0.26906919 0.40742677 0.81690681 0.40824836 0.46893132 0.87297499 0.13423128 0.27120715 0.95285261 0.13608287 0.72949439 0.59808505 0.33186167 0.46893132 0.87297499 0.13423128 0.40742677 0.81690681 0.40824836 0.72949439 0.59808505 0.33186167 0.73266238 0.66740406 0.13333337 0.46893132 0.87297499 0.13423128 0.9890039 0.066932954 0.13187605 0.9593327 -0.0675539 0.27407542 0.97855723 -0.064248487 0.19569837 0.94147074 0.27001628 0.20180181 0.9593327 -0.0675539 0.27407542 0.9890039 0.066932954 0.13187605 0.94147074 0.27001628 0.20180181 0.87420356 0.2699486 0.40360364 0.9593327 -0.0675539 0.27407542 0.26866302 0.40387404 0.8744747 0.20310691 0.54327989 0.81461316 0.12979601 0.39069739 0.91132241 0.34766549 0.697083 0.62705976 0.20310691 0.54327989 0.81461316 0.26866302 0.40387404 0.8744747 0.34766549 0.697083 0.62705976 0.1385756 0.76654601 0.62705976 0.20310691 0.54327989 0.81461316 0.88047069 0.00088565116 0.47409976 0.75706315 0.20729011 0.61958557 0.7682209 0.00077271392 0.64018434 0.88047069 0.00088565116 0.47409976 0.87420356 0.2699486 0.40360364 0.75706315 0.20729011 0.61958557 0.9593327 -0.0675539 0.27407542 0.87420356 0.2699486 0.40360364 0.88047069 0.00088565116 0.47409976 0.94147074 0.27001628 0.20180181 0.73266238 0.66740406 0.13333337 0.72949439 0.59808505 0.33186167 0.53773201 0.40414473 0.73994005 0.72949439 0.59808505 0.33186167 0.40742677 0.81690681 0.40824836 0.13653146 0.82430106 0.54944235 0.1385756 0.76654601 0.62705976 0.34766549 0.697083 0.62705976 0.13003577 0.98281395 0.13102446 0.067553885 0.95933264 0.2740756 0.20085441 0.94194436 0.26906919 0.26866302 0.40387404 0.8744747 0.20153113 0.26927185 0.94174188 0.26886603 0.20207229 0.94174188 0.12979601 0.39069739 0.91132241 0.20153113 0.26927185 0.94174188 0.26866302 0.40387404 0.8744747 0.40994513 0.20548816 0.88866168 0.46967402 0.13470364 0.87250286 0.26886603 0.20207229 0.94174188 0.40994513 0.20548816 0.88866168 0.27202857 0.13635637 0.95257932 0.46967402 0.13470364 0.87250286 0.1286626 0.97243547 0.19446123 0.067553885 0.95933264 0.2740756 -0.00099711539 0.99122739 0.13216384 0.13743827 0.89936745 0.41502878 0.13653146 0.82430106 0.54944235 0.067553885 0.95933264 0.2740756 0.067553885 0.95933264 0.2740756 0.13003577 0.98281395 0.13102446 -0.00099711539 0.99122739 0.13216384 0.40994513 0.20548816 0.88866168 0.26886603 0.20207229 0.94174188 0.27202857 0.13635637 0.95257932 0.20153113 0.26927185 0.94174188 0.26886603 0.20207229 0.94174188 0.26886603 0.20207229 0.94174188 0.39300704 0.065907449 0.91717052 0.46967402 0.13470364 0.87250286 0.27400646 0.068794429 0.95926422 0.39300704 0.065907449 0.91717052 0.54930383 0.13791309 0.82416338 0.46967402 0.13470364 0.87250286 0.59999979 0.00060347316 0.79999995 0.54930383 0.13791309 0.82416338 0.39300704 0.065907449 0.91717052 0.73833883 -0.066372991 0.67115599 0.7682209 0.00077271392 0.64018434 0.59999979 0.00060347316 0.79999995 0.87263745 -0.1333535 0.46980917 0.7682209 0.00077271392 0.64018434 0.73833883 -0.066372991 0.67115599 0.27400646 0.068794429 0.95926422 0.39300704 0.065907449 0.91717052 0.27400646 0.068794429 0.95926422 0.27400646 0.068794429 0.95926422 0.27400646 0.068794429 0.95926422 0.39300704 0.065907449 0.91717052 0.1286626 0.97243547 0.19446123 -0.00099711539 0.99122739 0.13216384 0.064943068 0.98913652 0.13187622 0.13743827 0.89936745 0.41502878 0.067553885 0.95933264 0.2740756 0.1286626 0.97243547 0.19446123 0.1385756 0.76654601 0.62705976 0.13653146 0.82430106 0.54944235 0.13743827 0.89936745 0.41502878 0.1385756 0.76654601 0.62705976 0.1385756 0.76654601 0.62705976 0.13653146 0.82430106 0.54944235 0.20590518 0.61979294 0.75727129 0.1385756 0.76654601 0.62705976 0.1385756 0.76654601 0.62705976 0.20590518 0.61979294 0.75727129 0.20310691 0.54327989 0.81461316 0.1385756 0.76654601 0.62705976 0.19285816 0.38668808 0.90181935 0.20310691 0.54327989 0.81461316 0.20590518 0.61979294 0.75727129 0.19285816 0.38668808 0.90181935 0.12979601 0.39069739 0.91132241 0.20310691 0.54327989 0.81461316 0.19285816 0.38668808 0.90181935 0.13580897 0.27230218 0.95257932 0.12979601 0.39069739 0.91132241 0.13580897 0.27230218 0.95257932 0.20153113 0.26927185 0.94174188 0.12979601 0.39069739 0.91132241 0.27400646 0.068794429 0.95926422 0.12944512 0.19459131 0.9723056 0.27400646 0.068794429 0.95926422 0.27400646 0.068794429 0.95926422 0.13580897 0.27230218 0.95257932 0.12944512 0.19459131 0.9723056 0.27202857 0.13635637 0.95257932 0.13580897 0.27230218 0.95257932 0.27400646 0.068794429 0.95926422 0.27202857 0.13635637 0.95257932 0.26886603 0.20207229 0.94174188 0.13580897 0.27230218 0.95257932 0.13580897 0.27230218 0.95257932 0.26886603 0.20207229 0.94174188 0.20153113 0.26927185 0.94174188 0.76626575 0.14011742 0.6270597 0.89680713 0.27692845 0.34503275 0.95244199 0.13704091 0.27216551 0.74474114 0.27166343 0.60955691 0.89680713 0.27692845 0.34503275 0.76626575 0.14011742 0.6270597 0.74474114 0.27166343 0.60955691 0.69638222 0.34906712 0.6270597 0.89680713 0.27692845 0.34503275 0.40994513 0.20548816 0.88866168 0.69638222 0.34906712 0.6270597 0.74474114 0.27166343 0.60955691 0.26886603 0.20207229 0.94174188 0.40333286 0.26947486 0.87447464 0.40994513 0.20548816 0.88866168 0.40994513 0.20548816 0.88866168 0.19433066 0.12983619 0.9723056 0.26886603 0.20207229 0.94174188 0.40994513 0.20548816 0.88866168 0.19433066 0.12983619 0.9723056 0.19433066 0.12983619 0.9723056 0.41488937 0.13876021 0.89922881 0.19433066 0.12983619 0.9723056 0.40994513 0.20548816 0.88866168 0.41488937 0.13876021 0.89922881 0.13089254 0.13115598 0.98268265 0.19433066 0.12983619 0.9723056 0.19433066 0.12983619 0.9723056 0.13089254 0.13115598 0.98268265 0.41488937 0.13876021 0.89922881 0.95244199 0.13704091 0.27216551 0.97829473 0.19668263 0.065232769 0.9721747 0.13061874 0.19446108 0.95244199 0.13704091 0.27216551 0.97829473 0.19668263 0.065232769 0.97829473 0.19668263 0.065232769 0.89680713 0.27692845 0.34503275 0.97829473 0.19668263 0.065232769 0.95244199 0.13704091 0.27216551 0.89680713 0.27692845 0.34503275 0.95230508 0.27312362 0.13608274 0.97829473 0.19668263 0.065232769 0.93928045 0.33652306 0.06711559 0.95230508 0.27312362 0.13608274 0.89680713 0.27692845 0.34503275 0.9721747 0.13061874 0.19446108 0.9721747 0.13061874 0.19446108 0.95244199 0.13704091 0.27216551 0.92280054 0.33061868 0.19781412 0.93928045 0.33652306 0.06711559 0.89680713 0.27692845 0.34503275 0.26886603 0.20207229 0.94174188 0.26886603 0.20207229 0.94174188 0.40994513 0.20548816 0.88866168 0.40994513 0.20548816 0.88866168 0.76626575 0.14011742 0.6270597 0.41488937 0.13876021 0.89922881 0.74474114 0.27166343 0.60955691 0.76626575 0.14011742 0.6270597 0.40994513 0.20548816 0.88866168 0.55281466 0.55392784 0.6225431 0.67972904 0.68109792 0.27216557 0.85679621 0.39649034 0.32969025 0.55281466 0.55392784 0.6225431 0.39476579 0.85759211 0.32969034 0.67972904 0.68109792 0.27216557 0.34766549 0.697083 0.62705976 0.39476579 0.85759211 0.32969034 0.55281466 0.55392784 0.6225431 0.34766549 0.697083 0.62705976 0.13743827 0.89936745 0.41502878 0.39476579 0.85759211 0.32969034 0.1385756 0.76654601 0.62705976 0.13743827 0.89936745 0.41502878 0.34766549 0.697083 0.62705976 0.80151451 0.2680676 0.53452247 0.89908922 0.13924734 0.41502866 0.792849 0.13296127 0.5947367 0.80151451 0.2680676 0.53452247 0.95244199 0.13704091 0.27216551 0.89908922 0.13924734 0.41502866 0.85679621 0.39649034 0.32969025 0.95244199 0.13704091 0.27216551 0.80151451 0.2680676 0.53452247 0.34766549 0.697083 0.62705976 0.20590518 0.61979294 0.75727129 0.1385756 0.76654601 0.62705976 0.26866302 0.40387404 0.8744747 0.20590518 0.61979294 0.75727129 0.34766549 0.697083 0.62705976 0.26866302 0.40387404 0.8744747 0.19285816 0.38668808 0.90181935 0.20590518 0.61979294 0.75727129 0.46967402 0.13470364 0.87250286 0.48392159 0.27717263 0.83005738 0.62691927 0.13997723 0.7664063 0.46967402 0.13470364 0.87250286 0.19433066 0.12983619 0.9723056 0.48392159 0.27717263 0.83005738 0.32949114 0.19814558 0.92313266 0.19433066 0.12983619 0.9723056 0.46967402 0.13470364 0.87250286 0.48392159 0.27717263 0.83005738 0.792849 0.13296127 0.5947367 0.62691927 0.13997723 0.7664063 0.48392159 0.27717263 0.83005738 0.80151451 0.2680676 0.53452247 0.792849 0.13296127 0.5947367 0.55281466 0.55392784 0.6225431 0.80151451 0.2680676 0.53452247 0.48392159 0.27717263 0.83005738 0.55281466 0.55392784 0.6225431 0.26866302 0.40387404 0.8744747 0.34766549 0.697083 0.62705976 0.55281466 0.55392784 0.6225431 0.33752871 0.33820829 0.87845862 0.26866302 0.40387404 0.8744747 0.48392159 0.27717263 0.83005738 0.33752871 0.33820829 0.87845862 0.55281466 0.55392784 0.6225431 0.48392159 0.27717263 0.83005738 0.20486945 0.20528187 0.95702028 0.33752871 0.33820829 0.87845862 0.19433066 0.12983619 0.9723056 0.20486945 0.20528187 0.95702028 0.48392159 0.27717263 0.83005738 0.26866302 0.40387404 0.8744747 0.12944512 0.19459131 0.9723056 0.20153113 0.26927185 0.94174188 0.26866302 0.40387404 0.8744747 0.20486945 0.20528187 0.95702028 0.12944512 0.19459131 0.9723056 0.33752871 0.33820829 0.87845862 0.20486945 0.20528187 0.95702028 0.26866302 0.40387404 0.8744747 0.33752871 0.33820829 0.87845862 0.20486945 0.20528187 0.95702028 0.20486945 0.20528187 0.95702028 0.20486945 0.20528187 0.95702028 0.20486945 0.20528187 0.95702028 0.33752871 0.33820829 0.87845862 0.20153113 0.26927185 0.94174188 0.19285816 0.38668808 0.90181935 0.26866302 0.40387404 0.8744747 0.12944512 0.19459131 0.9723056 0.19285816 0.38668808 0.90181935 0.20153113 0.26927185 0.94174188 0.19433066 0.12983619 0.9723056 0.19433066 0.12983619 0.9723056 0.48392159 0.27717263 0.83005738 0.85679621 0.39649034 0.32969025 0.80151451 0.2680676 0.53452247 0.55281466 0.55392784 0.6225431 0.32949114 0.19814558 0.92313266 0.46967402 0.13470364 0.87250286 0.33319911 0.13366848 0.93333334 -0.99999952 -0.0010059475 5.9454738e-08 -0.99122739 -0.00099713891 0.13216378 -0.97829473 -0.19668265 0.065232843 -0.92280054 -0.33061874 0.19781415 -0.87798232 -0.47389963 0.067573734 -0.97829473 -0.19668265 0.065232843 0.95230508 0.27312362 0.13608274 0.95898801 0.2750403 0.068518847 0.97829473 0.19668263 0.065232769 0.93928045 0.33652306 0.06711559 0.92690575 0.26583898 0.26490644 0.95230508 0.27312362 0.13608274 0.26886603 0.20207229 0.94174188 0.32949114 0.19814558 0.92313266 0.33319911 0.13366848 0.93333334 0.26886603 0.20207229 0.94174188 0.32949114 0.19814558 0.92313266 0.26886603 0.20207229 0.94174188 0.26886603 0.20207229 0.94174188 0.19433066 0.12983619 0.9723056 0.32949114 0.19814558 0.92313266 0.19433066 0.12983619 0.9723056 0.19433066 0.12983619 0.9723056 0.26886603 0.20207229 0.94174188 0.19433066 0.12983619 0.9723056 0.19433066 0.12983619 0.9723056 0.19433066 0.12983619 0.9723056 0.19433066 0.12983619 0.9723056 0.19433066 0.12983619 0.9723056 0.19433066 0.12983619 0.9723056 0.19433066 0.12983619 0.9723056 0.20486945 0.20528187 0.95702028 0.19433066 0.12983619 0.9723056 0.20486945 0.20528187 0.95702028 0.20486945 0.20528187 0.95702028 0.19433066 0.12983619 0.9723056 0.13089254 0.13115598 0.98268265 0.20486945 0.20528187 0.95702028 0.19433066 0.12983619 0.9723056 0.13089254 0.13115598 0.98268265 0.20486945 0.20528187 0.95702028 0.20486945 0.20528187 0.95702028 0.12944512 0.19459131 0.9723056 0.20486945 0.20528187 0.95702028 0.13089254 0.13115598 0.98268265 0.19433066 0.12983619 0.9723056 0.13089254 0.13115598 0.98268265 0.19433066 0.12983619 0.9723056 0.19433066 0.12983619 0.9723056 0.12944512 0.19459131 0.9723056 0.13089254 0.13115598 0.98268265 0.20153113 0.26927185 0.94174188 0.12944512 0.19459131 0.9723056 0.19433066 0.12983619 0.9723056 0.19433066 0.12983619 0.9723056 0.19433066 0.12983619 0.9723056 0.27202857 0.13635637 0.95257932 0.12944512 0.19459131 0.9723056 0.20153113 0.26927185 0.94174188 0.19433066 0.12983619 0.9723056 -0.92280054 -0.33061874 0.19781415 -0.97829473 -0.19668265 0.065232843 -0.96124709 -0.27568823 2.4409635e-08 0.97829473 0.19668263 0.065232769 0.94147074 0.27001628 0.20180181 0.97829473 0.19668263 0.065232769 0.40994513 0.20548816 0.88866168 0.40333286 0.26947486 0.87447464 0.69638222 0.34906712 0.6270597 0.92280054 0.33061868 0.19781412 0.89680713 0.27692845 0.34503275 0.69638222 0.34906712 0.6270597 0.93299758 0.33427206 0.13333333 0.93928045 0.33652306 0.06711559 0.92280054 0.33061868 0.19781412 0.92280054 0.33061868 0.19781412 0.88824868 0.41104528 0.20507579 0.93299758 0.33427206 0.13333333 0.89881086 0.41593304 0.13834289 0.88824868 0.41104528 0.20507579 0.92280054 0.33061868 0.19781412 0.93299758 0.33427206 0.13333333 0.8740682 0.40448311 0.26906911 0.93928045 0.33652306 0.06711559 0.93299758 0.33427206 0.13333333 0.93928045 0.33652306 0.06711559 0.8740682 0.40448311 0.26906911 0.88824868 0.41104528 0.20507579 0.93928045 0.33652306 0.06711559 0.93299758 0.33427206 0.13333333 0.88824868 0.41104528 0.20507579 0.89881086 0.41593304 0.13834289 0.93928045 0.33652306 0.06711559 0.89881086 0.41593304 0.13834289 0.89881086 0.41593304 0.13834289 0.88824868 0.41104528 0.20507579 0.89881086 0.41593304 0.13834289 0.87798238 0.4738996 0.067573749 0.89881086 0.41593304 0.13834289 0.26463991 0.26517269 0.92717266 0.47375897 0.33911937 0.81274253 0.39529648 0.33008796 0.8571946 0.82956988 0.48503482 0.27668577 0.87811834 0.33875215 0.33786869 0.89881086 0.41593304 0.13834289 0.74283493 0.47376361 0.47301617 0.67843419 0.40798914 0.61095983 0.87811834 0.33875215 0.33786869 -0.91677463 -0.39399552 0.065512188 -0.87798232 -0.47389963 0.067573734 -0.92280054 -0.33061874 0.19781415 0.93928045 0.33652306 0.06711559 0.8740682 0.40448311 0.26906911 0.92690575 0.26583898 0.26490644 0.12944512 0.19459131 0.9723056 0.13580897 0.27230218 0.95257932 0.19285816 0.38668808 0.90181935 0.27400646 0.068794429 0.95926422 0.19433066 0.12983619 0.9723056 0.27400646 0.068794429 0.95926422 0.27400646 0.068794429 0.95926422 0.12944512 0.19459131 0.9723056 0.19433066 0.12983619 0.9723056 0.87811834 0.33875215 0.33786869 0.93928045 0.33652306 0.06711559 0.89881086 0.41593304 0.13834289 -0.60928404 -0.27152732 0.74501401 -0.81226516 -0.4749172 0.33864272 -0.62691915 -0.13997741 0.7664063 -0.60928404 -0.27152732 0.74501401 -0.67822927 -0.61164242 0.40730652 -0.81226516 -0.4749172 0.33864272 -0.48729229 -0.41853029 0.7664063 -0.67822927 -0.61164242 0.40730652 -0.60928404 -0.27152732 0.74501401 -0.48729229 -0.41853029 0.7664063 -0.55128855 -0.7596271 0.34503272 -0.67822927 -0.61164242 0.40730652 -0.41754892 -0.48813346 0.76640624 -0.55128855 -0.7596271 0.34503272 -0.48729229 -0.41853029 0.7664063 -0.81226516 -0.4749172 0.33864272 -0.87798232 -0.47389963 0.067573734 -0.92690569 -0.26583904 0.2649065 -0.81226516 -0.4749172 0.33864272 -0.87202978 -0.4706867 0.13423121 -0.87798232 -0.47389963 0.067573734 -0.82361025 -0.55027103 0.13736054 -0.87202978 -0.4706867 0.13423121 -0.81226516 -0.4749172 0.33864272 -0.81226516 -0.4749172 0.33864272 -0.73266232 -0.66740406 0.13333331 -0.82361025 -0.55027103 0.13736054 -0.67822927 -0.61164242 0.40730652 -0.73266232 -0.66740406 0.13333331 -0.81226516 -0.4749172 0.33864272 -0.13180964 -0.066070795 0.98907071 0.065035969 0.19576383 0.97849208 0.065035969 0.19576383 0.97849208 -0.13180964 -0.066070795 0.98907071 0.065035969 0.19576383 0.97849208 0.065035969 0.19576383 0.97849208 -0.19611597 -0.00019739939 0.98058069 0.065035969 0.19576383 0.97849208 -0.13180964 -0.066070795 0.98907071 -0.19611597 -0.00019739939 0.98058069 0.065035969 0.19576383 0.97849208 0.065035969 0.19576383 0.97849208 0.065035969 0.19576383 0.97849208 0.065035969 0.19576383 0.97849208 -0.19611597 -0.00019739939 0.98058069 -0.41754892 -0.48813346 0.76640624 -0.13180964 -0.066070795 0.98907071 -0.26672336 -0.53479117 0.80178368 -0.13180964 -0.066070795 0.98907071 -0.13180964 -0.066070795 0.98907071 -0.41754892 -0.48813346 0.76640624 -0.13180964 -0.066070795 0.98907071 0.065035969 0.19576383 0.97849208 -0.13180964 -0.066070795 0.98907071 0.065035969 0.19576383 0.97849208 0.065035969 0.19576383 0.97849208 -0.13180964 -0.066070795 0.98907071 -0.00019722412 0.19611591 0.98058069 -0.065805294 -0.13194248 0.98907071 0.065035969 0.19576383 0.97849208 -0.13180964 -0.066070795 0.98907071 -0.065805294 -0.13194248 0.98907071 -0.26672336 -0.53479117 0.80178368 -0.13180964 -0.066070795 0.98907071 0.065035969 0.19576383 0.97849208 -0.065805294 -0.13194248 0.98907071 0.065035969 0.19576383 0.97849208 0.065035969 0.19576383 0.97849208 -0.13180964 -0.066070795 0.98907071 -0.13180964 -0.066070795 0.98907071 0.065035969 0.19576383 0.97849208 0.065035969 0.19576383 0.97849208 0.065035969 0.19576383 0.97849208 0.065035969 0.19576383 0.97849208 -0.13180964 -0.066070795 0.98907071 -0.19611597 -0.00019739939 0.98058069 -0.60928404 -0.27152732 0.74501401 -0.19576389 0.065035798 0.97849208 -0.19611597 -0.00019739939 0.98058069 -0.48729229 -0.41853029 0.7664063 -0.60928404 -0.27152732 0.74501401 -0.13180964 -0.066070795 0.98907071 -0.48729229 -0.41853029 0.7664063 -0.19611597 -0.00019739939 0.98058069 -0.41754892 -0.48813346 0.76640624 -0.48729229 -0.41853029 0.7664063 -0.13180964 -0.066070795 0.98907071 0.065035969 0.19576383 0.97849208 0.12944512 0.19459131 0.9723056 0.065035969 0.19576383 0.97849208 0.065035969 0.19576383 0.97849208 0.065035969 0.19576383 0.97849208 0.20153113 0.26927185 0.94174188 0.065035969 0.19576383 0.97849208 0.065035969 0.19576383 0.97849208 0.20153113 0.26927185 0.94174188 0.20153113 0.26927185 0.94174188 0.26463991 0.26517269 0.92717266 0.065035969 0.19576383 0.97849208 0.26463991 0.26517269 0.92717266 0.065035969 0.19576383 0.97849208 0.065035969 0.19576383 0.97849208 0.19748244 0.32988897 0.92313266 0.065035969 0.19576383 0.97849208 0.065035969 0.19576383 0.97849208 0.79999965 0.00080468645 0.59999996 0.47294801 0.068049431 0.87845862 0.47409964 0.00047681457 0.88047111 0.79816085 0.067321874 0.59867102 0.47294801 0.068049431 0.87845862 0.79999965 0.00080468645 0.59999996 0.79816085 0.067321874 0.59867102 0.62691927 0.13997723 0.7664063 0.47294801 0.068049431 0.87845862 0.79816085 0.067321874 0.59867102 0.62691927 0.13997723 0.7664063 0.79816085 0.067321874 0.59867102 0.94174141 0.00094730279 0.33633634 0.99778467 0.0010037115 0.066518947 0.99122745 0.00099710748 0.13216366 0.96152347 0.00096720981 0.27472106 0.99778467 0.0010037115 0.066518947 0.94174141 0.00094730279 0.33633634 0.47409964 0.00047681457 0.88047111 0.27472103 0.0002762404 0.96152395 0.19611609 0.00019716566 0.98058069 0.47409964 0.00047681457 0.88047111 0.33633628 0.00033822452 0.94174188 0.27472103 0.0002762404 0.96152395 0.47294801 0.068049431 0.87845862 0.33633628 0.00033822452 0.94174188 0.47409964 0.00047681457 0.88047111 0.47294801 0.068049431 0.87845862 0.27472103 0.0002762404 0.96152395 0.33633628 0.00033822452 0.94174188 0.27400646 0.068794429 0.95926422 0.27472103 0.0002762404 0.96152395 0.47294801 0.068049431 0.87845862 0.19563277 0.065429516 0.97849208 0.46967402 0.13470364 0.87250286 0.13180976 0.066070557 0.98907071 0.19563277 0.065429516 0.97849208 0.47294801 0.068049431 0.87845862 0.46967402 0.13470364 0.87250286 0.27400646 0.068794429 0.95926422 0.47294801 0.068049431 0.87845862 0.19563277 0.065429516 0.97849208 0.93955052 0.068060741 0.33557796 0.94174141 0.00094730279 0.33633634 0.9890039 0.066932954 0.13187605 0.87839025 0.068457335 0.47301614 0.94174141 0.00094730279 0.33633634 0.93955052 0.068060741 0.33557796 0.87839025 0.068457335 0.47301614 0.79816085 0.067321874 0.59867102 0.94174141 0.00094730279 0.33633634 0.79816085 0.067321874 0.59867102 0.79816085 0.067321874 0.59867102 0.87839025 0.068457335 0.47301614 0.94174141 0.00094730279 0.33633634 0.79999965 0.00080468645 0.59999996 0.96152347 0.00096720981 0.27472106 0.79816085 0.067321874 0.59867102 0.79999965 0.00080468645 0.59999996 0.94174141 0.00094730279 0.33633634 0.94174141 0.00094730279 0.33633634 0.99122745 0.00099710748 0.13216366 0.9890039 0.066932954 0.13187605 0.99122745 0.00099710748 0.13216366 0.99122745 0.00099710748 0.13216366 0.94174141 0.00094730279 0.33633634 0.62691927 0.13997723 0.7664063 0.46967402 0.13470364 0.87250286 0.47294801 0.068049431 0.87845862 0.54287028 0.20419937 0.8146131 0.62691927 0.13997723 0.7664063 0.76626575 0.14011742 0.6270597 0.46967402 0.13470364 0.87250286 0.62691927 0.13997723 0.7664063 0.54287028 0.20419937 0.8146131 0.79816085 0.067321874 0.59867102 0.76626575 0.14011742 0.6270597 0.62691927 0.13997723 0.7664063 0.87839025 0.068457335 0.47301614 0.76626575 0.14011742 0.6270597 0.79816085 0.067321874 0.59867102 0.87839025 0.068457335 0.47301614 0.88845497 0.20596959 0.41015154 0.76626575 0.14011742 0.6270597 0.93955052 0.068060741 0.33557796 0.88845497 0.20596959 0.41015154 0.87839025 0.068457335 0.47301614 0.93955052 0.068060741 0.33557796 0.97842598 0.066217065 0.19569838 0.88845497 0.20596959 0.41015154 0.9890039 0.066932954 0.13187605 0.97842598 0.066217065 0.19569838 0.93955052 0.068060741 0.33557796 0.19433066 0.12983619 0.9723056 0.54287028 0.20419937 0.8146131 0.19433066 0.12983619 0.9723056 0.19433066 0.12983619 0.9723056 0.46967402 0.13470364 0.87250286 0.54287028 0.20419937 0.8146131 0.13180976 0.066070557 0.98907071 0.46967402 0.13470364 0.87250286 0.19433066 0.12983619 0.9723056 0.98893756 0.13287097 0.065938003 0.98255032 0.1320128 0.13102432 0.88845497 0.20596959 0.41015154 0.97842598 0.066217065 0.19569838 0.98893756 0.13287097 0.065938003 0.88845497 0.20596959 0.41015154 -0.91723591 0.064589478 0.39307314 -0.67122316 0.066440336 0.73827171 -0.91914457 -0.00092465855 0.39391935 -0.91723591 0.064589478 0.39307314 -0.67122316 0.066440336 0.73827171 -0.67122316 0.066440336 0.73827171 -0.94174141 -0.00094738294 0.33633646 -0.67122316 0.066440336 0.73827171 -0.91723591 0.064589478 0.39307314 -0.94174141 -0.00094738294 0.33633646 -0.67267245 -0.00067676167 0.73994011 -0.67122316 0.066440336 0.73827171 -0.94174141 -0.00094738294 0.33633646 -0.67267245 -0.00067676167 0.73994011 -0.94174141 -0.00094738294 0.33633646 -0.94174141 -0.00094738294 0.33633646 -0.67267245 -0.00067676167 0.73994011 -0.67267245 -0.00067676167 0.73994011 -0.94174141 -0.00094738294 0.33633646 -0.67267245 -0.00067676167 0.73994011 -0.94174141 -0.00094738294 0.33633646 -0.19576389 0.065035798 0.97849208 0.19563277 0.065429516 0.97849208 0.13180976 0.066070557 0.98907071 -0.19576389 0.065035798 0.97849208 -6.685518e-05 0.066518858 0.99778515 0.19563277 0.065429516 0.97849208 -0.19611597 -0.00019739939 0.98058069 -6.685518e-05 0.066518858 0.99778515 -0.19576389 0.065035798 0.97849208 -0.19611597 -0.00019739939 0.98058069 0.066519029 6.6795714e-05 0.99778515 -6.685518e-05 0.066518858 0.99778515 0.19611609 0.00019716566 0.98058069 0.066519029 6.6795714e-05 0.99778515 -0.19611597 -0.00019739939 0.98058069 -0.94174141 -0.00094738294 0.33633646 -0.99122739 -0.00099713891 0.13216378 -0.99122739 -0.00099713891 0.13216378 -0.94174141 -0.00094738294 0.33633646 -0.99122739 -0.00099713891 0.13216378 -0.99122739 -0.00099713891 0.13216378 -0.94174141 -0.00094738294 0.33633646 -0.99122739 -0.00099713891 0.13216378 -0.94174141 -0.00094738294 0.33633646 -0.94174141 -0.00094738294 0.33633646 -0.99778461 -0.0010037273 0.066519067 -0.99122739 -0.00099713891 0.13216378 -0.94174141 -0.00094738294 0.33633646 -0.99778461 -0.0010037273 0.066519067 -0.94174141 -0.00094738294 0.33633646 -0.94174141 -0.00094738294 0.33633646 -0.98058015 -0.00098643603 0.19611619 -0.99778461 -0.0010037273 0.066519067 -0.99122739 -0.00099713891 0.13216378 -0.98058015 -0.00098643603 0.19611619 -0.94174141 -0.00094738294 0.33633646 -0.91723591 0.064589478 0.39307314 -0.99122739 -0.00099713891 0.13216378 -0.94174141 -0.00094738294 0.33633646 -0.91723591 0.064589478 0.39307314 -0.99122739 -0.00099713891 0.13216378 -0.99122739 -0.00099713891 0.13216378 -0.67122316 0.066440336 0.73827171 -0.19459137 0.12944494 0.9723056 -0.27230224 0.1358088 0.95257938 -0.67122316 0.066440336 0.73827171 -0.19576389 0.065035798 0.97849208 -0.19459137 0.12944494 0.9723056 -0.67122316 0.066440336 0.73827171 -0.19576389 0.065035798 0.97849208 -0.67122316 0.066440336 0.73827171 -0.67122316 0.066440336 0.73827171 -0.19576389 0.065035798 0.97849208 -0.19576389 0.065035798 0.97849208 -0.67267245 -0.00067676167 0.73994011 -0.19576389 0.065035798 0.97849208 -0.67122316 0.066440336 0.73827171 -0.67267245 -0.00067676167 0.73994011 -0.19611597 -0.00019739939 0.98058069 -0.19576389 0.065035798 0.97849208 -0.67267245 -0.00067676167 0.73994011 -0.19611597 -0.00019739939 0.98058069 -0.67267245 -0.00067676167 0.73994011 -0.19459137 0.12944494 0.9723056 0.19433066 0.12983619 0.9723056 0.13089254 0.13115598 0.98268265 -0.19459137 0.12944494 0.9723056 0.13089254 0.13115598 0.98268265 0.19433066 0.12983619 0.9723056 -0.19576389 0.065035798 0.97849208 0.13089254 0.13115598 0.98268265 -0.19459137 0.12944494 0.9723056 -0.19576389 0.065035798 0.97849208 0.13180976 0.066070557 0.98907071 0.13089254 0.13115598 0.98268265 0.13180976 0.066070557 0.98907071 0.13180976 0.066070557 0.98907071 -0.19576389 0.065035798 0.97849208 0.13180976 0.066070557 0.98907071 -0.19576389 0.065035798 0.97849208 -0.19576389 0.065035798 0.97849208 0.13180976 0.066070557 0.98907071 -0.19576389 0.065035798 0.97849208 0.13180976 0.066070557 0.98907071 -0.99122739 -0.00099713891 0.13216378 -0.99999952 -0.0010059475 5.9454738e-08 -0.99122739 -0.00099713891 0.13216378 -0.99778461 -0.0010037273 0.066519067 -0.99999952 -0.0010059475 5.9454738e-08 -0.99122739 -0.00099713891 0.13216378 -0.99778461 -0.0010037273 0.066519067 -0.99122739 -0.00099713891 0.13216378 -0.99999952 -0.0010059475 5.9454738e-08 -0.98058015 -0.00098643603 0.19611619 -0.99122739 -0.00099713891 0.13216378 -0.99778461 -0.0010037273 0.066519067 -0.99122739 -0.00099713891 0.13216378 -0.99122739 -0.00099713891 0.13216378 -0.99122739 -0.00099713891 0.13216378 -0.99999952 -0.0010059475 5.9454738e-08 -0.99122739 -0.00099713891 0.13216378 -0.99122739 -0.00099713891 0.13216378 -0.99999952 -0.0010059475 5.9454738e-08 -0.99122739 -0.00099713891 0.13216378 -0.99122739 -0.00099713891 0.13216378 0.9890039 0.066932954 0.13187605 0.97842598 0.066217065 0.19569838 0.9890039 0.066932954 0.13187605 0.98255032 0.1320128 0.13102432 0.97842598 0.066217065 0.19569838 0.9890039 0.066932954 0.13187605 0.98255032 0.1320128 0.13102432 0.98893756 0.13287097 0.065938003 0.97842598 0.066217065 0.19569838 0.9721747 0.13061874 0.19446108 0.98893756 0.13287097 0.065938003 0.98255032 0.1320128 0.13102432 0.9721747 0.13061874 0.19446108 0.98255032 0.1320128 0.13102432 0.98893756 0.13287097 0.065938003 0.99778467 0.0010037115 0.066518947 0.96152347 0.00096720981 0.27472106 0.97855723 -0.064248487 0.19569837 0.9890039 0.066932954 0.13187605 0.98058021 0.00098638923 0.19611607 0.97842598 0.066217065 0.19569838 0.9890039 0.066932954 0.13187605 0.99122745 0.00099710748 0.13216366 0.98058021 0.00098638923 0.19611607 0.99122745 0.00099710748 0.13216366 0.99122745 0.00099710748 0.13216366 0.9890039 0.066932954 0.13187605 0.99122745 0.00099710748 0.13216366 0.99122745 0.00099710748 0.13216366 0.99122745 0.00099710748 0.13216366 0.99122745 0.00099710748 0.13216366 0.99122745 0.00099710748 0.13216366 0.99122745 0.00099710748 0.13216366 0.98913658 -0.064943075 0.13187604 0.99778467 0.0010037115 0.066518947 0.97855723 -0.064248487 0.19569837 0.98913658 -0.064943075 0.13187604 0.99122745 0.00099710748 0.13216366 0.99778467 0.0010037115 0.066518947 0.98913658 -0.064943075 0.13187604 0.99122745 0.00099710748 0.13216366 0.98913658 -0.064943075 0.13187604 0.98913658 -0.064943075 0.13187604 0.99122745 0.00099710748 0.13216366 0.99122745 0.00099710748 0.13216366 0.99122745 0.00099710748 0.13216366 0.99122745 0.00099710748 0.13216366 0.98913658 -0.064943075 0.13187604 0.97842598 0.066217065 0.19569838 0.9890039 0.066932954 0.13187605 0.9890039 0.066932954 0.13187605 0.19563277 0.065429516 0.97849208 0.19433066 0.12983619 0.9723056 0.13089254 0.13115598 0.98268265 0.19563277 0.065429516 0.97849208 0.13089254 0.13115598 0.98268265 0.19433066 0.12983619 0.9723056 0.19433066 0.12983619 0.9723056 0.13089254 0.13115598 0.98268265 0.19563277 0.065429516 0.97849208 0.19563277 0.065429516 0.97849208 0.13180976 0.066070557 0.98907071 0.13180976 0.066070557 0.98907071 0.19563277 0.065429516 0.97849208 0.13180976 0.066070557 0.98907071 0.13180976 0.066070557 0.98907071 0.13089254 0.13115598 0.98268265 0.13180976 0.066070557 0.98907071 0.19563277 0.065429516 0.97849208 0.27400646 0.068794429 0.95926422 0.19611609 0.00019716566 0.98058069 0.27472103 0.0002762404 0.96152395 0.19563277 0.065429516 0.97849208 0.19611609 0.00019716566 0.98058069 0.27400646 0.068794429 0.95926422 0.19563277 0.065429516 0.97849208 0.19563277 0.065429516 0.97849208 0.19611609 0.00019716566 0.98058069 0.13180976 0.066070557 0.98907071 0.19563277 0.065429516 0.97849208 0.19563277 0.065429516 0.97849208 0.19611609 0.00019716566 0.98058069 0.066519029 6.6795714e-05 0.99778515 0.19611609 0.00019716566 0.98058069 -6.685518e-05 0.066518858 0.99778515 0.066519029 6.6795714e-05 0.99778515 0.19611609 0.00019716566 0.98058069 0.19611609 0.00019716566 0.98058069 0.19611609 0.00019716566 0.98058069 0.27472103 0.0002762404 0.96152395 0.33633628 0.00033822452 0.94174188 0.19611609 0.00019716566 0.98058069 0.27472103 0.0002762404 0.96152395 0.19611609 0.00019716566 0.98058069 0.33633628 0.00033822452 0.94174188 0.27472103 0.0002762404 0.96152395 0.19433066 0.12983619 0.9723056 0.19563277 0.065429516 0.97849208 0.13180976 0.066070557 0.98907071 0.19433066 0.12983619 0.9723056 0.19563277 0.065429516 0.97849208 0.19563277 0.065429516 0.97849208 0.19433066 0.12983619 0.9723056 0.19563277 0.065429516 0.97849208 0.19433066 0.12983619 0.9723056 0.19433066 0.12983619 0.9723056 0.19433066 0.12983619 0.9723056 0.19563277 0.065429516 0.97849208 0.27400646 0.068794429 0.95926422 0.19563277 0.065429516 0.97849208 0.19563277 0.065429516 0.97849208 0.19563277 0.065429516 0.97849208 -6.685518e-05 0.066518858 0.99778515 0.19611609 0.00019716566 0.98058069 0.54287028 0.20419937 0.8146131 0.27202857 0.13635637 0.95257932 0.13089254 0.13115598 0.98268265 0.54287028 0.20419937 0.8146131 0.48392159 0.27717263 0.83005738 0.27202857 0.13635637 0.95257932 0.74474114 0.27166343 0.60955691 0.48392159 0.27717263 0.83005738 0.54287028 0.20419937 0.8146131 0.74474114 0.27166343 0.60955691 0.47375897 0.33911937 0.81274253 0.48392159 0.27717263 0.83005738 0.67843419 0.40798914 0.61095983 0.47375897 0.33911937 0.81274253 0.74474114 0.27166343 0.60955691 0.67843419 0.40798914 0.61095983 0.53773201 0.40414473 0.73994005 0.47375897 0.33911937 0.81274253 0.87420356 0.2699486 0.40360364 0.94147074 0.27001628 0.20180181 0.95898801 0.2750403 0.068518847 0.87420356 0.2699486 0.40360364 0.88845497 0.20596959 0.41015154 0.94147074 0.27001628 0.20180181 0.74474114 0.27166343 0.60955691 0.88845497 0.20596959 0.41015154 0.87420356 0.2699486 0.40360364 0.74474114 0.27166343 0.60955691 0.76626575 0.14011742 0.6270597 0.88845497 0.20596959 0.41015154 0.54287028 0.20419937 0.8146131 0.76626575 0.14011742 0.6270597 0.74474114 0.27166343 0.60955691 0.87811834 0.33875215 0.33786869 0.8740682 0.40448311 0.26906911 0.93928045 0.33652306 0.06711559 0.87420356 0.2699486 0.40360364 0.8740682 0.40448311 0.26906911 0.87811834 0.33875215 0.33786869 0.87420356 0.2699486 0.40360364 0.92690575 0.26583898 0.26490644 0.8740682 0.40448311 0.26906911 0.95898801 0.2750403 0.068518847 0.92690575 0.26583898 0.26490644 0.87420356 0.2699486 0.40360364 0.48392159 0.27717263 0.83005738 0.26886603 0.20207229 0.94174188 0.20486945 0.20528187 0.95702028 0.48392159 0.27717263 0.83005738 0.26463991 0.26517269 0.92717266 0.26886603 0.20207229 0.94174188 0.47375897 0.33911937 0.81274253 0.26463991 0.26517269 0.92717266 0.48392159 0.27717263 0.83005738 0.47375897 0.33911937 0.81274253 0.20153113 0.26927185 0.94174188 0.26463991 0.26517269 0.92717266 0.20153113 0.26927185 0.94174188 0.20153113 0.26927185 0.94174188 0.47375897 0.33911937 0.81274253 0.20153113 0.26927185 0.94174188 0.47375897 0.33911937 0.81274253 0.26463991 0.26517269 0.92717266 0.19433066 0.12983619 0.9723056 0.54287028 0.20419937 0.8146131 0.13089254 0.13115598 0.98268265 0.48392159 0.27717263 0.83005738 0.12944512 0.19459131 0.9723056 0.27202857 0.13635637 0.95257932 0.20486945 0.20528187 0.95702028 0.12944512 0.19459131 0.9723056 0.48392159 0.27717263 0.83005738 0.88845497 0.20596959 0.41015154 0.95681351 0.20603837 0.20507576 0.94147074 0.27001628 0.20180181 0.88845497 0.20596959 0.41015154 0.98255032 0.1320128 0.13102432 0.95681351 0.20603837 0.20507576 0.87811834 0.33875215 0.33786869 0.74474114 0.27166343 0.60955691 0.87420356 0.2699486 0.40360364 0.67843419 0.40798914 0.61095983 0.74474114 0.27166343 0.60955691 0.87811834 0.33875215 0.33786869 -0.91914457 -0.00092465855 0.39391935 -0.98255032 -0.13201284 0.13102441 -0.99122739 -0.00099713891 0.13216378 -0.91914457 -0.00092465855 0.39391935 -0.93319869 -0.1342722 0.33333337 -0.98255032 -0.13201284 0.13102441 -0.73993963 -0.00074442098 0.67267287 -0.93319869 -0.1342722 0.33333337 -0.91914457 -0.00092465855 0.39391935 -0.73993963 -0.00074442098 0.67267287 -0.92690569 -0.26583904 0.2649065 -0.93319869 -0.1342722 0.33333337 -0.62691915 -0.13997741 0.7664063 -0.92690569 -0.26583904 0.2649065 -0.73993963 -0.00074442098 0.67267287 -0.62691915 -0.13997741 0.7664063 -0.81226516 -0.4749172 0.33864272 -0.92690569 -0.26583904 0.2649065 -0.2741442 0.068243012 0.95926422 -0.67122316 0.066440336 0.73827171 -0.27230224 0.1358088 0.95257938 -0.73993963 -0.00074442098 0.67267287 -0.67122316 0.066440336 0.73827171 -0.2741442 0.068243012 0.95926422 -0.73993963 -0.00074442098 0.67267287 -0.91914457 -0.00092465855 0.39391935 -0.67122316 0.066440336 0.73827171 0.065035969 0.19576383 0.97849208 -0.27230224 0.1358088 0.95257938 0.065805413 0.13194224 0.98907071 0.065035969 0.19576383 0.97849208 -0.2741442 0.068243012 0.95926422 -0.27230224 0.1358088 0.95257938 0.065035969 0.19576383 0.97849208 -0.2741442 0.068243012 0.95926422 0.065035969 0.19576383 0.97849208 -0.93319869 -0.1342722 0.33333337 -0.95681351 -0.20603842 0.20507582 -0.98255032 -0.13201284 0.13102441 -0.93319869 -0.1342722 0.33333337 -0.97829473 -0.19668265 0.065232843 -0.95681351 -0.20603842 0.20507582 -0.92690569 -0.26583904 0.2649065 -0.97829473 -0.19668265 0.065232843 -0.93319869 -0.1342722 0.33333337 -0.92690569 -0.26583904 0.2649065 -0.96124709 -0.27568823 2.4409635e-08 -0.97829473 -0.19668265 0.065232843 -0.92280054 -0.33061874 0.19781415 -0.96124709 -0.27568823 2.4409635e-08 -0.92690569 -0.26583904 0.2649065 -0.92690569 -0.26583904 0.2649065 -0.91677463 -0.39399552 0.065512188 -0.92280054 -0.33061874 0.19781415 -0.92690569 -0.26583904 0.2649065 -0.87798232 -0.47389963 0.067573734 -0.91677463 -0.39399552 0.065512188 0.065035969 0.19576383 0.97849208 -0.19576389 0.065035798 0.97849208 0.065035969 0.19576383 0.97849208 0.065805413 0.13194224 0.98907071 -0.19576389 0.065035798 0.97849208 0.065035969 0.19576383 0.97849208 0.065805413 0.13194224 0.98907071 -0.19611597 -0.00019739939 0.98058069 -0.19576389 0.065035798 0.97849208 0.065035969 0.19576383 0.97849208 -0.19611597 -0.00019739939 0.98058069 0.065805413 0.13194224 0.98907071 -0.62691915 -0.13997741 0.7664063 -0.19576389 0.065035798 0.97849208 -0.60928404 -0.27152732 0.74501401 -0.2741442 0.068243012 0.95926422 -0.19576389 0.065035798 0.97849208 -0.62691915 -0.13997741 0.7664063 -0.2741442 0.068243012 0.95926422 0.065035969 0.19576383 0.97849208 -0.19576389 0.065035798 0.97849208 0.065035969 0.19576383 0.97849208 0.065035969 0.19576383 0.97849208 -0.2741442 0.068243012 0.95926422 -0.62691915 -0.13997741 0.7664063 -0.73993963 -0.00074442098 0.67267287 -0.2741442 0.068243012 0.95926422 -0.91914457 -0.00092465855 0.39391935 -0.67122316 0.066440336 0.73827171 -0.67122316 0.066440336 0.73827171 -0.91914457 -0.00092465855 0.39391935 -0.99122739 -0.00099713891 0.13216378 -0.91723591 0.064589478 0.39307314 0.13089254 0.13115598 0.98268265 -0.27230224 0.1358088 0.95257938 -0.19459137 0.12944494 0.9723056 0.065805413 0.13194224 0.98907071 -0.27230224 0.1358088 0.95257938 0.13089254 0.13115598 0.98268265 -0.27230224 0.1358088 0.95257938 -0.67122316 0.066440336 0.73827171 -0.67122316 0.066440336 0.73827171 -0.99122739 -0.00099713891 0.13216378 -0.99122739 -0.00099713891 0.13216378 -0.99999952 -0.0010059475 5.9454738e-08 -0.97829473 -0.19668265 0.065232843 -0.97829473 -0.19668265 0.065232843 -0.96124709 -0.27568823 2.4409635e-08 -0.97829473 -0.19668265 0.065232843 -0.95681351 -0.20603842 0.20507582 -0.97829473 -0.19668265 0.065232843 -0.98255032 -0.13201284 0.13102441 -0.95681351 -0.20603842 0.20507582 -0.97829473 -0.19668265 0.065232843 -0.97829473 -0.19668265 0.065232843 -0.99122739 -0.00099713891 0.13216378 -0.98255032 -0.13201284 0.13102441 0.9721747 0.13061874 0.19446108 0.98255032 0.1320128 0.13102432 0.9721747 0.13061874 0.19446108 0.9721747 0.13061874 0.19446108 0.95681351 0.20603837 0.20507576 0.98255032 0.1320128 0.13102432 0.97829473 0.19668263 0.065232769 0.95681351 0.20603837 0.20507576 0.9721747 0.13061874 0.19446108 0.97829473 0.19668263 0.065232769 0.94147074 0.27001628 0.20180181 0.95681351 0.20603837 0.20507576 0.97829473 0.19668263 0.065232769 0.95898801 0.2750403 0.068518847 0.94147074 0.27001628 0.20180181 0.95230508 0.27312362 0.13608274 0.92690575 0.26583898 0.26490644 0.95898801 0.2750403 0.068518847 0.19433066 0.12983619 0.9723056 0.065805413 0.13194224 0.98907071 0.13089254 0.13115598 0.98268265 0.065035969 0.19576383 0.97849208 0.065805413 0.13194224 0.98907071 0.19433066 0.12983619 0.9723056 0.13089254 0.13115598 0.98268265 0.19433066 0.12983619 0.9723056 0.19433066 0.12983619 0.9723056 0.13089254 0.13115598 0.98268265 0.12944512 0.19459131 0.9723056 0.19433066 0.12983619 0.9723056 0.27202857 0.13635637 0.95257932 0.12944512 0.19459131 0.9723056 0.13089254 0.13115598 0.98268265 0.12944512 0.19459131 0.9723056 0.065035969 0.19576383 0.97849208 0.19433066 0.12983619 0.9723056 0.12944512 0.19459131 0.9723056 0.065035969 0.19576383 0.97849208 0.065035969 0.19576383 0.97849208 0.20486945 0.20528187 0.95702028 0.065035969 0.19576383 0.97849208 0.12944512 0.19459131 0.9723056 0.20486945 0.20528187 0.95702028 0.065035969 0.19576383 0.97849208 0.065035969 0.19576383 0.97849208 0.26886603 0.20207229 0.94174188 0.065035969 0.19576383 0.97849208 0.20486945 0.20528187 0.95702028 0.26886603 0.20207229 0.94174188 0.065035969 0.19576383 0.97849208 0.065035969 0.19576383 0.97849208 0.26463991 0.26517269 0.92717266 0.065035969 0.19576383 0.97849208 0.26886603 0.20207229 0.94174188 0.26463991 0.26517269 0.92717266 0.065805413 0.13194224 0.98907071 0.065035969 0.19576383 0.97849208 0.065035969 0.19576383 0.97849208 0.065805413 0.13194224 0.98907071 0.26463991 0.26517269 0.92717266 0.20153113 0.26927185 0.94174188 0.065035969 0.19576383 0.97849208 0.26463991 0.26517269 0.92717266 0.20153113 0.26927185 0.94174188 0.12944512 0.19459131 0.9723056 0.065035969 0.19576383 0.97849208 0.20153113 0.26927185 0.94174188 0.12944512 0.19459131 0.9723056 0.20153113 0.26927185 0.94174188 0.20153113 0.26927185 0.94174188 0.065035969 0.19576383 0.97849208 0.12944512 0.19459131 0.9723056 </float_array>
          <technique_common>
            <accessor count="12075" offset="0" source="#meshId0-normals-array" stride="3">
              <param name="X" type="float" />
              <param name="Y" type="float" />
              <param name="Z" type="float" />
            </accessor>
          </technique_common>
        </source>
        <vertices id="meshId0-vertices">
          <input semantic="POSITION" source="#meshId0-positions" />
        </vertices>
        <polylist count="4025" material="defaultMaterial">
          <input offset="0" semantic="VERTEX" source="#meshId0-vertices" />
          <input offset="0" semantic="NORMAL" source="#meshId0-normals" />
          <vcount>3 3 3 3 3 3 3 3 3 3 3 3 3 3 3 3 3 3 3 3 3 3 3 3 3 3 3 3 3 3 3 3 3 3 3 3 3 3 3 3 3 3 3 3 3 3 3 3 3 3 3 3 3 3 3 3 3 3 3 3 3 3 3 3 3 3 3 3 3 3 3 3 3 3 3 3 3 3 3 3 3 3 3 3 3 3 3 3 3 3 3 3 3 3 3 3 3 3 3 3 3 3 3 3 3 3 3 3 3 3 3 3 3 3 3 3 3 3 3 3 3 3 3 3 3 3 3 3 3 3 3 3 3 3 3 3 3 3 3 3 3 3 3 3 3 3 3 3 3 3 3 3 3 3 3 3 3 3 3 3 3 3 3 3 3 3 3 3 3 3 3 3 3 3 3 3 3 3 3 3 3 3 3 3 3 3 3 3 3 3 3 3 3 3 3 3 3 3 3 3 3 3 3 3 3 3 3 3 3 3 3 3 3 3 3 3 3 3 3 3 3 3 3 3 3 3 3 3 3 3 3 3 3 3 3 3 3 3 3 3 3 3 3 3 3 3 3 3 3 3 3 3 3 3 3 3 3 3 3 3 3 3 3 3 3 3 3 3 3 3 3 3 3 3 3 3 3 3 3 3 3 3 3 3 3 3 3 3 3 3 3 3 3 3 3 3 3 3 3 3 3 3 3 3 3 3 3 3 3 3 3 3 3 3 3 3 3 3 3 3 3 3 3 3 3 3 3 3 3 3 3 3 3 3 3 3 3 3 3 3 3 3 3 3 3 3 3 3 3 3 3 3 3 3 3 3 3 3 3 3 3 3 3 3 3 3 3 3 3 3 3 3 3 3 3 3 3 3 3 3 3 3 3 3 3 3 3 3 3 3 3 3 3 3 3 3 3 3 3 3 3 3 3 3 3 3 3 3 3 3 3 3 3 3 3 3 3 3 3 3 3 3 3 3 3 3 3 3 3 3 3 3 3 3 3 3 3 3 3 3 3 3 3 3 3 3 3 3 3 3 3 3 3 3 3 3 3 3 3 3 3 3 3 3 3 3 3 3 3 3 3 3 3 3 3 3 3 3 3 3 3 3 3 3 3 3 3 3 3 3 3 3 3 3 3 3 3 3 3 3 3 3 3 3 3 3 3 3 3 3 3 3 3 3 3 3 3 3 3 3 3 3 3 3 3 3 3 3 3 3 3 3 3 3 3 3 3 3 3 3 3 3 3 3 3 3 3 3 3 3 3 3 3 3 3 3 3 3 3 3 3 3 3 3 3 3 3 3 3 3 3 3 3 3 3 3 3 3 3 3 3 3 3 3 3 3 3 3 3 3 3 3 3 3 3 3 3 3 3 3 3 3 3 3 3 3 3 3 3 3 3 3 3 3 3 3 3 3 3 3 3 3 3 3 3 3 3 3 3 3 3 3 3 3 3 3 3 3 3 3 3 3 3 3 3 3 3 3 3 3 3 3 3 3 3 3 3 3 3 3 3 3 3 3 3 3 3 3 3 3 3 3 3 3 3 3 3 3 3 3 3 3 3 3 3 3 3 3 3 3 3 3 3 3 3 3 3 3 3 3 3 3 3 3 3 3 3 3 3 3 3 3 3 3 3 3 3 3 3 3 3 3 3 3 3 3 3 3 3 3 3 3 3 3 3 3 3 3 3 3 3 3 3 3 3 3 3 3 3 3 3 3 3 3 3 3 3 3 3 3 3 3 3 3 3 3 3 3 3 3 3 3 3 3 3 3 3 3 3 3 3 3 3 3 3 3 3 3 3 3 3 3 3 3 3 3 3 3 3 3 3 3 3 3 3 3 3 3 3 3 3 3 3 3 3 3 3 3 3 3 3 3 3 3 3 3 3 3 3 3 3 3 3 3 3 3 3 3 3 3 3 3 3 3 3 3 3 3 3 3 3 3 3 3 3 3 3 3 3 3 3 3 3 3 3 3 3 3 3 3 3 3 3 3 3 3 3 3 3 3 3 3 3 3 3 3 3 3 3 3 3 3 3 3 3 3 3 3 3 3 3 3 3 3 3 3 3 3 3 3 3 3 3 3 3 3 3 3 3 3 3 3 3 3 3 3 3 3 3 3 3 3 3 3 3 3 3 3 3 3 3 3 3 3 3 3 3 3 3 3 3 3 3 3 3 3 3 3 3 3 3 3 3 3 3 3 3 3 3 3 3 3 3 3 3 3 3 3 3 3 3 3 3 3 3 3 3 3 3 3 3 3 3 3 3 3 3 3 3 3 3 3 3 3 3 3 3 3 3 3 3 3 3 3 3 3 3 3 3 3 3 3 3 3 3 3 3 3 3 3 3 3 3 3 3 3 3 3 3 3 3 3 3 3 3 3 3 3 3 3 3 3 3 3 3 3 3 3 3 3 3 3 3 3 3 3 3 3 3 3 3 3 3 3 3 3 3 3 3 3 3 3 3 3 3 3 3 3 3 3 3 3 3 3 3 3 3 3 3 3 3 3 3 3 3 3 3 3 3 3 3 3 3 3 3 3 3 3 3 3 3 3 3 3 3 3 3 3 3 3 3 3 3 3 3 3 3 3 3 3 3 3 3 3 3 3 3 3 3 3 3 3 3 3 3 3 3 3 3 3 3 3 3 3 3 3 3 3 3 3 3 3 3 3 3 3 3 3 3 3 3 3 3 3 3 3 3 3 3 3 3 3 3 3 3 3 3 3 3 3 3 3 3 3 3 3 3 3 3 3 3 3 3 3 3 3 3 3 3 3 3 3 3 3 3 3 3 3 3 3 3 3 3 3 3 3 3 3 3 3 3 3 3 3 3 3 3 3 3 3 3 3 3 3 3 3 3 3 3 3 3 3 3 3 3 3 3 3 3 3 3 3 3 3 3 3 3 3 3 3 3 3 3 3 3 3 3 3 3 3 3 3 3 3 3 3 3 3 3 3 3 3 3 3 3 3 3 3 3 3 3 3 3 3 3 3 3 3 3 3 3 3 3 3 3 3 3 3 3 3 3 3 3 3 3 3 3 3 3 3 3 3 3 3 3 3 3 3 3 3 3 3 3 3 3 3 3 3 3 3 3 3 3 3 3 3 3 3 3 3 3 3 3 3 3 3 3 3 3 3 3 3 3 3 3 3 3 3 3 3 3 3 3 3 3 3 3 3 3 3 3 3 3 3 3 3 3 3 3 3 3 3 3 3 3 3 3 3 3 3 3 3 3 3 3 3 3 3 3 3 3 3 3 3 3 3 3 3 3 3 3 3 3 3 3 3 3 3 3 3 3 3 3 3 3 3 3 3 3 3 3 3 3 3 3 3 3 3 3 3 3 3 3 3 3 3 3 3 3 3 3 3 3 3 3 3 3 3 3 3 3 3 3 3 3 3 3 3 3 3 3 3 3 3 3 3 3 3 3 3 3 3 3 3 3 3 3 3 3 3 3 3 3 3 3 3 3 3 3 3 3 3 3 3 3 3 3 3 3 3 3 3 3 3 3 3 3 3 3 3 3 3 3 3 3 3 3 3 3 3 3 3 3 3 3 3 3 3 3 3 3 3 3 3 3 3 3 3 3 3 3 3 3 3 3 3 3 3 3 3 3 3 3 3 3 3 3 3 3 3 3 3 3 3 3 3 3 3 3 3 3 3 3 3 3 3 3 3 3 3 3 3 3 3 3 3 3 3 3 3 3 3 3 3 3 3 3 3 3 3 3 3 3 3 3 3 3 3 3 3 3 3 3 3 3 3 3 3 3 3 3 3 3 3 3 3 3 3 3 3 3 3 3 3 3 3 3 3 3 3 3 3 3 3 3 3 3 3 3 3 3 3 3 3 3 3 3 3 3 3 3 3 3 3 3 3 3 3 3 3 3 3 3 3 3 3 3 3 3 3 3 3 3 3 3 3 3 3 3 3 3 3 3 3 3 3 3 3 3 3 3 3 3 3 3 3 3 3 3 3 3 3 3 3 3 3 3 3 3 3 3 3 3 3 3 3 3 3 3 3 3 3 3 3 3 3 3 3 3 3 3 3 3 3 3 3 3 3 3 3 3 3 3 3 3 3 3 3 3 3 3 3 3 3 3 3 3 3 3 3 3 3 3 3 3 3 3 3 3 3 3 3 3 3 3 3 3 3 3 3 3 3 3 3 3 3 3 3 3 3 3 3 3 3 3 3 3 3 3 3 3 3 3 3 3 3 3 3 3 3 3 3 3 3 3 3 3 3 3 3 3 3 3 3 3 3 3 3 3 3 3 3 3 3 3 3 3 3 3 3 3 3 3 3 3 3 3 3 3 3 3 3 3 3 3 3 3 3 3 3 3 3 3 3 3 3 3 3 3 3 3 3 3 3 3 3 3 3 3 3 3 3 3 3 3 3 3 3 3 3 3 3 3 3 3 3 3 3 3 3 3 3 3 3 3 3 3 3 3 3 3 3 3 3 3 3 3 3 3 3 3 3 3 3 3 3 3 3 3 3 3 3 3 3 3 3 3 3 3 3 3 3 3 3 3 3 3 3 3 3 3 3 3 3 3 3 3 3 3 3 3 3 3 3 3 3 3 3 3 3 3 3 3 3 3 3 3 3 3 3 3 3 3 3 3 3 3 3 3 3 3 3 3 3 3 3 3 3 3 3 3 3 3 3 3 3 3 3 3 3 3 3 3 3 3 3 3 3 3 3 3 3 3 3 3 3 3 3 3 3 3 3 3 3 3 3 3 3 3 3 3 3 3 3 3 3 3 3 3 3 3 3 3 3 3 3 3 3 3 3 3 3 3 3 3 3 3 3 3 3 3 3 3 3 3 3 3 3 3 3 3 3 3 3 3 3 3 3 3 3 3 3 3 3 3 3 3 3 3 3 3 3 3 3 3 3 3 3 3 3 3 3 3 3 3 3 3 3 3 3 3 3 3 3 3 3 3 3 3 3 3 3 3 3 3 3 3 3 3 3 3 3 3 3 3 3 3 3 3 3 3 3 3 3 3 3 3 3 3 3 3 3 3 3 3 3 3 3 3 3 3 3 3 3 3 3 3 3 3 3 3 3 3 3 3 3 3 3 3 3 3 3 3 3 3 3 3 3 3 3 3 3 3 3 3 3 3 3 3 3 3 3 3 3 3 3 3 3 3 3 3 3 3 3 3 3 3 3 3 3 3 3 3 3 3 3 3 3 3 3 3 3 3 3 3 3 3 3 3 3 3 3 3 3 3 3 3 3 3 3 3 3 3 3 3 3 3 3 3 3 3 3 3 3 3 3 3 3 3 3 3 3 3 3 3 3 3 3 3 3 3 3 3 3 3 3 3 3 3 3 3 3 3 3 3 3 3 3 3 3 3 3 3 3 3 3 3 3 3 3 3 3 3 3 3 3 3 3 3 3 3 3 3 3 3 3 3 3 3 3 3 3 3 3 3 3 3 3 3 3 3 3 3 3 3 3 3 3 3 3 3 3 3 3 3 3 3 3 3 3 3 3 3 3 3 3 3 3 3 3 3 3 3 3 3 3 3 3 3 3 3 3 3 3 3 3 3 3 3 3 3 3 3 3 3 3 3 3 3 3 3 3 3 3 3 3 3 3 3 3 3 3 3 3 3 3 3 3 3 3 3 3 3 3 3 3 3 3 3 3 3 3 3 3 3 3 3 3 3 3 3 3 3 3 3 3 3 3 3 3 3 3 3 3 3 3 3 3 3 3 3 3 3 3 3 3 3 3 3 3 3 3 3 3 3 3 3 3 3 3 3 3 3 3 3 3 3 3 3 3 3 3 3 3 3 3 3 3 3 3 3 3 3 3 3 3 3 3 3 3 3 3 3 3 3 3 3 3 3 3 3 3 3 3 3 3 3 3 3 3 3 3 3 3 3 3 3 3 3 3 3 3 3 3 3 3 3 3 3 3 3 3 3 3 3 3 3 3 3 3 3 3 3 3 3 3 3 3 3 3 3 3 3 3 3 3 3 3 3 3 3 3 3 3 3 3 3 3 3 3 3 3 3 3 3 3 3 3 3 3 3 3 3 3 3 3 3 3 3 3 3 3 3 3 3 3 3 3 3 3 3 3 3 3 3 3 3 3 3 3 3 3 3 3 3 3 3 3 3 3 3 3 3 3 3 3 3 3 3 3 3 3 3 3 3 3 3 3 3 3 3 3 3 3 3 3 3 3 3 3 3 3 3 3 3 3 3 3 3 3 3 3 3 3 3 3 3 3 3 3 3 3 3 3 3 3 3 3 3 3 3 3 3 3 3 3 3 3 3 3 3 3 3 3 3 3 3 3 3 3 3 3 3 3 3 3 3 3 3 3 3 3 3 3 3 3 3 3 3 3 3 3 3 3 3 3 3 3 3 3 3 3 3 3 3 3 3 3 3 3 3 3 3 3 3 3 3 3 3 3 3 3 3 3 3 3 3 3 3 3 3 3 3 3 3 3 3 3 3 3 3 3 3 3 3 3 3 3 3 3 3 3 3 3 3 3 3 3 3 3 3 3 3 3 3 3 3 3 3 3 3 3 3 3 3 3 3 3 3 3 3 3 3 3 3 3 3 3 3 3 3 3 3 3 3 3 3 3 3 3 3 3 3 3 3 3 3 3 3 3 3 3 3 3 3 3 3 3 3 3 3 3 3 3 3 3 3 3 3 3 3 3 3 3 3 3 3 3 3 3 3 3 3 3 3 3 3 3 3 3 3 3 3 3 3 3 3 3 3 3 3 3 3 3 3 3 3 3 3 3 3 3 3 3 3 3 3 3 3 3 3 3 3 3 3 3 3 3 3 3 3 3 3 3 3 3 3 3 3 3 3 3 3 3 3 3 3 3 3 3 3 3 3 3 3 3 3 3 3 3 3 3 3 3 3 3 3 3 3 3 3 3 3 3 3 3 3 3 3 3 3 3 3 3 3 3 3 3 3 3 3 3 3 3 3 3 3 3 3 3 3 3 3 3 3 3 3 3 3 3 3 3 3 3 3 3 3 3 3 3 3 3 3 3 3 3 3 3 3 3 3 3 3 3 3 3 3 3 3 3 3 3 3 3 3 3 3 3 3 3 3 3 3 3 3 3 3 3 3 3 3 3 3 3 3 3 3 3 3 3 3 3 3 3 3 3 3 3 3 3 3 3 3 3 3 3 3 3 3 3 3 3 3 3 3 3 3 3 3 3 3 3 3 3 3 3 3 3 3 3 3 3 3 3 3 3 3 3 3 3 3 3 3 3 3 3 3 3 3 3 3 3 3 3 3 3 3 3 3 3 3 3 3 3 3 3 3 3 3 3 3 3 3 3 3 3 3 3 3 3 3 3 3 3 3 3 3 3 3 3 3 3 3 3 3 3 3 3 3 3 3 3 3 3 3 3 3 3 3 3 3 3 3 3 3 3 3 3 3 3 3 3 3 3 3 3 3 3 3 3 3 3 3 3 3 3 3 3 3 3 3 3 3 3 3 3 3 3 3 3 3 3 3 3 3 3 3 3 3 3 3 3 3 3 3 3 3 3 3 3 3 3 3 3 3 3 3 3 3 3 3 3 3 3 3 3 3 3 3 3 3 3 3 3 3 3 3 3 3 3 3 3 3 3 3 3 3 3 3 3 3 3 3 3 3 3 3 3 3 3 3 3 3 3 3 3 3 3 3 3 3 3 3 3 3 3 3 3 3 3 3 3 3 3 3 3 3 3 3 3 3 3 3 3 3 3 3 3 3 3 3 3 3 3 3 3 3 3 3 3 3 3 3 3 3 3 3 3 3 3 3 3 3 3 3 3 3 3 3 3 3 3 3 3 3 3 3 3 3 3 3 3 3 3 3 3 3 3 3 3 3 3 3 3 3 3 3 3 3 3 3 3 3 3 3 3 3 3 3 3 3 3 3 3 3 3 3 3 3 3 3 3 3 3 3 3 3 3 3 3 3 3 3 3 3 3 3 3 3 3 3 3 3 3 3 3 3 3 3 3 3 3 3 3 3 3 3 3 3 3 3 3 3 3 3 3 3 3 3 3 3 3 3 3 3 3 3 3 3 3 3 3 3 3 3 3 3 3 3 3 3 3 3 3 3 3 3 3 3 3 3 3 3 3 3 3 3 3 3 3 3 3 3 3 3 3 3 3 3 3 3 3 3 3 3 3 3 3 3 3 3 3 3 3 3 3 3 3 3 3 3 3 3 3 3 3 3 3 3 3 3 3 3 3 3 3 3 3 3 3 3 3 3 3 3 3 3 3 3 3 3 3 3 3 3 3 3 3 3 3 3 3 3 3 3 3 3 3 3 3 3 3 3 3 3 3 3 3 3 3 3 3 3 3 3 3 3 3 3 3 3 3 3 3 3 3 3 3 3 3 3 3 3 3 3 3 3 3 3 3 3 3 3 3 3 3 3 3 3 3 3 3 3 3 3 3 3 3 3 3 3 3 3 3 3 3 3 3 3 3 3 3 3 3 3 3 3 3 3 3 3 3 3 3 3 3 3 3 3 3 3 3 3 3 3 3 3 3 3 3 3 3 3 3 3 3 3 3 3 3 3 3 3 3 3 3 3 3 3 3 3 3 3 3 3 3 3 3 3 3 3 3 3 3 3 3 3 3 3 3 3 3 3 3 3 3 3 3 3 3 3 3 3 3 3 3 3 3 3 3 3 3 3 3 3 3 3 3 3 3 3 3 3 3 3 3 3 3 3 3 3 3 3 3 3 3 3 3 3 3 3 3 3 3 3 3 3 3 3 3 3 3 3 3 3 3 3 3 3 3 3 3 3 3 3 3 3 3 3 3 3 3 3 3 3 3 3 3 3 3 3 3 3 3 3 3 3 3 3 3 3 3 3 3 3 3 3 3 3 3 3 3 3 3 3 3 3 3 3 3 3 3 3 3 3 3 3 3 3 3 3 3 3 3 3 3 3 3 3 3 3 3 3 3 3 3 3 3 3 3 3 3 3 3 3 3 3 3 3 3 3 3 3 3 3 3 3 3 3 3 3 3 3 3 3 3 3 3 3 3 3 3 3 3 3 3 3 3 3 3 3 3 3 3 3 3 3 3 3 3 3 3 3 3 3 3 3 3 3 3 3 3 3 3 3 3 3 3 3 3 3 3 3 3 3 </vcount>
          <p>0 1 2 3 4 5 6 7 8 9 10 11 12 13 14 15 16 17 18 19 20 21 22 23 24 25 26 27 28 29 30 31 32 33 34 35 36 37 38 39 40 41 42 43 44 45 46 47 48 49 50 51 52 53 54 55 56 57 58 59 60 61 62 63 64 65 66 67 68 69 70 71 72 73 74 75 76 77 78 79 80 81 82 83 84 85 86 87 88 89 90 91 92 93 94 95 96 97 98 99 100 101 102 103 104 105 106 107 108 109 110 111 112 113 114 115 116 117 118 119 120 121 122 123 124 125 126 127 128 129 130 131 132 133 134 135 136 137 138 139 140 141 142 143 144 145 146 147 148 149 150 151 152 153 154 155 156 157 158 159 160 161 162 163 164 165 166 167 168 169 170 171 172 173 174 175 176 177 178 179 180 181 182 183 184 185 186 187 188 189 190 191 192 193 194 195 196 197 198 199 200 201 202 203 204 205 206 207 208 209 210 211 212 213 214 215 216 217 218 219 220 221 222 223 224 225 226 227 228 229 230 231 232 233 234 235 236 237 238 239 240 241 242 243 244 245 246 247 248 249 250 251 252 253 254 255 256 257 258 259 260 261 262 263 264 265 266 267 268 269 270 271 272 273 274 275 276 277 278 279 280 281 282 283 284 285 286 287 288 289 290 291 292 293 294 295 296 297 298 299 300 301 302 303 304 305 306 307 308 309 310 311 312 313 314 315 316 317 318 319 320 321 322 323 324 325 326 327 328 329 330 331 332 333 334 335 336 337 338 339 340 341 342 343 344 345 346 347 348 349 350 351 352 353 354 355 356 357 358 359 360 361 362 363 364 365 366 367 368 369 370 371 372 373 374 375 376 377 378 379 380 381 382 383 384 385 386 387 388 389 390 391 392 393 394 395 396 397 398 399 400 401 402 403 404 405 406 407 408 409 410 411 412 413 414 415 416 417 418 419 420 421 422 423 424 425 426 427 428 429 430 431 432 433 434 435 436 437 438 439 440 441 442 443 444 445 446 447 448 449 450 451 452 453 454 455 456 457 458 459 460 461 462 463 464 465 466 467 468 469 470 471 472 473 474 475 476 477 478 479 480 481 482 483 484 485 486 487 488 489 490 491 492 493 494 495 496 497 498 499 500 501 502 503 504 505 506 507 508 509 510 511 512 513 514 515 516 517 518 519 520 521 522 523 524 525 526 527 528 529 530 531 532 533 534 535 536 537 538 539 540 541 542 543 544 545 546 547 548 549 550 551 552 553 554 555 556 557 558 559 560 561 562 563 564 565 566 567 568 569 570 571 572 573 574 575 576 577 578 579 580 581 582 583 584 585 586 587 588 589 590 591 592 593 594 595 596 597 598 599 600 601 602 603 604 605 606 607 608 609 610 611 612 613 614 615 616 617 618 619 620 621 622 623 624 625 626 627 628 629 630 631 632 633 634 635 636 637 638 639 640 641 642 643 644 645 646 647 648 649 650 651 652 653 654 655 656 657 658 659 660 661 662 663 664 665 666 667 668 669 670 671 672 673 674 675 676 677 678 679 680 681 682 683 684 685 686 687 688 689 690 691 692 693 694 695 696 697 698 699 700 701 702 703 704 705 706 707 708 709 710 711 712 713 714 715 716 717 718 719 720 721 722 723 724 725 726 727 728 729 730 731 732 733 734 735 736 737 738 739 740 741 742 743 744 745 746 747 748 749 750 751 752 753 754 755 756 757 758 759 760 761 762 763 764 765 766 767 768 769 770 771 772 773 774 775 776 777 778 779 780 781 782 783 784 785 786 787 788 789 790 791 792 793 794 795 796 797 798 799 800 801 802 803 804 805 806 807 808 809 810 811 812 813 814 815 816 817 818 819 820 821 822 823 824 825 826 827 828 829 830 831 832 833 834 835 836 837 838 839 840 841 842 843 844 845 846 847 848 849 850 851 852 853 854 855 856 857 858 859 860 861 862 863 864 865 866 867 868 869 870 871 872 873 874 875 876 877 878 879 880 881 882 883 884 885 886 887 888 889 890 891 892 893 894 895 896 897 898 899 900 901 902 903 904 905 906 907 908 909 910 911 912 913 914 915 916 917 918 919 920 921 922 923 924 925 926 927 928 929 930 931 932 933 934 935 936 937 938 939 940 941 942 943 944 945 946 947 948 949 950 951 952 953 954 955 956 957 958 959 960 961 962 963 964 965 966 967 968 969 970 971 972 973 974 975 976 977 978 979 980 981 982 983 984 985 986 987 988 989 990 991 992 993 994 995 996 997 998 999 1000 1001 1002 1003 1004 1005 1006 1007 1008 1009 1010 1011 1012 1013 1014 1015 1016 1017 1018 1019 1020 1021 1022 1023 1024 1025 1026 1027 1028 1029 1030 1031 1032 1033 1034 1035 1036 1037 1038 1039 1040 1041 1042 1043 1044 1045 1046 1047 1048 1049 1050 1051 1052 1053 1054 1055 1056 1057 1058 1059 1060 1061 1062 1063 1064 1065 1066 1067 1068 1069 1070 1071 1072 1073 1074 1075 1076 1077 1078 1079 1080 1081 1082 1083 1084 1085 1086 1087 1088 1089 1090 1091 1092 1093 1094 1095 1096 1097 1098 1099 1100 1101 1102 1103 1104 1105 1106 1107 1108 1109 1110 1111 1112 1113 1114 1115 1116 1117 1118 1119 1120 1121 1122 1123 1124 1125 1126 1127 1128 1129 1130 1131 1132 1133 1134 1135 1136 1137 1138 1139 1140 1141 1142 1143 1144 1145 1146 1147 1148 1149 1150 1151 1152 1153 1154 1155 1156 1157 1158 1159 1160 1161 1162 1163 1164 1165 1166 1167 1168 1169 1170 1171 1172 1173 1174 1175 1176 1177 1178 1179 1180 1181 1182 1183 1184 1185 1186 1187 1188 1189 1190 1191 1192 1193 1194 1195 1196 1197 1198 1199 1200 1201 1202 1203 1204 1205 1206 1207 1208 1209 1210 1211 1212 1213 1214 1215 1216 1217 1218 1219 1220 1221 1222 1223 1224 1225 1226 1227 1228 1229 1230 1231 1232 1233 1234 1235 1236 1237 1238 1239 1240 1241 1242 1243 1244 1245 1246 1247 1248 1249 1250 1251 1252 1253 1254 1255 1256 1257 1258 1259 1260 1261 1262 1263 1264 1265 1266 1267 1268 1269 1270 1271 1272 1273 1274 1275 1276 1277 1278 1279 1280 1281 1282 1283 1284 1285 1286 1287 1288 1289 1290 1291 1292 1293 1294 1295 1296 1297 1298 1299 1300 1301 1302 1303 1304 1305 1306 1307 1308 1309 1310 1311 1312 1313 1314 1315 1316 1317 1318 1319 1320 1321 1322 1323 1324 1325 1326 1327 1328 1329 1330 1331 1332 1333 1334 1335 1336 1337 1338 1339 1340 1341 1342 1343 1344 1345 1346 1347 1348 1349 1350 1351 1352 1353 1354 1355 1356 1357 1358 1359 1360 1361 1362 1363 1364 1365 1366 1367 1368 1369 1370 1371 1372 1373 1374 1375 1376 1377 1378 1379 1380 1381 1382 1383 1384 1385 1386 1387 1388 1389 1390 1391 1392 1393 1394 1395 1396 1397 1398 1399 1400 1401 1402 1403 1404 1405 1406 1407 1408 1409 1410 1411 1412 1413 1414 1415 1416 1417 1418 1419 1420 1421 1422 1423 1424 1425 1426 1427 1428 1429 1430 1431 1432 1433 1434 1435 1436 1437 1438 1439 1440 1441 1442 1443 1444 1445 1446 1447 1448 1449 1450 1451 1452 1453 1454 1455 1456 1457 1458 1459 1460 1461 1462 1463 1464 1465 1466 1467 1468 1469 1470 1471 1472 1473 1474 1475 1476 1477 1478 1479 1480 1481 1482 1483 1484 1485 1486 1487 1488 1489 1490 1491 1492 1493 1494 1495 1496 1497 1498 1499 1500 1501 1502 1503 1504 1505 1506 1507 1508 1509 1510 1511 1512 1513 1514 1515 1516 1517 1518 1519 1520 1521 1522 1523 1524 1525 1526 1527 1528 1529 1530 1531 1532 1533 1534 1535 1536 1537 1538 1539 1540 1541 1542 1543 1544 1545 1546 1547 1548 1549 1550 1551 1552 1553 1554 1555 1556 1557 1558 1559 1560 1561 1562 1563 1564 1565 1566 1567 1568 1569 1570 1571 1572 1573 1574 1575 1576 1577 1578 1579 1580 1581 1582 1583 1584 1585 1586 1587 1588 1589 1590 1591 1592 1593 1594 1595 1596 1597 1598 1599 1600 1601 1602 1603 1604 1605 1606 1607 1608 1609 1610 1611 1612 1613 1614 1615 1616 1617 1618 1619 1620 1621 1622 1623 1624 1625 1626 1627 1628 1629 1630 1631 1632 1633 1634 1635 1636 1637 1638 1639 1640 1641 1642 1643 1644 1645 1646 1647 1648 1649 1650 1651 1652 1653 1654 1655 1656 1657 1658 1659 1660 1661 1662 1663 1664 1665 1666 1667 1668 1669 1670 1671 1672 1673 1674 1675 1676 1677 1678 1679 1680 1681 1682 1683 1684 1685 1686 1687 1688 1689 1690 1691 1692 1693 1694 1695 1696 1697 1698 1699 1700 1701 1702 1703 1704 1705 1706 1707 1708 1709 1710 1711 1712 1713 1714 1715 1716 1717 1718 1719 1720 1721 1722 1723 1724 1725 1726 1727 1728 1729 1730 1731 1732 1733 1734 1735 1736 1737 1738 1739 1740 1741 1742 1743 1744 1745 1746 1747 1748 1749 1750 1751 1752 1753 1754 1755 1756 1757 1758 1759 1760 1761 1762 1763 1764 1765 1766 1767 1768 1769 1770 1771 1772 1773 1774 1775 1776 1777 1778 1779 1780 1781 1782 1783 1784 1785 1786 1787 1788 1789 1790 1791 1792 1793 1794 1795 1796 1797 1798 1799 1800 1801 1802 1803 1804 1805 1806 1807 1808 1809 1810 1811 1812 1813 1814 1815 1816 1817 1818 1819 1820 1821 1822 1823 1824 1825 1826 1827 1828 1829 1830 1831 1832 1833 1834 1835 1836 1837 1838 1839 1840 1841 1842 1843 1844 1845 1846 1847 1848 1849 1850 1851 1852 1853 1854 1855 1856 1857 1858 1859 1860 1861 1862 1863 1864 1865 1866 1867 1868 1869 1870 1871 1872 1873 1874 1875 1876 1877 1878 1879 1880 1881 1882 1883 1884 1885 1886 1887 1888 1889 1890 1891 1892 1893 1894 1895 1896 1897 1898 1899 1900 1901 1902 1903 1904 1905 1906 1907 1908 1909 1910 1911 1912 1913 1914 1915 1916 1917 1918 1919 1920 1921 1922 1923 1924 1925 1926 1927 1928 1929 1930 1931 1932 1933 1934 1935 1936 1937 1938 1939 1940 1941 1942 1943 1944 1945 1946 1947 1948 1949 1950 1951 1952 1953 1954 1955 1956 1957 1958 1959 1960 1961 1962 1963 1964 1965 1966 1967 1968 1969 1970 1971 1972 1973 1974 1975 1976 1977 1978 1979 1980 1981 1982 1983 1984 1985 1986 1987 1988 1989 1990 1991 1992 1993 1994 1995 1996 1997 1998 1999 2000 2001 2002 2003 2004 2005 2006 2007 2008 2009 2010 2011 2012 2013 2014 2015 2016 2017 2018 2019 2020 2021 2022 2023 2024 2025 2026 2027 2028 2029 2030 2031 2032 2033 2034 2035 2036 2037 2038 2039 2040 2041 2042 2043 2044 2045 2046 2047 2048 2049 2050 2051 2052 2053 2054 2055 2056 2057 2058 2059 2060 2061 2062 2063 2064 2065 2066 2067 2068 2069 2070 2071 2072 2073 2074 2075 2076 2077 2078 2079 2080 2081 2082 2083 2084 2085 2086 2087 2088 2089 2090 2091 2092 2093 2094 2095 2096 2097 2098 2099 2100 2101 2102 2103 2104 2105 2106 2107 2108 2109 2110 2111 2112 2113 2114 2115 2116 2117 2118 2119 2120 2121 2122 2123 2124 2125 2126 2127 2128 2129 2130 2131 2132 2133 2134 2135 2136 2137 2138 2139 2140 2141 2142 2143 2144 2145 2146 2147 2148 2149 2150 2151 2152 2153 2154 2155 2156 2157 2158 2159 2160 2161 2162 2163 2164 2165 2166 2167 2168 2169 2170 2171 2172 2173 2174 2175 2176 2177 2178 2179 2180 2181 2182 2183 2184 2185 2186 2187 2188 2189 2190 2191 2192 2193 2194 2195 2196 2197 2198 2199 2200 2201 2202 2203 2204 2205 2206 2207 2208 2209 2210 2211 2212 2213 2214 2215 2216 2217 2218 2219 2220 2221 2222 2223 2224 2225 2226 2227 2228 2229 2230 2231 2232 2233 2234 2235 2236 2237 2238 2239 2240 2241 2242 2243 2244 2245 2246 2247 2248 2249 2250 2251 2252 2253 2254 2255 2256 2257 2258 2259 2260 2261 2262 2263 2264 2265 2266 2267 2268 2269 2270 2271 2272 2273 2274 2275 2276 2277 2278 2279 2280 2281 2282 2283 2284 2285 2286 2287 2288 2289 2290 2291 2292 2293 2294 2295 2296 2297 2298 2299 2300 2301 2302 2303 2304 2305 2306 2307 2308 2309 2310 2311 2312 2313 2314 2315 2316 2317 2318 2319 2320 2321 2322 2323 2324 2325 2326 2327 2328 2329 2330 2331 2332 2333 2334 2335 2336 2337 2338 2339 2340 2341 2342 2343 2344 2345 2346 2347 2348 2349 2350 2351 2352 2353 2354 2355 2356 2357 2358 2359 2360 2361 2362 2363 2364 2365 2366 2367 2368 2369 2370 2371 2372 2373 2374 2375 2376 2377 2378 2379 2380 2381 2382 2383 2384 2385 2386 2387 2388 2389 2390 2391 2392 2393 2394 2395 2396 2397 2398 2399 2400 2401 2402 2403 2404 2405 2406 2407 2408 2409 2410 2411 2412 2413 2414 2415 2416 2417 2418 2419 2420 2421 2422 2423 2424 2425 2426 2427 2428 2429 2430 2431 2432 2433 2434 2435 2436 2437 2438 2439 2440 2441 2442 2443 2444 2445 2446 2447 2448 2449 2450 2451 2452 2453 2454 2455 2456 2457 2458 2459 2460 2461 2462 2463 2464 2465 2466 2467 2468 2469 2470 2471 2472 2473 2474 2475 2476 2477 2478 2479 2480 2481 2482 2483 2484 2485 2486 2487 2488 2489 2490 2491 2492 2493 2494 2495 2496 2497 2498 2499 2500 2501 2502 2503 2504 2505 2506 2507 2508 2509 2510 2511 2512 2513 2514 2515 2516 2517 2518 2519 2520 2521 2522 2523 2524 2525 2526 2527 2528 2529 2530 2531 2532 2533 2534 2535 2536 2537 2538 2539 2540 2541 2542 2543 2544 2545 2546 2547 2548 2549 2550 2551 2552 2553 2554 2555 2556 2557 2558 2559 2560 2561 2562 2563 2564 2565 2566 2567 2568 2569 2570 2571 2572 2573 2574 2575 2576 2577 2578 2579 2580 2581 2582 2583 2584 2585 2586 2587 2588 2589 2590 2591 2592 2593 2594 2595 2596 2597 2598 2599 2600 2601 2602 2603 2604 2605 2606 2607 2608 2609 2610 2611 2612 2613 2614 2615 2616 2617 2618 2619 2620 2621 2622 2623 2624 2625 2626 2627 2628 2629 2630 2631 2632 2633 2634 2635 2636 2637 2638 2639 2640 2641 2642 2643 2644 2645 2646 2647 2648 2649 2650 2651 2652 2653 2654 2655 2656 2657 2658 2659 2660 2661 2662 2663 2664 2665 2666 2667 2668 2669 2670 2671 2672 2673 2674 2675 2676 2677 2678 2679 2680 2681 2682 2683 2684 2685 2686 2687 2688 2689 2690 2691 2692 2693 2694 2695 2696 2697 2698 2699 2700 2701 2702 2703 2704 2705 2706 2707 2708 2709 2710 2711 2712 2713 2714 2715 2716 2717 2718 2719 2720 2721 2722 2723 2724 2725 2726 2727 2728 2729 2730 2731 2732 2733 2734 2735 2736 2737 2738 2739 2740 2741 2742 2743 2744 2745 2746 2747 2748 2749 2750 2751 2752 2753 2754 2755 2756 2757 2758 2759 2760 2761 2762 2763 2764 2765 2766 2767 2768 2769 2770 2771 2772 2773 2774 2775 2776 2777 2778 2779 2780 2781 2782 2783 2784 2785 2786 2787 2788 2789 2790 2791 2792 2793 2794 2795 2796 2797 2798 2799 2800 2801 2802 2803 2804 2805 2806 2807 2808 2809 2810 2811 2812 2813 2814 2815 2816 2817 2818 2819 2820 2821 2822 2823 2824 2825 2826 2827 2828 2829 2830 2831 2832 2833 2834 2835 2836 2837 2838 2839 2840 2841 2842 2843 2844 2845 2846 2847 2848 2849 2850 2851 2852 2853 2854 2855 2856 2857 2858 2859 2860 2861 2862 2863 2864 2865 2866 2867 2868 2869 2870 2871 2872 2873 2874 2875 2876 2877 2878 2879 2880 2881 2882 2883 2884 2885 2886 2887 2888 2889 2890 2891 2892 2893 2894 2895 2896 2897 2898 2899 2900 2901 2902 2903 2904 2905 2906 2907 2908 2909 2910 2911 2912 2913 2914 2915 2916 2917 2918 2919 2920 2921 2922 2923 2924 2925 2926 2927 2928 2929 2930 2931 2932 2933 2934 2935 2936 2937 2938 2939 2940 2941 2942 2943 2944 2945 2946 2947 2948 2949 2950 2951 2952 2953 2954 2955 2956 2957 2958 2959 2960 2961 2962 2963 2964 2965 2966 2967 2968 2969 2970 2971 2972 2973 2974 2975 2976 2977 2978 2979 2980 2981 2982 2983 2984 2985 2986 2987 2988 2989 2990 2991 2992 2993 2994 2995 2996 2997 2998 2999 3000 3001 3002 3003 3004 3005 3006 3007 3008 3009 3010 3011 3012 3013 3014 3015 3016 3017 3018 3019 3020 3021 3022 3023 3024 3025 3026 3027 3028 3029 3030 3031 3032 3033 3034 3035 3036 3037 3038 3039 3040 3041 3042 3043 3044 3045 3046 3047 3048 3049 3050 3051 3052 3053 3054 3055 3056 3057 3058 3059 3060 3061 3062 3063 3064 3065 3066 3067 3068 3069 3070 3071 3072 3073 3074 3075 3076 3077 3078 3079 3080 3081 3082 3083 3084 3085 3086 3087 3088 3089 3090 3091 3092 3093 3094 3095 3096 3097 3098 3099 3100 3101 3102 3103 3104 3105 3106 3107 3108 3109 3110 3111 3112 3113 3114 3115 3116 3117 3118 3119 3120 3121 3122 3123 3124 3125 3126 3127 3128 3129 3130 3131 3132 3133 3134 3135 3136 3137 3138 3139 3140 3141 3142 3143 3144 3145 3146 3147 3148 3149 3150 3151 3152 3153 3154 3155 3156 3157 3158 3159 3160 3161 3162 3163 3164 3165 3166 3167 3168 3169 3170 3171 3172 3173 3174 3175 3176 3177 3178 3179 3180 3181 3182 3183 3184 3185 3186 3187 3188 3189 3190 3191 3192 3193 3194 3195 3196 3197 3198 3199 3200 3201 3202 3203 3204 3205 3206 3207 3208 3209 3210 3211 3212 3213 3214 3215 3216 3217 3218 3219 3220 3221 3222 3223 3224 3225 3226 3227 3228 3229 3230 3231 3232 3233 3234 3235 3236 3237 3238 3239 3240 3241 3242 3243 3244 3245 3246 3247 3248 3249 3250 3251 3252 3253 3254 3255 3256 3257 3258 3259 3260 3261 3262 3263 3264 3265 3266 3267 3268 3269 3270 3271 3272 3273 3274 3275 3276 3277 3278 3279 3280 3281 3282 3283 3284 3285 3286 3287 3288 3289 3290 3291 3292 3293 3294 3295 3296 3297 3298 3299 3300 3301 3302 3303 3304 3305 3306 3307 3308 3309 3310 3311 3312 3313 3314 3315 3316 3317 3318 3319 3320 3321 3322 3323 3324 3325 3326 3327 3328 3329 3330 3331 3332 3333 3334 3335 3336 3337 3338 3339 3340 3341 3342 3343 3344 3345 3346 3347 3348 3349 3350 3351 3352 3353 3354 3355 3356 3357 3358 3359 3360 3361 3362 3363 3364 3365 3366 3367 3368 3369 3370 3371 3372 3373 3374 3375 3376 3377 3378 3379 3380 3381 3382 3383 3384 3385 3386 3387 3388 3389 3390 3391 3392 3393 3394 3395 3396 3397 3398 3399 3400 3401 3402 3403 3404 3405 3406 3407 3408 3409 3410 3411 3412 3413 3414 3415 3416 3417 3418 3419 3420 3421 3422 3423 3424 3425 3426 3427 3428 3429 3430 3431 3432 3433 3434 3435 3436 3437 3438 3439 3440 3441 3442 3443 3444 3445 3446 3447 3448 3449 3450 3451 3452 3453 3454 3455 3456 3457 3458 3459 3460 3461 3462 3463 3464 3465 3466 3467 3468 3469 3470 3471 3472 3473 3474 3475 3476 3477 3478 3479 3480 3481 3482 3483 3484 3485 3486 3487 3488 3489 3490 3491 3492 3493 3494 3495 3496 3497 3498 3499 3500 3501 3502 3503 3504 3505 3506 3507 3508 3509 3510 3511 3512 3513 3514 3515 3516 3517 3518 3519 3520 3521 3522 3523 3524 3525 3526 3527 3528 3529 3530 3531 3532 3533 3534 3535 3536 3537 3538 3539 3540 3541 3542 3543 3544 3545 3546 3547 3548 3549 3550 3551 3552 3553 3554 3555 3556 3557 3558 3559 3560 3561 3562 3563 3564 3565 3566 3567 3568 3569 3570 3571 3572 3573 3574 3575 3576 3577 3578 3579 3580 3581 3582 3583 3584 3585 3586 3587 3588 3589 3590 3591 3592 3593 3594 3595 3596 3597 3598 3599 3600 3601 3602 3603 3604 3605 3606 3607 3608 3609 3610 3611 3612 3613 3614 3615 3616 3617 3618 3619 3620 3621 3622 3623 3624 3625 3626 3627 3628 3629 3630 3631 3632 3633 3634 3635 3636 3637 3638 3639 3640 3641 3642 3643 3644 3645 3646 3647 3648 3649 3650 3651 3652 3653 3654 3655 3656 3657 3658 3659 3660 3661 3662 3663 3664 3665 3666 3667 3668 3669 3670 3671 3672 3673 3674 3675 3676 3677 3678 3679 3680 3681 3682 3683 3684 3685 3686 3687 3688 3689 3690 3691 3692 3693 3694 3695 3696 3697 3698 3699 3700 3701 3702 3703 3704 3705 3706 3707 3708 3709 3710 3711 3712 3713 3714 3715 3716 3717 3718 3719 3720 3721 3722 3723 3724 3725 3726 3727 3728 3729 3730 3731 3732 3733 3734 3735 3736 3737 3738 3739 3740 3741 3742 3743 3744 3745 3746 3747 3748 3749 3750 3751 3752 3753 3754 3755 3756 3757 3758 3759 3760 3761 3762 3763 3764 3765 3766 3767 3768 3769 3770 3771 3772 3773 3774 3775 3776 3777 3778 3779 3780 3781 3782 3783 3784 3785 3786 3787 3788 3789 3790 3791 3792 3793 3794 3795 3796 3797 3798 3799 3800 3801 3802 3803 3804 3805 3806 3807 3808 3809 3810 3811 3812 3813 3814 3815 3816 3817 3818 3819 3820 3821 3822 3823 3824 3825 3826 3827 3828 3829 3830 3831 3832 3833 3834 3835 3836 3837 3838 3839 3840 3841 3842 3843 3844 3845 3846 3847 3848 3849 3850 3851 3852 3853 3854 3855 3856 3857 3858 3859 3860 3861 3862 3863 3864 3865 3866 3867 3868 3869 3870 3871 3872 3873 3874 3875 3876 3877 3878 3879 3880 3881 3882 3883 3884 3885 3886 3887 3888 3889 3890 3891 3892 3893 3894 3895 3896 3897 3898 3899 3900 3901 3902 3903 3904 3905 3906 3907 3908 3909 3910 3911 3912 3913 3914 3915 3916 3917 3918 3919 3920 3921 3922 3923 3924 3925 3926 3927 3928 3929 3930 3931 3932 3933 3934 3935 3936 3937 3938 3939 3940 3941 3942 3943 3944 3945 3946 3947 3948 3949 3950 3951 3952 3953 3954 3955 3956 3957 3958 3959 3960 3961 3962 3963 3964 3965 3966 3967 3968 3969 3970 3971 3972 3973 3974 3975 3976 3977 3978 3979 3980 3981 3982 3983 3984 3985 3986 3987 3988 3989 3990 3991 3992 3993 3994 3995 3996 3997 3998 3999 4000 4001 4002 4003 4004 4005 4006 4007 4008 4009 4010 4011 4012 4013 4014 4015 4016 4017 4018 4019 4020 4021 4022 4023 4024 4025 4026 4027 4028 4029 4030 4031 4032 4033 4034 4035 4036 4037 4038 4039 4040 4041 4042 4043 4044 4045 4046 4047 4048 4049 4050 4051 4052 4053 4054 4055 4056 4057 4058 4059 4060 4061 4062 4063 4064 4065 4066 4067 4068 4069 4070 4071 4072 4073 4074 4075 4076 4077 4078 4079 4080 4081 4082 4083 4084 4085 4086 4087 4088 4089 4090 4091 4092 4093 4094 4095 4096 4097 4098 4099 4100 4101 4102 4103 4104 4105 4106 4107 4108 4109 4110 4111 4112 4113 4114 4115 4116 4117 4118 4119 4120 4121 4122 4123 4124 4125 4126 4127 4128 4129 4130 4131 4132 4133 4134 4135 4136 4137 4138 4139 4140 4141 4142 4143 4144 4145 4146 4147 4148 4149 4150 4151 4152 4153 4154 4155 4156 4157 4158 4159 4160 4161 4162 4163 4164 4165 4166 4167 4168 4169 4170 4171 4172 4173 4174 4175 4176 4177 4178 4179 4180 4181 4182 4183 4184 4185 4186 4187 4188 4189 4190 4191 4192 4193 4194 4195 4196 4197 4198 4199 4200 4201 4202 4203 4204 4205 4206 4207 4208 4209 4210 4211 4212 4213 4214 4215 4216 4217 4218 4219 4220 4221 4222 4223 4224 4225 4226 4227 4228 4229 4230 4231 4232 4233 4234 4235 4236 4237 4238 4239 4240 4241 4242 4243 4244 4245 4246 4247 4248 4249 4250 4251 4252 4253 4254 4255 4256 4257 4258 4259 4260 4261 4262 4263 4264 4265 4266 4267 4268 4269 4270 4271 4272 4273 4274 4275 4276 4277 4278 4279 4280 4281 4282 4283 4284 4285 4286 4287 4288 4289 4290 4291 4292 4293 4294 4295 4296 4297 4298 4299 4300 4301 4302 4303 4304 4305 4306 4307 4308 4309 4310 4311 4312 4313 4314 4315 4316 4317 4318 4319 4320 4321 4322 4323 4324 4325 4326 4327 4328 4329 4330 4331 4332 4333 4334 4335 4336 4337 4338 4339 4340 4341 4342 4343 4344 4345 4346 4347 4348 4349 4350 4351 4352 4353 4354 4355 4356 4357 4358 4359 4360 4361 4362 4363 4364 4365 4366 4367 4368 4369 4370 4371 4372 4373 4374 4375 4376 4377 4378 4379 4380 4381 4382 4383 4384 4385 4386 4387 4388 4389 4390 4391 4392 4393 4394 4395 4396 4397 4398 4399 4400 4401 4402 4403 4404 4405 4406 4407 4408 4409 4410 4411 4412 4413 4414 4415 4416 4417 4418 4419 4420 4421 4422 4423 4424 4425 4426 4427 4428 4429 4430 4431 4432 4433 4434 4435 4436 4437 4438 4439 4440 4441 4442 4443 4444 4445 4446 4447 4448 4449 4450 4451 4452 4453 4454 4455 4456 4457 4458 4459 4460 4461 4462 4463 4464 4465 4466 4467 4468 4469 4470 4471 4472 4473 4474 4475 4476 4477 4478 4479 4480 4481 4482 4483 4484 4485 4486 4487 4488 4489 4490 4491 4492 4493 4494 4495 4496 4497 4498 4499 4500 4501 4502 4503 4504 4505 4506 4507 4508 4509 4510 4511 4512 4513 4514 4515 4516 4517 4518 4519 4520 4521 4522 4523 4524 4525 4526 4527 4528 4529 4530 4531 4532 4533 4534 4535 4536 4537 4538 4539 4540 4541 4542 4543 4544 4545 4546 4547 4548 4549 4550 4551 4552 4553 4554 4555 4556 4557 4558 4559 4560 4561 4562 4563 4564 4565 4566 4567 4568 4569 4570 4571 4572 4573 4574 4575 4576 4577 4578 4579 4580 4581 4582 4583 4584 4585 4586 4587 4588 4589 4590 4591 4592 4593 4594 4595 4596 4597 4598 4599 4600 4601 4602 4603 4604 4605 4606 4607 4608 4609 4610 4611 4612 4613 4614 4615 4616 4617 4618 4619 4620 4621 4622 4623 4624 4625 4626 4627 4628 4629 4630 4631 4632 4633 4634 4635 4636 4637 4638 4639 4640 4641 4642 4643 4644 4645 4646 4647 4648 4649 4650 4651 4652 4653 4654 4655 4656 4657 4658 4659 4660 4661 4662 4663 4664 4665 4666 4667 4668 4669 4670 4671 4672 4673 4674 4675 4676 4677 4678 4679 4680 4681 4682 4683 4684 4685 4686 4687 4688 4689 4690 4691 4692 4693 4694 4695 4696 4697 4698 4699 4700 4701 4702 4703 4704 4705 4706 4707 4708 4709 4710 4711 4712 4713 4714 4715 4716 4717 4718 4719 4720 4721 4722 4723 4724 4725 4726 4727 4728 4729 4730 4731 4732 4733 4734 4735 4736 4737 4738 4739 4740 4741 4742 4743 4744 4745 4746 4747 4748 4749 4750 4751 4752 4753 4754 4755 4756 4757 4758 4759 4760 4761 4762 4763 4764 4765 4766 4767 4768 4769 4770 4771 4772 4773 4774 4775 4776 4777 4778 4779 4780 4781 4782 4783 4784 4785 4786 4787 4788 4789 4790 4791 4792 4793 4794 4795 4796 4797 4798 4799 4800 4801 4802 4803 4804 4805 4806 4807 4808 4809 4810 4811 4812 4813 4814 4815 4816 4817 4818 4819 4820 4821 4822 4823 4824 4825 4826 4827 4828 4829 4830 4831 4832 4833 4834 4835 4836 4837 4838 4839 4840 4841 4842 4843 4844 4845 4846 4847 4848 4849 4850 4851 4852 4853 4854 4855 4856 4857 4858 4859 4860 4861 4862 4863 4864 4865 4866 4867 4868 4869 4870 4871 4872 4873 4874 4875 4876 4877 4878 4879 4880 4881 4882 4883 4884 4885 4886 4887 4888 4889 4890 4891 4892 4893 4894 4895 4896 4897 4898 4899 4900 4901 4902 4903 4904 4905 4906 4907 4908 4909 4910 4911 4912 4913 4914 4915 4916 4917 4918 4919 4920 4921 4922 4923 4924 4925 4926 4927 4928 4929 4930 4931 4932 4933 4934 4935 4936 4937 4938 4939 4940 4941 4942 4943 4944 4945 4946 4947 4948 4949 4950 4951 4952 4953 4954 4955 4956 4957 4958 4959 4960 4961 4962 4963 4964 4965 4966 4967 4968 4969 4970 4971 4972 4973 4974 4975 4976 4977 4978 4979 4980 4981 4982 4983 4984 4985 4986 4987 4988 4989 4990 4991 4992 4993 4994 4995 4996 4997 4998 4999 5000 5001 5002 5003 5004 5005 5006 5007 5008 5009 5010 5011 5012 5013 5014 5015 5016 5017 5018 5019 5020 5021 5022 5023 5024 5025 5026 5027 5028 5029 5030 5031 5032 5033 5034 5035 5036 5037 5038 5039 5040 5041 5042 5043 5044 5045 5046 5047 5048 5049 5050 5051 5052 5053 5054 5055 5056 5057 5058 5059 5060 5061 5062 5063 5064 5065 5066 5067 5068 5069 5070 5071 5072 5073 5074 5075 5076 5077 5078 5079 5080 5081 5082 5083 5084 5085 5086 5087 5088 5089 5090 5091 5092 5093 5094 5095 5096 5097 5098 5099 5100 5101 5102 5103 5104 5105 5106 5107 5108 5109 5110 5111 5112 5113 5114 5115 5116 5117 5118 5119 5120 5121 5122 5123 5124 5125 5126 5127 5128 5129 5130 5131 5132 5133 5134 5135 5136 5137 5138 5139 5140 5141 5142 5143 5144 5145 5146 5147 5148 5149 5150 5151 5152 5153 5154 5155 5156 5157 5158 5159 5160 5161 5162 5163 5164 5165 5166 5167 5168 5169 5170 5171 5172 5173 5174 5175 5176 5177 5178 5179 5180 5181 5182 5183 5184 5185 5186 5187 5188 5189 5190 5191 5192 5193 5194 5195 5196 5197 5198 5199 5200 5201 5202 5203 5204 5205 5206 5207 5208 5209 5210 5211 5212 5213 5214 5215 5216 5217 5218 5219 5220 5221 5222 5223 5224 5225 5226 5227 5228 5229 5230 5231 5232 5233 5234 5235 5236 5237 5238 5239 5240 5241 5242 5243 5244 5245 5246 5247 5248 5249 5250 5251 5252 5253 5254 5255 5256 5257 5258 5259 5260 5261 5262 5263 5264 5265 5266 5267 5268 5269 5270 5271 5272 5273 5274 5275 5276 5277 5278 5279 5280 5281 5282 5283 5284 5285 5286 5287 5288 5289 5290 5291 5292 5293 5294 5295 5296 5297 5298 5299 5300 5301 5302 5303 5304 5305 5306 5307 5308 5309 5310 5311 5312 5313 5314 5315 5316 5317 5318 5319 5320 5321 5322 5323 5324 5325 5326 5327 5328 5329 5330 5331 5332 5333 5334 5335 5336 5337 5338 5339 5340 5341 5342 5343 5344 5345 5346 5347 5348 5349 5350 5351 5352 5353 5354 5355 5356 5357 5358 5359 5360 5361 5362 5363 5364 5365 5366 5367 5368 5369 5370 5371 5372 5373 5374 5375 5376 5377 5378 5379 5380 5381 5382 5383 5384 5385 5386 5387 5388 5389 5390 5391 5392 5393 5394 5395 5396 5397 5398 5399 5400 5401 5402 5403 5404 5405 5406 5407 5408 5409 5410 5411 5412 5413 5414 5415 5416 5417 5418 5419 5420 5421 5422 5423 5424 5425 5426 5427 5428 5429 5430 5431 5432 5433 5434 5435 5436 5437 5438 5439 5440 5441 5442 5443 5444 5445 5446 5447 5448 5449 5450 5451 5452 5453 5454 5455 5456 5457 5458 5459 5460 5461 5462 5463 5464 5465 5466 5467 5468 5469 5470 5471 5472 5473 5474 5475 5476 5477 5478 5479 5480 5481 5482 5483 5484 5485 5486 5487 5488 5489 5490 5491 5492 5493 5494 5495 5496 5497 5498 5499 5500 5501 5502 5503 5504 5505 5506 5507 5508 5509 5510 5511 5512 5513 5514 5515 5516 5517 5518 5519 5520 5521 5522 5523 5524 5525 5526 5527 5528 5529 5530 5531 5532 5533 5534 5535 5536 5537 5538 5539 5540 5541 5542 5543 5544 5545 5546 5547 5548 5549 5550 5551 5552 5553 5554 5555 5556 5557 5558 5559 5560 5561 5562 5563 5564 5565 5566 5567 5568 5569 5570 5571 5572 5573 5574 5575 5576 5577 5578 5579 5580 5581 5582 5583 5584 5585 5586 5587 5588 5589 5590 5591 5592 5593 5594 5595 5596 5597 5598 5599 5600 5601 5602 5603 5604 5605 5606 5607 5608 5609 5610 5611 5612 5613 5614 5615 5616 5617 5618 5619 5620 5621 5622 5623 5624 5625 5626 5627 5628 5629 5630 5631 5632 5633 5634 5635 5636 5637 5638 5639 5640 5641 5642 5643 5644 5645 5646 5647 5648 5649 5650 5651 5652 5653 5654 5655 5656 5657 5658 5659 5660 5661 5662 5663 5664 5665 5666 5667 5668 5669 5670 5671 5672 5673 5674 5675 5676 5677 5678 5679 5680 5681 5682 5683 5684 5685 5686 5687 5688 5689 5690 5691 5692 5693 5694 5695 5696 5697 5698 5699 5700 5701 5702 5703 5704 5705 5706 5707 5708 5709 5710 5711 5712 5713 5714 5715 5716 5717 5718 5719 5720 5721 5722 5723 5724 5725 5726 5727 5728 5729 5730 5731 5732 5733 5734 5735 5736 5737 5738 5739 5740 5741 5742 5743 5744 5745 5746 5747 5748 5749 5750 5751 5752 5753 5754 5755 5756 5757 5758 5759 5760 5761 5762 5763 5764 5765 5766 5767 5768 5769 5770 5771 5772 5773 5774 5775 5776 5777 5778 5779 5780 5781 5782 5783 5784 5785 5786 5787 5788 5789 5790 5791 5792 5793 5794 5795 5796 5797 5798 5799 5800 5801 5802 5803 5804 5805 5806 5807 5808 5809 5810 5811 5812 5813 5814 5815 5816 5817 5818 5819 5820 5821 5822 5823 5824 5825 5826 5827 5828 5829 5830 5831 5832 5833 5834 5835 5836 5837 5838 5839 5840 5841 5842 5843 5844 5845 5846 5847 5848 5849 5850 5851 5852 5853 5854 5855 5856 5857 5858 5859 5860 5861 5862 5863 5864 5865 5866 5867 5868 5869 5870 5871 5872 5873 5874 5875 5876 5877 5878 5879 5880 5881 5882 5883 5884 5885 5886 5887 5888 5889 5890 5891 5892 5893 5894 5895 5896 5897 5898 5899 5900 5901 5902 5903 5904 5905 5906 5907 5908 5909 5910 5911 5912 5913 5914 5915 5916 5917 5918 5919 5920 5921 5922 5923 5924 5925 5926 5927 5928 5929 5930 5931 5932 5933 5934 5935 5936 5937 5938 5939 5940 5941 5942 5943 5944 5945 5946 5947 5948 5949 5950 5951 5952 5953 5954 5955 5956 5957 5958 5959 5960 5961 5962 5963 5964 5965 5966 5967 5968 5969 5970 5971 5972 5973 5974 5975 5976 5977 5978 5979 5980 5981 5982 5983 5984 5985 5986 5987 5988 5989 5990 5991 5992 5993 5994 5995 5996 5997 5998 5999 6000 6001 6002 6003 6004 6005 6006 6007 6008 6009 6010 6011 6012 6013 6014 6015 6016 6017 6018 6019 6020 6021 6022 6023 6024 6025 6026 6027 6028 6029 6030 6031 6032 6033 6034 6035 6036 6037 6038 6039 6040 6041 6042 6043 6044 6045 6046 6047 6048 6049 6050 6051 6052 6053 6054 6055 6056 6057 6058 6059 6060 6061 6062 6063 6064 6065 6066 6067 6068 6069 6070 6071 6072 6073 6074 6075 6076 6077 6078 6079 6080 6081 6082 6083 6084 6085 6086 6087 6088 6089 6090 6091 6092 6093 6094 6095 6096 6097 6098 6099 6100 6101 6102 6103 6104 6105 6106 6107 6108 6109 6110 6111 6112 6113 6114 6115 6116 6117 6118 6119 6120 6121 6122 6123 6124 6125 6126 6127 6128 6129 6130 6131 6132 6133 6134 6135 6136 6137 6138 6139 6140 6141 6142 6143 6144 6145 6146 6147 6148 6149 6150 6151 6152 6153 6154 6155 6156 6157 6158 6159 6160 6161 6162 6163 6164 6165 6166 6167 6168 6169 6170 6171 6172 6173 6174 6175 6176 6177 6178 6179 6180 6181 6182 6183 6184 6185 6186 6187 6188 6189 6190 6191 6192 6193 6194 6195 6196 6197 6198 6199 6200 6201 6202 6203 6204 6205 6206 6207 6208 6209 6210 6211 6212 6213 6214 6215 6216 6217 6218 6219 6220 6221 6222 6223 6224 6225 6226 6227 6228 6229 6230 6231 6232 6233 6234 6235 6236 6237 6238 6239 6240 6241 6242 6243 6244 6245 6246 6247 6248 6249 6250 6251 6252 6253 6254 6255 6256 6257 6258 6259 6260 6261 6262 6263 6264 6265 6266 6267 6268 6269 6270 6271 6272 6273 6274 6275 6276 6277 6278 6279 6280 6281 6282 6283 6284 6285 6286 6287 6288 6289 6290 6291 6292 6293 6294 6295 6296 6297 6298 6299 6300 6301 6302 6303 6304 6305 6306 6307 6308 6309 6310 6311 6312 6313 6314 6315 6316 6317 6318 6319 6320 6321 6322 6323 6324 6325 6326 6327 6328 6329 6330 6331 6332 6333 6334 6335 6336 6337 6338 6339 6340 6341 6342 6343 6344 6345 6346 6347 6348 6349 6350 6351 6352 6353 6354 6355 6356 6357 6358 6359 6360 6361 6362 6363 6364 6365 6366 6367 6368 6369 6370 6371 6372 6373 6374 6375 6376 6377 6378 6379 6380 6381 6382 6383 6384 6385 6386 6387 6388 6389 6390 6391 6392 6393 6394 6395 6396 6397 6398 6399 6400 6401 6402 6403 6404 6405 6406 6407 6408 6409 6410 6411 6412 6413 6414 6415 6416 6417 6418 6419 6420 6421 6422 6423 6424 6425 6426 6427 6428 6429 6430 6431 6432 6433 6434 6435 6436 6437 6438 6439 6440 6441 6442 6443 6444 6445 6446 6447 6448 6449 6450 6451 6452 6453 6454 6455 6456 6457 6458 6459 6460 6461 6462 6463 6464 6465 6466 6467 6468 6469 6470 6471 6472 6473 6474 6475 6476 6477 6478 6479 6480 6481 6482 6483 6484 6485 6486 6487 6488 6489 6490 6491 6492 6493 6494 6495 6496 6497 6498 6499 6500 6501 6502 6503 6504 6505 6506 6507 6508 6509 6510 6511 6512 6513 6514 6515 6516 6517 6518 6519 6520 6521 6522 6523 6524 6525 6526 6527 6528 6529 6530 6531 6532 6533 6534 6535 6536 6537 6538 6539 6540 6541 6542 6543 6544 6545 6546 6547 6548 6549 6550 6551 6552 6553 6554 6555 6556 6557 6558 6559 6560 6561 6562 6563 6564 6565 6566 6567 6568 6569 6570 6571 6572 6573 6574 6575 6576 6577 6578 6579 6580 6581 6582 6583 6584 6585 6586 6587 6588 6589 6590 6591 6592 6593 6594 6595 6596 6597 6598 6599 6600 6601 6602 6603 6604 6605 6606 6607 6608 6609 6610 6611 6612 6613 6614 6615 6616 6617 6618 6619 6620 6621 6622 6623 6624 6625 6626 6627 6628 6629 6630 6631 6632 6633 6634 6635 6636 6637 6638 6639 6640 6641 6642 6643 6644 6645 6646 6647 6648 6649 6650 6651 6652 6653 6654 6655 6656 6657 6658 6659 6660 6661 6662 6663 6664 6665 6666 6667 6668 6669 6670 6671 6672 6673 6674 6675 6676 6677 6678 6679 6680 6681 6682 6683 6684 6685 6686 6687 6688 6689 6690 6691 6692 6693 6694 6695 6696 6697 6698 6699 6700 6701 6702 6703 6704 6705 6706 6707 6708 6709 6710 6711 6712 6713 6714 6715 6716 6717 6718 6719 6720 6721 6722 6723 6724 6725 6726 6727 6728 6729 6730 6731 6732 6733 6734 6735 6736 6737 6738 6739 6740 6741 6742 6743 6744 6745 6746 6747 6748 6749 6750 6751 6752 6753 6754 6755 6756 6757 6758 6759 6760 6761 6762 6763 6764 6765 6766 6767 6768 6769 6770 6771 6772 6773 6774 6775 6776 6777 6778 6779 6780 6781 6782 6783 6784 6785 6786 6787 6788 6789 6790 6791 6792 6793 6794 6795 6796 6797 6798 6799 6800 6801 6802 6803 6804 6805 6806 6807 6808 6809 6810 6811 6812 6813 6814 6815 6816 6817 6818 6819 6820 6821 6822 6823 6824 6825 6826 6827 6828 6829 6830 6831 6832 6833 6834 6835 6836 6837 6838 6839 6840 6841 6842 6843 6844 6845 6846 6847 6848 6849 6850 6851 6852 6853 6854 6855 6856 6857 6858 6859 6860 6861 6862 6863 6864 6865 6866 6867 6868 6869 6870 6871 6872 6873 6874 6875 6876 6877 6878 6879 6880 6881 6882 6883 6884 6885 6886 6887 6888 6889 6890 6891 6892 6893 6894 6895 6896 6897 6898 6899 6900 6901 6902 6903 6904 6905 6906 6907 6908 6909 6910 6911 6912 6913 6914 6915 6916 6917 6918 6919 6920 6921 6922 6923 6924 6925 6926 6927 6928 6929 6930 6931 6932 6933 6934 6935 6936 6937 6938 6939 6940 6941 6942 6943 6944 6945 6946 6947 6948 6949 6950 6951 6952 6953 6954 6955 6956 6957 6958 6959 6960 6961 6962 6963 6964 6965 6966 6967 6968 6969 6970 6971 6972 6973 6974 6975 6976 6977 6978 6979 6980 6981 6982 6983 6984 6985 6986 6987 6988 6989 6990 6991 6992 6993 6994 6995 6996 6997 6998 6999 7000 7001 7002 7003 7004 7005 7006 7007 7008 7009 7010 7011 7012 7013 7014 7015 7016 7017 7018 7019 7020 7021 7022 7023 7024 7025 7026 7027 7028 7029 7030 7031 7032 7033 7034 7035 7036 7037 7038 7039 7040 7041 7042 7043 7044 7045 7046 7047 7048 7049 7050 7051 7052 7053 7054 7055 7056 7057 7058 7059 7060 7061 7062 7063 7064 7065 7066 7067 7068 7069 7070 7071 7072 7073 7074 7075 7076 7077 7078 7079 7080 7081 7082 7083 7084 7085 7086 7087 7088 7089 7090 7091 7092 7093 7094 7095 7096 7097 7098 7099 7100 7101 7102 7103 7104 7105 7106 7107 7108 7109 7110 7111 7112 7113 7114 7115 7116 7117 7118 7119 7120 7121 7122 7123 7124 7125 7126 7127 7128 7129 7130 7131 7132 7133 7134 7135 7136 7137 7138 7139 7140 7141 7142 7143 7144 7145 7146 7147 7148 7149 7150 7151 7152 7153 7154 7155 7156 7157 7158 7159 7160 7161 7162 7163 7164 7165 7166 7167 7168 7169 7170 7171 7172 7173 7174 7175 7176 7177 7178 7179 7180 7181 7182 7183 7184 7185 7186 7187 7188 7189 7190 7191 7192 7193 7194 7195 7196 7197 7198 7199 7200 7201 7202 7203 7204 7205 7206 7207 7208 7209 7210 7211 7212 7213 7214 7215 7216 7217 7218 7219 7220 7221 7222 7223 7224 7225 7226 7227 7228 7229 7230 7231 7232 7233 7234 7235 7236 7237 7238 7239 7240 7241 7242 7243 7244 7245 7246 7247 7248 7249 7250 7251 7252 7253 7254 7255 7256 7257 7258 7259 7260 7261 7262 7263 7264 7265 7266 7267 7268 7269 7270 7271 7272 7273 7274 7275 7276 7277 7278 7279 7280 7281 7282 7283 7284 7285 7286 7287 7288 7289 7290 7291 7292 7293 7294 7295 7296 7297 7298 7299 7300 7301 7302 7303 7304 7305 7306 7307 7308 7309 7310 7311 7312 7313 7314 7315 7316 7317 7318 7319 7320 7321 7322 7323 7324 7325 7326 7327 7328 7329 7330 7331 7332 7333 7334 7335 7336 7337 7338 7339 7340 7341 7342 7343 7344 7345 7346 7347 7348 7349 7350 7351 7352 7353 7354 7355 7356 7357 7358 7359 7360 7361 7362 7363 7364 7365 7366 7367 7368 7369 7370 7371 7372 7373 7374 7375 7376 7377 7378 7379 7380 7381 7382 7383 7384 7385 7386 7387 7388 7389 7390 7391 7392 7393 7394 7395 7396 7397 7398 7399 7400 7401 7402 7403 7404 7405 7406 7407 7408 7409 7410 7411 7412 7413 7414 7415 7416 7417 7418 7419 7420 7421 7422 7423 7424 7425 7426 7427 7428 7429 7430 7431 7432 7433 7434 7435 7436 7437 7438 7439 7440 7441 7442 7443 7444 7445 7446 7447 7448 7449 7450 7451 7452 7453 7454 7455 7456 7457 7458 7459 7460 7461 7462 7463 7464 7465 7466 7467 7468 7469 7470 7471 7472 7473 7474 7475 7476 7477 7478 7479 7480 7481 7482 7483 7484 7485 7486 7487 7488 7489 7490 7491 7492 7493 7494 7495 7496 7497 7498 7499 7500 7501 7502 7503 7504 7505 7506 7507 7508 7509 7510 7511 7512 7513 7514 7515 7516 7517 7518 7519 7520 7521 7522 7523 7524 7525 7526 7527 7528 7529 7530 7531 7532 7533 7534 7535 7536 7537 7538 7539 7540 7541 7542 7543 7544 7545 7546 7547 7548 7549 7550 7551 7552 7553 7554 7555 7556 7557 7558 7559 7560 7561 7562 7563 7564 7565 7566 7567 7568 7569 7570 7571 7572 7573 7574 7575 7576 7577 7578 7579 7580 7581 7582 7583 7584 7585 7586 7587 7588 7589 7590 7591 7592 7593 7594 7595 7596 7597 7598 7599 7600 7601 7602 7603 7604 7605 7606 7607 7608 7609 7610 7611 7612 7613 7614 7615 7616 7617 7618 7619 7620 7621 7622 7623 7624 7625 7626 7627 7628 7629 7630 7631 7632 7633 7634 7635 7636 7637 7638 7639 7640 7641 7642 7643 7644 7645 7646 7647 7648 7649 7650 7651 7652 7653 7654 7655 7656 7657 7658 7659 7660 7661 7662 7663 7664 7665 7666 7667 7668 7669 7670 7671 7672 7673 7674 7675 7676 7677 7678 7679 7680 7681 7682 7683 7684 7685 7686 7687 7688 7689 7690 7691 7692 7693 7694 7695 7696 7697 7698 7699 7700 7701 7702 7703 7704 7705 7706 7707 7708 7709 7710 7711 7712 7713 7714 7715 7716 7717 7718 7719 7720 7721 7722 7723 7724 7725 7726 7727 7728 7729 7730 7731 7732 7733 7734 7735 7736 7737 7738 7739 7740 7741 7742 7743 7744 7745 7746 7747 7748 7749 7750 7751 7752 7753 7754 7755 7756 7757 7758 7759 7760 7761 7762 7763 7764 7765 7766 7767 7768 7769 7770 7771 7772 7773 7774 7775 7776 7777 7778 7779 7780 7781 7782 7783 7784 7785 7786 7787 7788 7789 7790 7791 7792 7793 7794 7795 7796 7797 7798 7799 7800 7801 7802 7803 7804 7805 7806 7807 7808 7809 7810 7811 7812 7813 7814 7815 7816 7817 7818 7819 7820 7821 7822 7823 7824 7825 7826 7827 7828 7829 7830 7831 7832 7833 7834 7835 7836 7837 7838 7839 7840 7841 7842 7843 7844 7845 7846 7847 7848 7849 7850 7851 7852 7853 7854 7855 7856 7857 7858 7859 7860 7861 7862 7863 7864 7865 7866 7867 7868 7869 7870 7871 7872 7873 7874 7875 7876 7877 7878 7879 7880 7881 7882 7883 7884 7885 7886 7887 7888 7889 7890 7891 7892 7893 7894 7895 7896 7897 7898 7899 7900 7901 7902 7903 7904 7905 7906 7907 7908 7909 7910 7911 7912 7913 7914 7915 7916 7917 7918 7919 7920 7921 7922 7923 7924 7925 7926 7927 7928 7929 7930 7931 7932 7933 7934 7935 7936 7937 7938 7939 7940 7941 7942 7943 7944 7945 7946 7947 7948 7949 7950 7951 7952 7953 7954 7955 7956 7957 7958 7959 7960 7961 7962 7963 7964 7965 7966 7967 7968 7969 7970 7971 7972 7973 7974 7975 7976 7977 7978 7979 7980 7981 7982 7983 7984 7985 7986 7987 7988 7989 7990 7991 7992 7993 7994 7995 7996 7997 7998 7999 8000 8001 8002 8003 8004 8005 8006 8007 8008 8009 8010 8011 8012 8013 8014 8015 8016 8017 8018 8019 8020 8021 8022 8023 8024 8025 8026 8027 8028 8029 8030 8031 8032 8033 8034 8035 8036 8037 8038 8039 8040 8041 8042 8043 8044 8045 8046 8047 8048 8049 8050 8051 8052 8053 8054 8055 8056 8057 8058 8059 8060 8061 8062 8063 8064 8065 8066 8067 8068 8069 8070 8071 8072 8073 8074 8075 8076 8077 8078 8079 8080 8081 8082 8083 8084 8085 8086 8087 8088 8089 8090 8091 8092 8093 8094 8095 8096 8097 8098 8099 8100 8101 8102 8103 8104 8105 8106 8107 8108 8109 8110 8111 8112 8113 8114 8115 8116 8117 8118 8119 8120 8121 8122 8123 8124 8125 8126 8127 8128 8129 8130 8131 8132 8133 8134 8135 8136 8137 8138 8139 8140 8141 8142 8143 8144 8145 8146 8147 8148 8149 8150 8151 8152 8153 8154 8155 8156 8157 8158 8159 8160 8161 8162 8163 8164 8165 8166 8167 8168 8169 8170 8171 8172 8173 8174 8175 8176 8177 8178 8179 8180 8181 8182 8183 8184 8185 8186 8187 8188 8189 8190 8191 8192 8193 8194 8195 8196 8197 8198 8199 8200 8201 8202 8203 8204 8205 8206 8207 8208 8209 8210 8211 8212 8213 8214 8215 8216 8217 8218 8219 8220 8221 8222 8223 8224 8225 8226 8227 8228 8229 8230 8231 8232 8233 8234 8235 8236 8237 8238 8239 8240 8241 8242 8243 8244 8245 8246 8247 8248 8249 8250 8251 8252 8253 8254 8255 8256 8257 8258 8259 8260 8261 8262 8263 8264 8265 8266 8267 8268 8269 8270 8271 8272 8273 8274 8275 8276 8277 8278 8279 8280 8281 8282 8283 8284 8285 8286 8287 8288 8289 8290 8291 8292 8293 8294 8295 8296 8297 8298 8299 8300 8301 8302 8303 8304 8305 8306 8307 8308 8309 8310 8311 8312 8313 8314 8315 8316 8317 8318 8319 8320 8321 8322 8323 8324 8325 8326 8327 8328 8329 8330 8331 8332 8333 8334 8335 8336 8337 8338 8339 8340 8341 8342 8343 8344 8345 8346 8347 8348 8349 8350 8351 8352 8353 8354 8355 8356 8357 8358 8359 8360 8361 8362 8363 8364 8365 8366 8367 8368 8369 8370 8371 8372 8373 8374 8375 8376 8377 8378 8379 8380 8381 8382 8383 8384 8385 8386 8387 8388 8389 8390 8391 8392 8393 8394 8395 8396 8397 8398 8399 8400 8401 8402 8403 8404 8405 8406 8407 8408 8409 8410 8411 8412 8413 8414 8415 8416 8417 8418 8419 8420 8421 8422 8423 8424 8425 8426 8427 8428 8429 8430 8431 8432 8433 8434 8435 8436 8437 8438 8439 8440 8441 8442 8443 8444 8445 8446 8447 8448 8449 8450 8451 8452 8453 8454 8455 8456 8457 8458 8459 8460 8461 8462 8463 8464 8465 8466 8467 8468 8469 8470 8471 8472 8473 8474 8475 8476 8477 8478 8479 8480 8481 8482 8483 8484 8485 8486 8487 8488 8489 8490 8491 8492 8493 8494 8495 8496 8497 8498 8499 8500 8501 8502 8503 8504 8505 8506 8507 8508 8509 8510 8511 8512 8513 8514 8515 8516 8517 8518 8519 8520 8521 8522 8523 8524 8525 8526 8527 8528 8529 8530 8531 8532 8533 8534 8535 8536 8537 8538 8539 8540 8541 8542 8543 8544 8545 8546 8547 8548 8549 8550 8551 8552 8553 8554 8555 8556 8557 8558 8559 8560 8561 8562 8563 8564 8565 8566 8567 8568 8569 8570 8571 8572 8573 8574 8575 8576 8577 8578 8579 8580 8581 8582 8583 8584 8585 8586 8587 8588 8589 8590 8591 8592 8593 8594 8595 8596 8597 8598 8599 8600 8601 8602 8603 8604 8605 8606 8607 8608 8609 8610 8611 8612 8613 8614 8615 8616 8617 8618 8619 8620 8621 8622 8623 8624 8625 8626 8627 8628 8629 8630 8631 8632 8633 8634 8635 8636 8637 8638 8639 8640 8641 8642 8643 8644 8645 8646 8647 8648 8649 8650 8651 8652 8653 8654 8655 8656 8657 8658 8659 8660 8661 8662 8663 8664 8665 8666 8667 8668 8669 8670 8671 8672 8673 8674 8675 8676 8677 8678 8679 8680 8681 8682 8683 8684 8685 8686 8687 8688 8689 8690 8691 8692 8693 8694 8695 8696 8697 8698 8699 8700 8701 8702 8703 8704 8705 8706 8707 8708 8709 8710 8711 8712 8713 8714 8715 8716 8717 8718 8719 8720 8721 8722 8723 8724 8725 8726 8727 8728 8729 8730 8731 8732 8733 8734 8735 8736 8737 8738 8739 8740 8741 8742 8743 8744 8745 8746 8747 8748 8749 8750 8751 8752 8753 8754 8755 8756 8757 8758 8759 8760 8761 8762 8763 8764 8765 8766 8767 8768 8769 8770 8771 8772 8773 8774 8775 8776 8777 8778 8779 8780 8781 8782 8783 8784 8785 8786 8787 8788 8789 8790 8791 8792 8793 8794 8795 8796 8797 8798 8799 8800 8801 8802 8803 8804 8805 8806 8807 8808 8809 8810 8811 8812 8813 8814 8815 8816 8817 8818 8819 8820 8821 8822 8823 8824 8825 8826 8827 8828 8829 8830 8831 8832 8833 8834 8835 8836 8837 8838 8839 8840 8841 8842 8843 8844 8845 8846 8847 8848 8849 8850 8851 8852 8853 8854 8855 8856 8857 8858 8859 8860 8861 8862 8863 8864 8865 8866 8867 8868 8869 8870 8871 8872 8873 8874 8875 8876 8877 8878 8879 8880 8881 8882 8883 8884 8885 8886 8887 8888 8889 8890 8891 8892 8893 8894 8895 8896 8897 8898 8899 8900 8901 8902 8903 8904 8905 8906 8907 8908 8909 8910 8911 8912 8913 8914 8915 8916 8917 8918 8919 8920 8921 8922 8923 8924 8925 8926 8927 8928 8929 8930 8931 8932 8933 8934 8935 8936 8937 8938 8939 8940 8941 8942 8943 8944 8945 8946 8947 8948 8949 8950 8951 8952 8953 8954 8955 8956 8957 8958 8959 8960 8961 8962 8963 8964 8965 8966 8967 8968 8969 8970 8971 8972 8973 8974 8975 8976 8977 8978 8979 8980 8981 8982 8983 8984 8985 8986 8987 8988 8989 8990 8991 8992 8993 8994 8995 8996 8997 8998 8999 9000 9001 9002 9003 9004 9005 9006 9007 9008 9009 9010 9011 9012 9013 9014 9015 9016 9017 9018 9019 9020 9021 9022 9023 9024 9025 9026 9027 9028 9029 9030 9031 9032 9033 9034 9035 9036 9037 9038 9039 9040 9041 9042 9043 9044 9045 9046 9047 9048 9049 9050 9051 9052 9053 9054 9055 9056 9057 9058 9059 9060 9061 9062 9063 9064 9065 9066 9067 9068 9069 9070 9071 9072 9073 9074 9075 9076 9077 9078 9079 9080 9081 9082 9083 9084 9085 9086 9087 9088 9089 9090 9091 9092 9093 9094 9095 9096 9097 9098 9099 9100 9101 9102 9103 9104 9105 9106 9107 9108 9109 9110 9111 9112 9113 9114 9115 9116 9117 9118 9119 9120 9121 9122 9123 9124 9125 9126 9127 9128 9129 9130 9131 9132 9133 9134 9135 9136 9137 9138 9139 9140 9141 9142 9143 9144 9145 9146 9147 9148 9149 9150 9151 9152 9153 9154 9155 9156 9157 9158 9159 9160 9161 9162 9163 9164 9165 9166 9167 9168 9169 9170 9171 9172 9173 9174 9175 9176 9177 9178 9179 9180 9181 9182 9183 9184 9185 9186 9187 9188 9189 9190 9191 9192 9193 9194 9195 9196 9197 9198 9199 9200 9201 9202 9203 9204 9205 9206 9207 9208 9209 9210 9211 9212 9213 9214 9215 9216 9217 9218 9219 9220 9221 9222 9223 9224 9225 9226 9227 9228 9229 9230 9231 9232 9233 9234 9235 9236 9237 9238 9239 9240 9241 9242 9243 9244 9245 9246 9247 9248 9249 9250 9251 9252 9253 9254 9255 9256 9257 9258 9259 9260 9261 9262 9263 9264 9265 9266 9267 9268 9269 9270 9271 9272 9273 9274 9275 9276 9277 9278 9279 9280 9281 9282 9283 9284 9285 9286 9287 9288 9289 9290 9291 9292 9293 9294 9295 9296 9297 9298 9299 9300 9301 9302 9303 9304 9305 9306 9307 9308 9309 9310 9311 9312 9313 9314 9315 9316 9317 9318 9319 9320 9321 9322 9323 9324 9325 9326 9327 9328 9329 9330 9331 9332 9333 9334 9335 9336 9337 9338 9339 9340 9341 9342 9343 9344 9345 9346 9347 9348 9349 9350 9351 9352 9353 9354 9355 9356 9357 9358 9359 9360 9361 9362 9363 9364 9365 9366 9367 9368 9369 9370 9371 9372 9373 9374 9375 9376 9377 9378 9379 9380 9381 9382 9383 9384 9385 9386 9387 9388 9389 9390 9391 9392 9393 9394 9395 9396 9397 9398 9399 9400 9401 9402 9403 9404 9405 9406 9407 9408 9409 9410 9411 9412 9413 9414 9415 9416 9417 9418 9419 9420 9421 9422 9423 9424 9425 9426 9427 9428 9429 9430 9431 9432 9433 9434 9435 9436 9437 9438 9439 9440 9441 9442 9443 9444 9445 9446 9447 9448 9449 9450 9451 9452 9453 9454 9455 9456 9457 9458 9459 9460 9461 9462 9463 9464 9465 9466 9467 9468 9469 9470 9471 9472 9473 9474 9475 9476 9477 9478 9479 9480 9481 9482 9483 9484 9485 9486 9487 9488 9489 9490 9491 9492 9493 9494 9495 9496 9497 9498 9499 9500 9501 9502 9503 9504 9505 9506 9507 9508 9509 9510 9511 9512 9513 9514 9515 9516 9517 9518 9519 9520 9521 9522 9523 9524 9525 9526 9527 9528 9529 9530 9531 9532 9533 9534 9535 9536 9537 9538 9539 9540 9541 9542 9543 9544 9545 9546 9547 9548 9549 9550 9551 9552 9553 9554 9555 9556 9557 9558 9559 9560 9561 9562 9563 9564 9565 9566 9567 9568 9569 9570 9571 9572 9573 9574 9575 9576 9577 9578 9579 9580 9581 9582 9583 9584 9585 9586 9587 9588 9589 9590 9591 9592 9593 9594 9595 9596 9597 9598 9599 9600 9601 9602 9603 9604 9605 9606 9607 9608 9609 9610 9611 9612 9613 9614 9615 9616 9617 9618 9619 9620 9621 9622 9623 9624 9625 9626 9627 9628 9629 9630 9631 9632 9633 9634 9635 9636 9637 9638 9639 9640 9641 9642 9643 9644 9645 9646 9647 9648 9649 9650 9651 9652 9653 9654 9655 9656 9657 9658 9659 9660 9661 9662 9663 9664 9665 9666 9667 9668 9669 9670 9671 9672 9673 9674 9675 9676 9677 9678 9679 9680 9681 9682 9683 9684 9685 9686 9687 9688 9689 9690 9691 9692 9693 9694 9695 9696 9697 9698 9699 9700 9701 9702 9703 9704 9705 9706 9707 9708 9709 9710 9711 9712 9713 9714 9715 9716 9717 9718 9719 9720 9721 9722 9723 9724 9725 9726 9727 9728 9729 9730 9731 9732 9733 9734 9735 9736 9737 9738 9739 9740 9741 9742 9743 9744 9745 9746 9747 9748 9749 9750 9751 9752 9753 9754 9755 9756 9757 9758 9759 9760 9761 9762 9763 9764 9765 9766 9767 9768 9769 9770 9771 9772 9773 9774 9775 9776 9777 9778 9779 9780 9781 9782 9783 9784 9785 9786 9787 9788 9789 9790 9791 9792 9793 9794 9795 9796 9797 9798 9799 9800 9801 9802 9803 9804 9805 9806 9807 9808 9809 9810 9811 9812 9813 9814 9815 9816 9817 9818 9819 9820 9821 9822 9823 9824 9825 9826 9827 9828 9829 9830 9831 9832 9833 9834 9835 9836 9837 9838 9839 9840 9841 9842 9843 9844 9845 9846 9847 9848 9849 9850 9851 9852 9853 9854 9855 9856 9857 9858 9859 9860 9861 9862 9863 9864 9865 9866 9867 9868 9869 9870 9871 9872 9873 9874 9875 9876 9877 9878 9879 9880 9881 9882 9883 9884 9885 9886 9887 9888 9889 9890 9891 9892 9893 9894 9895 9896 9897 9898 9899 9900 9901 9902 9903 9904 9905 9906 9907 9908 9909 9910 9911 9912 9913 9914 9915 9916 9917 9918 9919 9920 9921 9922 9923 9924 9925 9926 9927 9928 9929 9930 9931 9932 9933 9934 9935 9936 9937 9938 9939 9940 9941 9942 9943 9944 9945 9946 9947 9948 9949 9950 9951 9952 9953 9954 9955 9956 9957 9958 9959 9960 9961 9962 9963 9964 9965 9966 9967 9968 9969 9970 9971 9972 9973 9974 9975 9976 9977 9978 9979 9980 9981 9982 9983 9984 9985 9986 9987 9988 9989 9990 9991 9992 9993 9994 9995 9996 9997 9998 9999 10000 10001 10002 10003 10004 10005 10006 10007 10008 10009 10010 10011 10012 10013 10014 10015 10016 10017 10018 10019 10020 10021 10022 10023 10024 10025 10026 10027 10028 10029 10030 10031 10032 10033 10034 10035 10036 10037 10038 10039 10040 10041 10042 10043 10044 10045 10046 10047 10048 10049 10050 10051 10052 10053 10054 10055 10056 10057 10058 10059 10060 10061 10062 10063 10064 10065 10066 10067 10068 10069 10070 10071 10072 10073 10074 10075 10076 10077 10078 10079 10080 10081 10082 10083 10084 10085 10086 10087 10088 10089 10090 10091 10092 10093 10094 10095 10096 10097 10098 10099 10100 10101 10102 10103 10104 10105 10106 10107 10108 10109 10110 10111 10112 10113 10114 10115 10116 10117 10118 10119 10120 10121 10122 10123 10124 10125 10126 10127 10128 10129 10130 10131 10132 10133 10134 10135 10136 10137 10138 10139 10140 10141 10142 10143 10144 10145 10146 10147 10148 10149 10150 10151 10152 10153 10154 10155 10156 10157 10158 10159 10160 10161 10162 10163 10164 10165 10166 10167 10168 10169 10170 10171 10172 10173 10174 10175 10176 10177 10178 10179 10180 10181 10182 10183 10184 10185 10186 10187 10188 10189 10190 10191 10192 10193 10194 10195 10196 10197 10198 10199 10200 10201 10202 10203 10204 10205 10206 10207 10208 10209 10210 10211 10212 10213 10214 10215 10216 10217 10218 10219 10220 10221 10222 10223 10224 10225 10226 10227 10228 10229 10230 10231 10232 10233 10234 10235 10236 10237 10238 10239 10240 10241 10242 10243 10244 10245 10246 10247 10248 10249 10250 10251 10252 10253 10254 10255 10256 10257 10258 10259 10260 10261 10262 10263 10264 10265 10266 10267 10268 10269 10270 10271 10272 10273 10274 10275 10276 10277 10278 10279 10280 10281 10282 10283 10284 10285 10286 10287 10288 10289 10290 10291 10292 10293 10294 10295 10296 10297 10298 10299 10300 10301 10302 10303 10304 10305 10306 10307 10308 10309 10310 10311 10312 10313 10314 10315 10316 10317 10318 10319 10320 10321 10322 10323 10324 10325 10326 10327 10328 10329 10330 10331 10332 10333 10334 10335 10336 10337 10338 10339 10340 10341 10342 10343 10344 10345 10346 10347 10348 10349 10350 10351 10352 10353 10354 10355 10356 10357 10358 10359 10360 10361 10362 10363 10364 10365 10366 10367 10368 10369 10370 10371 10372 10373 10374 10375 10376 10377 10378 10379 10380 10381 10382 10383 10384 10385 10386 10387 10388 10389 10390 10391 10392 10393 10394 10395 10396 10397 10398 10399 10400 10401 10402 10403 10404 10405 10406 10407 10408 10409 10410 10411 10412 10413 10414 10415 10416 10417 10418 10419 10420 10421 10422 10423 10424 10425 10426 10427 10428 10429 10430 10431 10432 10433 10434 10435 10436 10437 10438 10439 10440 10441 10442 10443 10444 10445 10446 10447 10448 10449 10450 10451 10452 10453 10454 10455 10456 10457 10458 10459 10460 10461 10462 10463 10464 10465 10466 10467 10468 10469 10470 10471 10472 10473 10474 10475 10476 10477 10478 10479 10480 10481 10482 10483 10484 10485 10486 10487 10488 10489 10490 10491 10492 10493 10494 10495 10496 10497 10498 10499 10500 10501 10502 10503 10504 10505 10506 10507 10508 10509 10510 10511 10512 10513 10514 10515 10516 10517 10518 10519 10520 10521 10522 10523 10524 10525 10526 10527 10528 10529 10530 10531 10532 10533 10534 10535 10536 10537 10538 10539 10540 10541 10542 10543 10544 10545 10546 10547 10548 10549 10550 10551 10552 10553 10554 10555 10556 10557 10558 10559 10560 10561 10562 10563 10564 10565 10566 10567 10568 10569 10570 10571 10572 10573 10574 10575 10576 10577 10578 10579 10580 10581 10582 10583 10584 10585 10586 10587 10588 10589 10590 10591 10592 10593 10594 10595 10596 10597 10598 10599 10600 10601 10602 10603 10604 10605 10606 10607 10608 10609 10610 10611 10612 10613 10614 10615 10616 10617 10618 10619 10620 10621 10622 10623 10624 10625 10626 10627 10628 10629 10630 10631 10632 10633 10634 10635 10636 10637 10638 10639 10640 10641 10642 10643 10644 10645 10646 10647 10648 10649 10650 10651 10652 10653 10654 10655 10656 10657 10658 10659 10660 10661 10662 10663 10664 10665 10666 10667 10668 10669 10670 10671 10672 10673 10674 10675 10676 10677 10678 10679 10680 10681 10682 10683 10684 10685 10686 10687 10688 10689 10690 10691 10692 10693 10694 10695 10696 10697 10698 10699 10700 10701 10702 10703 10704 10705 10706 10707 10708 10709 10710 10711 10712 10713 10714 10715 10716 10717 10718 10719 10720 10721 10722 10723 10724 10725 10726 10727 10728 10729 10730 10731 10732 10733 10734 10735 10736 10737 10738 10739 10740 10741 10742 10743 10744 10745 10746 10747 10748 10749 10750 10751 10752 10753 10754 10755 10756 10757 10758 10759 10760 10761 10762 10763 10764 10765 10766 10767 10768 10769 10770 10771 10772 10773 10774 10775 10776 10777 10778 10779 10780 10781 10782 10783 10784 10785 10786 10787 10788 10789 10790 10791 10792 10793 10794 10795 10796 10797 10798 10799 10800 10801 10802 10803 10804 10805 10806 10807 10808 10809 10810 10811 10812 10813 10814 10815 10816 10817 10818 10819 10820 10821 10822 10823 10824 10825 10826 10827 10828 10829 10830 10831 10832 10833 10834 10835 10836 10837 10838 10839 10840 10841 10842 10843 10844 10845 10846 10847 10848 10849 10850 10851 10852 10853 10854 10855 10856 10857 10858 10859 10860 10861 10862 10863 10864 10865 10866 10867 10868 10869 10870 10871 10872 10873 10874 10875 10876 10877 10878 10879 10880 10881 10882 10883 10884 10885 10886 10887 10888 10889 10890 10891 10892 10893 10894 10895 10896 10897 10898 10899 10900 10901 10902 10903 10904 10905 10906 10907 10908 10909 10910 10911 10912 10913 10914 10915 10916 10917 10918 10919 10920 10921 10922 10923 10924 10925 10926 10927 10928 10929 10930 10931 10932 10933 10934 10935 10936 10937 10938 10939 10940 10941 10942 10943 10944 10945 10946 10947 10948 10949 10950 10951 10952 10953 10954 10955 10956 10957 10958 10959 10960 10961 10962 10963 10964 10965 10966 10967 10968 10969 10970 10971 10972 10973 10974 10975 10976 10977 10978 10979 10980 10981 10982 10983 10984 10985 10986 10987 10988 10989 10990 10991 10992 10993 10994 10995 10996 10997 10998 10999 11000 11001 11002 11003 11004 11005 11006 11007 11008 11009 11010 11011 11012 11013 11014 11015 11016 11017 11018 11019 11020 11021 11022 11023 11024 11025 11026 11027 11028 11029 11030 11031 11032 11033 11034 11035 11036 11037 11038 11039 11040 11041 11042 11043 11044 11045 11046 11047 11048 11049 11050 11051 11052 11053 11054 11055 11056 11057 11058 11059 11060 11061 11062 11063 11064 11065 11066 11067 11068 11069 11070 11071 11072 11073 11074 11075 11076 11077 11078 11079 11080 11081 11082 11083 11084 11085 11086 11087 11088 11089 11090 11091 11092 11093 11094 11095 11096 11097 11098 11099 11100 11101 11102 11103 11104 11105 11106 11107 11108 11109 11110 11111 11112 11113 11114 11115 11116 11117 11118 11119 11120 11121 11122 11123 11124 11125 11126 11127 11128 11129 11130 11131 11132 11133 11134 11135 11136 11137 11138 11139 11140 11141 11142 11143 11144 11145 11146 11147 11148 11149 11150 11151 11152 11153 11154 11155 11156 11157 11158 11159 11160 11161 11162 11163 11164 11165 11166 11167 11168 11169 11170 11171 11172 11173 11174 11175 11176 11177 11178 11179 11180 11181 11182 11183 11184 11185 11186 11187 11188 11189 11190 11191 11192 11193 11194 11195 11196 11197 11198 11199 11200 11201 11202 11203 11204 11205 11206 11207 11208 11209 11210 11211 11212 11213 11214 11215 11216 11217 11218 11219 11220 11221 11222 11223 11224 11225 11226 11227 11228 11229 11230 11231 11232 11233 11234 11235 11236 11237 11238 11239 11240 11241 11242 11243 11244 11245 11246 11247 11248 11249 11250 11251 11252 11253 11254 11255 11256 11257 11258 11259 11260 11261 11262 11263 11264 11265 11266 11267 11268 11269 11270 11271 11272 11273 11274 11275 11276 11277 11278 11279 11280 11281 11282 11283 11284 11285 11286 11287 11288 11289 11290 11291 11292 11293 11294 11295 11296 11297 11298 11299 11300 11301 11302 11303 11304 11305 11306 11307 11308 11309 11310 11311 11312 11313 11314 11315 11316 11317 11318 11319 11320 11321 11322 11323 11324 11325 11326 11327 11328 11329 11330 11331 11332 11333 11334 11335 11336 11337 11338 11339 11340 11341 11342 11343 11344 11345 11346 11347 11348 11349 11350 11351 11352 11353 11354 11355 11356 11357 11358 11359 11360 11361 11362 11363 11364 11365 11366 11367 11368 11369 11370 11371 11372 11373 11374 11375 11376 11377 11378 11379 11380 11381 11382 11383 11384 11385 11386 11387 11388 11389 11390 11391 11392 11393 11394 11395 11396 11397 11398 11399 11400 11401 11402 11403 11404 11405 11406 11407 11408 11409 11410 11411 11412 11413 11414 11415 11416 11417 11418 11419 11420 11421 11422 11423 11424 11425 11426 11427 11428 11429 11430 11431 11432 11433 11434 11435 11436 11437 11438 11439 11440 11441 11442 11443 11444 11445 11446 11447 11448 11449 11450 11451 11452 11453 11454 11455 11456 11457 11458 11459 11460 11461 11462 11463 11464 11465 11466 11467 11468 11469 11470 11471 11472 11473 11474 11475 11476 11477 11478 11479 11480 11481 11482 11483 11484 11485 11486 11487 11488 11489 11490 11491 11492 11493 11494 11495 11496 11497 11498 11499 11500 11501 11502 11503 11504 11505 11506 11507 11508 11509 11510 11511 11512 11513 11514 11515 11516 11517 11518 11519 11520 11521 11522 11523 11524 11525 11526 11527 11528 11529 11530 11531 11532 11533 11534 11535 11536 11537 11538 11539 11540 11541 11542 11543 11544 11545 11546 11547 11548 11549 11550 11551 11552 11553 11554 11555 11556 11557 11558 11559 11560 11561 11562 11563 11564 11565 11566 11567 11568 11569 11570 11571 11572 11573 11574 11575 11576 11577 11578 11579 11580 11581 11582 11583 11584 11585 11586 11587 11588 11589 11590 11591 11592 11593 11594 11595 11596 11597 11598 11599 11600 11601 11602 11603 11604 11605 11606 11607 11608 11609 11610 11611 11612 11613 11614 11615 11616 11617 11618 11619 11620 11621 11622 11623 11624 11625 11626 11627 11628 11629 11630 11631 11632 11633 11634 11635 11636 11637 11638 11639 11640 11641 11642 11643 11644 11645 11646 11647 11648 11649 11650 11651 11652 11653 11654 11655 11656 11657 11658 11659 11660 11661 11662 11663 11664 11665 11666 11667 11668 11669 11670 11671 11672 11673 11674 11675 11676 11677 11678 11679 11680 11681 11682 11683 11684 11685 11686 11687 11688 11689 11690 11691 11692 11693 11694 11695 11696 11697 11698 11699 11700 11701 11702 11703 11704 11705 11706 11707 11708 11709 11710 11711 11712 11713 11714 11715 11716 11717 11718 11719 11720 11721 11722 11723 11724 11725 11726 11727 11728 11729 11730 11731 11732 11733 11734 11735 11736 11737 11738 11739 11740 11741 11742 11743 11744 11745 11746 11747 11748 11749 11750 11751 11752 11753 11754 11755 11756 11757 11758 11759 11760 11761 11762 11763 11764 11765 11766 11767 11768 11769 11770 11771 11772 11773 11774 11775 11776 11777 11778 11779 11780 11781 11782 11783 11784 11785 11786 11787 11788 11789 11790 11791 11792 11793 11794 11795 11796 11797 11798 11799 11800 11801 11802 11803 11804 11805 11806 11807 11808 11809 11810 11811 11812 11813 11814 11815 11816 11817 11818 11819 11820 11821 11822 11823 11824 11825 11826 11827 11828 11829 11830 11831 11832 11833 11834 11835 11836 11837 11838 11839 11840 11841 11842 11843 11844 11845 11846 11847 11848 11849 11850 11851 11852 11853 11854 11855 11856 11857 11858 11859 11860 11861 11862 11863 11864 11865 11866 11867 11868 11869 11870 11871 11872 11873 11874 11875 11876 11877 11878 11879 11880 11881 11882 11883 11884 11885 11886 11887 11888 11889 11890 11891 11892 11893 11894 11895 11896 11897 11898 11899 11900 11901 11902 11903 11904 11905 11906 11907 11908 11909 11910 11911 11912 11913 11914 11915 11916 11917 11918 11919 11920 11921 11922 11923 11924 11925 11926 11927 11928 11929 11930 11931 11932 11933 11934 11935 11936 11937 11938 11939 11940 11941 11942 11943 11944 11945 11946 11947 11948 11949 11950 11951 11952 11953 11954 11955 11956 11957 11958 11959 11960 11961 11962 11963 11964 11965 11966 11967 11968 11969 11970 11971 11972 11973 11974 11975 11976 11977 11978 11979 11980 11981 11982 11983 11984 11985 11986 11987 11988 11989 11990 11991 11992 11993 11994 11995 11996 11997 11998 11999 12000 12001 12002 12003 12004 12005 12006 12007 12008 12009 12010 12011 12012 12013 12014 12015 12016 12017 12018 12019 12020 12021 12022 12023 12024 12025 12026 12027 12028 12029 12030 12031 12032 12033 12034 12035 12036 12037 12038 12039 12040 12041 12042 12043 12044 12045 12046 12047 12048 12049 12050 12051 12052 12053 12054 12055 12056 12057 12058 12059 12060 12061 12062 12063 12064 12065 12066 12067 12068 12069 12070 12071 12072 12073 12074 </p>
        </polylist>
      </mesh>
    </geometry>
    <geometry id="meshId1" name="meshId1_name" >
      <mesh>
        <source id="meshId1-positions" name="meshId1-positions">
          <float_array id="meshId1-positions-array" count="2979"> -2.0936027 1.8804715 0.10502203 -2.0935652 1.8431268 0.10502202 -2.0938144 2.0908372 0.10502199 -2.0935652 1.8431268 0.10502202 -2.0928042 1.8371387 0.10502196 -2.0938144 2.0908372 0.10502199 -2.0928042 1.8371387 0.10502196 -2.0903494 1.8178095 0.10502202 -2.0938144 2.0908372 0.10502199 -2.0903494 1.8178095 0.10502202 -2.0809736 1.7942243 0.10502201 -2.0938144 2.0908372 0.10502199 -2.0809736 1.7942243 0.10502201 -2.078553 1.7909344 0.10502201 -2.0938144 2.0908372 0.10502199 -2.078553 1.7909344 0.10502201 -2.0735352 1.7841152 0.10502198 -2.0938144 2.0908372 0.10502199 -2.0735352 1.7841152 0.10502198 -2.0729272 1.7832893 0.10502204 -2.0938144 2.0908372 0.10502199 -2.0729272 1.7832893 0.10502204 -2.0660751 1.7739785 0.10502198 -2.0938144 2.0908372 0.10502199 -2.0660751 1.7739785 0.10502198 -2.0510147 1.7619267 0.10502207 -2.0938144 2.0908372 0.10502199 -2.0510147 1.7619267 0.10502207 -2.0466712 1.7584506 0.10502204 -2.0938144 2.0908372 0.10502199 -2.0466712 1.7584506 0.10502204 -2.0240827 1.7487004 0.10502195 -2.0938144 2.0908372 0.10502199 -2.0240827 1.7487004 0.10502195 -2.0020998 1.7456986 0.10502203 -2.0938144 2.0908372 0.10502199 -2.0020998 1.7456986 0.10502203 -1.9998491 1.745391 0.10502203 -2.0938144 2.0908372 0.10502199 -1.9998491 1.745391 0.10502203 -1.9756223 1.748749 0.10502201 -2.0938144 2.0908372 0.10502199 -1.9756223 1.748749 0.10502201 -1.9634777 1.7540203 0.10502203 -2.0938144 2.0908372 0.10502199 -1.9634777 1.7540203 0.10502203 -1.9530535 1.7585447 0.10502199 -2.0938144 2.0908372 0.10502199 -1.9530535 1.7585447 0.10502199 -1.948717 1.7620296 0.10502199 -2.0938144 2.0908372 0.10502199 -1.948717 1.7620296 0.10502199 -1.9336807 1.7741117 0.10502198 -2.0938144 2.0908372 0.10502199 -1.9336807 1.7741117 0.10502198 -1.9268476 1.7834363 0.10502201 -2.0938144 2.0908372 0.10502199 -1.9268476 1.7834363 0.10502201 -1.9188231 1.7943876 0.10502204 -2.0938144 2.0908372 0.10502199 -1.9188231 1.7943876 0.10502204 -1.9094946 1.8179915 0.10502198 -2.0938144 2.0908372 0.10502199 -1.9094946 1.8179915 0.10502198 -1.9070789 1.8373255 0.10502201 -2.0938144 2.0908372 0.10502199 -1.9070789 1.8373255 0.10502201 -1.9063299 1.8433151 0.10502198 -2.0938144 2.0908372 0.10502199 -1.9063299 1.8433151 0.10502198 -1.9063675 1.8806598 0.10502201 -2.0938144 2.0908372 0.10502199 -1.9063675 1.8806598 0.10502201 -1.9063963 1.9091623 0.1050219 -2.0938144 2.0908372 0.10502199 -1.9063963 1.9091623 0.1050219 -1.9064741 1.9865168 0.10502206 -2.0938144 2.0908372 0.10502199 -1.9064741 1.9865168 0.10502206 -1.9065013 2.0136709 0.10502204 -2.0938144 2.0908372 0.10502199 -1.9065013 2.0136709 0.10502204 -1.9065337 2.0458107 0.10502207 -2.0938144 2.0908372 0.10502199 -1.9065337 2.0458107 0.10502207 -1.9065791 2.0910256 0.10502204 -2.0938144 2.0908372 0.10502199 -1.9065791 2.0910256 0.10502204 -1.9066079 2.1195281 0.10502197 -2.0938144 2.0908372 0.10502199 -1.9066079 2.1195281 0.10502197 -1.9066455 2.1568727 0.10502201 -2.0938144 2.0908372 0.10502199 -1.9066455 2.1568727 0.10502201 -1.9074064 2.1628609 0.10502205 -2.0938144 2.0908372 0.10502199 -1.9074064 2.1628609 0.10502205 -1.9098612 2.1821899 0.10502208 -2.0938144 2.0908372 0.10502199 -1.9098612 2.1821899 0.10502208 -1.919237 2.205775 0.10502207 -2.0938144 2.0908372 0.10502199 -1.919237 2.205775 0.10502207 -1.9272836 2.2167101 0.10502207 -2.0938144 2.0908372 0.10502199 -1.9272836 2.2167101 0.10502207 -1.9341354 2.2260211 0.10502204 -2.0938144 2.0908372 0.10502199 -1.9341354 2.2260211 0.10502204 -1.9535396 2.2415488 0.10502209 -2.0938144 2.0908372 0.10502199 -1.9535396 2.2415488 0.10502209 -1.9639729 2.2460525 0.10502199 -2.0938144 2.0908372 0.10502199 -1.9639729 2.2460525 0.10502199 -1.976128 2.2512991 0.10502207 -2.0938144 2.0908372 0.10502199 -1.976128 2.2512991 0.10502207 -2.0003614 2.2546086 0.10502202 -2.0938144 2.0908372 0.10502199 -2.0003614 2.2546086 0.10502202 -2.0026116 2.2542965 0.10502202 -2.0938144 2.0908372 0.10502199 -2.0026116 2.2542965 0.10502202 -2.0245883 2.2512503 0.10502205 -2.0938144 2.0908372 0.10502199 -2.0245883 2.2512503 0.10502205 -2.047157 2.2414548 0.10502199 -2.0938144 2.0908372 0.10502199 -2.047157 2.2414548 0.10502199 -2.06653 2.2258878 0.10502201 -2.0938144 2.0908372 0.10502199 -2.06653 2.2258878 0.10502201 -2.0733631 2.2165632 0.10502211 -2.0938144 2.0908372 0.10502199 -2.0733631 2.2165632 0.10502211 -2.0739696 2.2157362 0.10502195 -2.0938144 2.0908372 0.10502199 -2.0739696 2.2157362 0.10502195 -2.0789738 2.2089067 0.10502205 -2.0938144 2.0908372 0.10502199 -2.0789738 2.2089067 0.10502205 -2.0813878 2.2056119 0.10502199 -2.0938144 2.0908372 0.10502199 -2.0813878 2.2056119 0.10502199 -2.0907161 2.182008 0.10502204 -2.0938144 2.0908372 0.10502199 -2.0907161 2.182008 0.10502204 -2.0931318 2.1626742 0.10502204 -2.0938144 2.0908372 0.10502199 -2.0931318 2.1626742 0.10502204 -2.0938807 2.1566844 0.10502199 -2.0938144 2.0908372 0.10502199 -1.9998516 1.7477534 0.14599612 -1.9998516 1.7477534 0.10502195 -1.9812286 1.7496065 0.14599611 -1.9998516 1.7477534 0.10502195 -1.9812286 1.7496065 0.10502191 -1.9812286 1.7496065 0.14599611 -1.9812286 1.7496065 0.14599611 -1.9812286 1.7496065 0.10502191 -1.963325 1.7550572 0.14599611 -1.9812286 1.7496065 0.10502191 -1.963325 1.7550571 0.10502192 -1.963325 1.7550572 0.14599611 -1.963325 1.7550572 0.14599611 -1.963325 1.7550571 0.10502192 -1.9468288 1.7638959 0.14599621 -1.963325 1.7550571 0.10502192 -1.9468288 1.763896 0.10502196 -1.9468288 1.7638959 0.14599621 -1.9468288 1.7638959 0.14599621 -1.9468288 1.763896 0.10502196 -1.9323739 1.7757831 0.14599611 -1.9468288 1.763896 0.10502196 -1.9323739 1.7757832 0.10502198 -1.9323739 1.7757831 0.14599611 -1.9323739 1.7757831 0.14599611 -1.9323739 1.7757832 0.10502198 -1.9205158 1.7902619 0.14599614 -1.9323739 1.7757832 0.10502198 -1.9205158 1.7902619 0.10502192 -1.9205158 1.7902619 0.14599614 -1.9205158 1.7902619 0.14599614 -1.9205158 1.7902619 0.10502192 -1.9117103 1.8067759 0.14599614 -1.9205158 1.7902619 0.10502192 -1.9117103 1.8067759 0.10502195 -1.9117103 1.8067759 0.14599614 -1.9117103 1.8067759 0.14599614 -1.9117103 1.8067759 0.10502195 -1.9062957 1.8246905 0.14599626 -1.9117103 1.8067759 0.10502195 -1.9062955 1.8246905 0.10502195 -1.9062957 1.8246905 0.14599626 -1.9062957 1.8246905 0.14599626 -1.9062955 1.8246905 0.10502195 -1.90448 1.8433172 0.1459962 -1.9062955 1.8246905 0.10502195 -1.90448 1.843317 0.10502192 -1.90448 1.8433172 0.1459962 -1.90448 1.8433172 0.1459962 -1.90448 1.843317 0.10502192 -1.9063331 1.86194 0.14599608 -1.90448 1.843317 0.10502192 -1.9063332 1.86194 0.10502198 -1.9063331 1.86194 0.14599608 -1.9063331 1.86194 0.14599608 -1.9063332 1.86194 0.10502198 -1.9117838 1.8798436 0.14599617 -1.9063332 1.86194 0.10502198 -1.9117838 1.8798436 0.10502184 -1.9117838 1.8798436 0.14599617 -1.9117838 1.8798436 0.14599617 -1.9117838 1.8798436 0.10502184 -1.9206226 1.8963399 0.14599611 -1.9117838 1.8798436 0.10502184 -1.9206226 1.8963399 0.10502199 -1.9206226 1.8963399 0.14599611 -1.9206226 1.8963399 0.14599611 -1.9206226 1.8963399 0.10502199 -1.9325097 1.9107947 0.1459962 -1.9206226 1.8963399 0.10502199 -1.9325097 1.9107947 0.10502199 -1.9325097 1.9107947 0.1459962 -1.9325097 1.9107947 0.1459962 -1.9325097 1.9107947 0.10502199 -1.9469885 1.9226527 0.14599612 -1.9325097 1.9107947 0.10502199 -1.9469885 1.9226527 0.10502196 -1.9469885 1.9226527 0.14599612 -1.9469885 1.9226527 0.14599612 -1.9469885 1.9226527 0.10502196 -1.9635025 1.9314584 0.14599618 -1.9469885 1.9226527 0.10502196 -1.9635025 1.9314584 0.10502201 -1.9635025 1.9314584 0.14599618 -1.9635025 1.9314584 0.14599618 -1.9635025 1.9314584 0.10502201 -1.9814169 1.936873 0.14599623 -1.9635025 1.9314584 0.10502201 -1.9814169 1.9368731 0.105022 -1.9814169 1.936873 0.14599623 -1.9814169 1.936873 0.14599623 -1.9814169 1.9368731 0.105022 -2.0000436 1.9386886 0.14599624 -1.9814169 1.9368731 0.105022 -2.0000436 1.9386886 0.10502192 -2.0000436 1.9386886 0.14599624 -2.0000436 1.9386886 0.14599624 -2.0000436 1.9386886 0.10502192 -2.0186667 1.9368355 0.14599621 -2.0000436 1.9386886 0.10502192 -2.0186665 1.9368354 0.10502198 -2.0186667 1.9368355 0.14599621 -2.0186667 1.9368355 0.14599621 -2.0186665 1.9368354 0.10502198 -2.0365703 1.9313848 0.14599617 -2.0186665 1.9368354 0.10502198 -2.0365701 1.9313848 0.10502198 -2.0365703 1.9313848 0.14599617 -2.0365703 1.9313848 0.14599617 -2.0365701 1.9313848 0.10502198 -2.0530665 1.922546 0.14599624 -2.0365701 1.9313848 0.10502198 -2.0530665 1.9225461 0.105022 -2.0530665 1.922546 0.14599624 -2.0530665 1.922546 0.14599624 -2.0530665 1.9225461 0.105022 -2.0675213 1.9106588 0.14599615 -2.0530665 1.9225461 0.105022 -2.0675213 1.9106588 0.10502198 -2.0675213 1.9106588 0.14599615 -2.0675213 1.9106588 0.14599615 -2.0675213 1.9106588 0.10502198 -2.0793796 1.89618 0.14599621 -2.0675213 1.9106588 0.10502198 -2.0793793 1.89618 0.10502198 -2.0793796 1.89618 0.14599621 -2.0793796 1.89618 0.14599621 -2.0793793 1.89618 0.10502198 -2.0881848 1.8796662 0.14599612 -2.0793793 1.89618 0.10502198 -2.0881848 1.8796662 0.105022 -2.0881848 1.8796662 0.14599612 -2.0881848 1.8796662 0.14599612 -2.0881848 1.8796662 0.105022 -2.0935996 1.8617516 0.14599623 -2.0881848 1.8796662 0.105022 -2.0935996 1.8617516 0.105022 -2.0935996 1.8617516 0.14599623 -2.0935996 1.8617516 0.14599623 -2.0935996 1.8617516 0.105022 -2.0954151 1.8431249 0.14599609 -2.0935996 1.8617516 0.105022 -2.0954151 1.843125 0.10502198 -2.0954151 1.8431249 0.14599609 -2.0954151 1.8431249 0.14599609 -2.0954151 1.843125 0.10502198 -2.0935621 1.824502 0.14599615 -2.0954151 1.843125 0.10502198 -2.0935621 1.824502 0.10502196 -2.0935621 1.824502 0.14599615 -2.0935621 1.824502 0.14599615 -2.0935621 1.824502 0.10502196 -2.0881114 1.8065984 0.14599608 -2.0935621 1.824502 0.10502196 -2.0881114 1.8065983 0.10502193 -2.0881114 1.8065984 0.14599608 -2.0881114 1.8065984 0.14599608 -2.0881114 1.8065983 0.10502193 -2.0792727 1.7901021 0.14599614 -2.0881114 1.8065983 0.10502193 -2.0792725 1.7901021 0.10502192 -2.0792727 1.7901021 0.14599614 -2.0792727 1.7901021 0.14599614 -2.0792725 1.7901021 0.10502192 -2.0673854 1.7756472 0.14599609 -2.0792725 1.7901021 0.10502192 -2.0673854 1.7756473 0.10502195 -2.0673854 1.7756472 0.14599609 -2.0673854 1.7756472 0.14599609 -2.0673854 1.7756473 0.10502195 -2.0529068 1.7637892 0.14599614 -2.0673854 1.7756473 0.10502195 -2.0529068 1.7637892 0.10502195 -2.0529068 1.7637892 0.14599614 -2.0529068 1.7637892 0.14599614 -2.0529068 1.7637892 0.10502195 -2.0363929 1.7549837 0.14599623 -2.0529068 1.7637892 0.10502195 -2.0363927 1.7549837 0.10502195 -2.0363929 1.7549837 0.14599623 -2.0363929 1.7549837 0.14599623 -2.0363927 1.7549837 0.10502195 -2.0184782 1.7495691 0.14599611 -2.0363927 1.7549837 0.10502195 -2.0184782 1.7495691 0.10502194 -2.0184782 1.7495691 0.14599611 -2.0184782 1.7495691 0.14599611 -2.0184782 1.7495691 0.10502194 -1.9998516 1.7477534 0.14599612 -2.0184782 1.7495691 0.10502194 -1.9998516 1.7477534 0.10502195 -1.9998516 1.7477534 0.14599612 -2.0755053 1.7308874 0.14599605 -2.0768557 1.7311004 0.15282504 -2.0955632 1.7340466 0.14599608 -2.0955632 1.7340466 0.14599608 -2.0955632 1.7340467 0.15282507 -2.1115725 1.7383175 0.14599599 -2.1115725 1.7383175 0.14599599 -2.1115725 1.7383175 0.15282506 -2.1422334 1.7464969 0.14599606 -2.1589117 1.7739276 0.14599603 -2.1589117 1.7739278 0.15282512 -2.1585281 1.7768066 0.145996 -2.1585281 1.7768066 0.145996 -2.1587162 1.7753954 0.15282506 -2.1496294 1.843478 0.14599603 -2.1589117 1.7739278 0.15282512 -2.1589117 1.7739276 0.14599603 -2.1590304 1.7680502 0.14599605 -2.1590307 1.7680501 0.15282509 -2.1590304 1.7680502 0.14599605 -2.1578376 1.7623059 0.14599605 -2.1578379 1.7623059 0.152825 -2.1578376 1.7623059 0.14599605 -2.1553972 1.7570078 0.14599599 -2.1553972 1.7570078 0.15282501 -2.1553972 1.7570078 0.14599599 -2.1518447 1.7524499 0.14599605 -2.1518447 1.7524498 0.15282506 -2.1518447 1.7524499 0.14599605 -2.1473751 1.748881 0.14599605 -2.1473751 1.748881 0.152825 -2.1473751 1.748881 0.14599605 -2.1422334 1.7464969 0.14599606 -1.9998276 1.7240689 0.14599606 -1.9998276 1.7240689 0.15282504 -2.0027385 1.7242191 0.14599606 -2.0027385 1.7242191 0.14599606 -2.0040886 1.724288 0.15282506 -2.0362096 1.7259414 0.14599599 -2.0362096 1.7259414 0.14599599 -2.0362096 1.7259412 0.15282506 -2.0479352 1.7265455 0.14599608 -2.0479352 1.7265455 0.14599608 -2.0479352 1.7265455 0.15282509 -2.0755053 1.7308874 0.14599605 -2.0955632 1.7340466 0.14599608 -2.0768557 1.7311004 0.15282504 -2.0955632 1.7340467 0.15282507 -2.1115725 1.7383175 0.14599599 -2.0955632 1.7340467 0.15282507 -2.1115725 1.7383175 0.15282506 -2.1422334 1.7464969 0.14599606 -2.1115725 1.7383175 0.15282506 -2.1422331 1.7464968 0.15282506 -2.1585281 1.7768066 0.145996 -2.1589117 1.7739278 0.15282512 -2.1587162 1.7753954 0.15282506 -2.1496294 1.843478 0.14599603 -2.1587162 1.7753954 0.15282506 -2.1494412 1.844889 0.15282516 -2.1589117 1.7739278 0.15282512 -2.1590304 1.7680502 0.14599605 -2.1590307 1.7680501 0.15282509 -2.1590307 1.7680501 0.15282509 -2.1578376 1.7623059 0.14599605 -2.1578379 1.7623059 0.152825 -2.1578379 1.7623059 0.152825 -2.1553972 1.7570078 0.14599599 -2.1553972 1.7570078 0.15282501 -2.1553972 1.7570078 0.15282501 -2.1518447 1.7524499 0.14599605 -2.1518447 1.7524498 0.15282506 -2.1518447 1.7524498 0.15282506 -2.1473751 1.748881 0.14599605 -2.1473751 1.748881 0.152825 -2.1473751 1.748881 0.152825 -2.1422334 1.7464969 0.14599606 -2.1422331 1.7464968 0.15282506 -2.0027385 1.7242191 0.14599606 -1.9998276 1.7240689 0.15282504 -2.0040886 1.724288 0.15282506 -2.0362096 1.7259414 0.14599599 -2.0040886 1.724288 0.15282506 -2.0362096 1.7259412 0.15282506 -2.0479352 1.7265455 0.14599608 -2.0362096 1.7259412 0.15282506 -2.0479352 1.7265455 0.15282509 -2.0755053 1.7308874 0.14599605 -2.0479352 1.7265455 0.15282509 -2.0768557 1.7311004 0.15282504 -2.1496294 1.843478 0.14599603 -2.1494412 1.844889 0.15282516 -2.1409488 1.9085186 0.14599602 -2.1409488 1.9085186 0.14599602 -2.1411371 1.9071074 0.15282512 -2.1404521 1.9122454 0.14599606 -2.1370602 1.9193716 0.14599609 -2.0876076 1.9711535 0.15282504 -2.0876076 1.9711535 0.14599605 -2.1404521 1.9122454 0.14599606 -2.1398234 1.9148587 0.15282512 -2.1398234 1.9148587 0.14599609 -2.1398234 1.9148587 0.14599609 -2.1386747 1.9172705 0.15282507 -2.1386747 1.9172705 0.14599606 -2.1386747 1.9172705 0.14599606 -2.1370602 1.9193717 0.1528251 -2.1370602 1.9193716 0.14599609 -2.0791247 1.9748356 0.15282504 -2.0791247 1.9748356 0.145996 -2.0822303 1.9744049 0.14599612 -2.0822303 1.9744048 0.15282509 -2.0822303 1.9744049 0.14599612 -2.085124 1.9731489 0.14599603 -2.085124 1.9731491 0.15282509 -2.085124 1.9731489 0.14599603 -2.0876076 1.9711535 0.14599605 -2.0791247 1.9748356 0.145996 -2.0791247 1.9748356 0.15282504 -2.0757508 1.9748391 0.14599609 -2.0757508 1.9748391 0.14599609 -2.077101 1.9748378 0.1528251 -2.0364602 1.9748785 0.14599608 -2.0364602 1.9748785 0.14599608 -2.0364602 1.9748787 0.15282501 -2.0029907 1.9749123 0.14599608 -2.0029907 1.9749123 0.14599608 -2.0043409 1.9749109 0.15282509 -1.9971695 1.9749181 0.14599602 -2.1409488 1.9085186 0.14599602 -2.1494412 1.844889 0.15282516 -2.1411371 1.9071074 0.15282512 -2.1404521 1.9122454 0.14599606 -2.1411371 1.9071074 0.15282512 -2.1404521 1.9122454 0.15282513 -2.1370602 1.9193717 0.1528251 -2.0876076 1.9711535 0.15282504 -2.1370602 1.9193716 0.14599609 -2.1404521 1.9122454 0.14599606 -2.1404521 1.9122454 0.15282513 -2.1398234 1.9148587 0.15282512 -2.1398234 1.9148587 0.14599609 -2.1398234 1.9148587 0.15282512 -2.1386747 1.9172705 0.15282507 -2.1386747 1.9172705 0.14599606 -2.1386747 1.9172705 0.15282507 -2.1370602 1.9193717 0.1528251 -2.0791247 1.9748356 0.15282504 -2.0822303 1.9744049 0.14599612 -2.0822303 1.9744048 0.15282509 -2.0822303 1.9744048 0.15282509 -2.085124 1.9731489 0.14599603 -2.085124 1.9731491 0.15282509 -2.085124 1.9731491 0.15282509 -2.0876076 1.9711535 0.14599605 -2.0876076 1.9711535 0.15282504 -2.0757508 1.9748391 0.14599609 -2.0791247 1.9748356 0.15282504 -2.077101 1.9748378 0.1528251 -2.0364602 1.9748785 0.14599608 -2.077101 1.9748378 0.1528251 -2.0364602 1.9748787 0.15282501 -2.0029907 1.9749123 0.14599608 -2.0364602 1.9748787 0.15282501 -2.0043409 1.9749109 0.15282509 -1.929984 1.7301106 0.14599599 -1.9313341 1.7298961 0.1528251 -1.9517251 1.7266421 0.14599606 -1.9517251 1.7266421 0.14599606 -1.9517251 1.7266423 0.15282512 -1.9634495 1.7260145 0.14599603 -1.9634495 1.7260145 0.14599603 -1.9634495 1.7260146 0.1528251 -1.9969172 1.7242249 0.14599603 -1.9969172 1.7242249 0.14599603 -1.9955671 1.7242966 0.15282504 -1.9998276 1.7240689 0.14599606 -1.8502665 1.8437791 0.14599605 -1.8504575 1.8451899 0.15282506 -1.8412336 1.7771258 0.14599602 -1.8412336 1.7771258 0.14599602 -1.8410426 1.775715 0.15282504 -1.8408443 1.7742479 0.14599599 -1.8574675 1.7467835 0.14599606 -1.8574674 1.7467835 0.15282507 -1.8881118 1.7385424 0.145996 -1.8881118 1.7385424 0.145996 -1.8881118 1.7385424 0.15282503 -1.9041126 1.7342392 0.14599605 -1.9041126 1.7342392 0.14599605 -1.9041126 1.7342392 0.15282503 -1.929984 1.7301106 0.14599599 -1.8574674 1.7467835 0.15282507 -1.8574675 1.7467835 0.14599606 -1.8523306 1.7491778 0.14599606 -1.8523306 1.7491778 0.15282504 -1.8523306 1.7491778 0.14599606 -1.847868 1.7527556 0.14599603 -1.8478681 1.7527556 0.15282498 -1.847868 1.7527556 0.14599603 -1.8443247 1.7573209 0.14599597 -1.8443248 1.7573209 0.15282504 -1.8443247 1.7573209 0.14599597 -1.8418949 1.7626237 0.14599606 -1.8418949 1.7626238 0.152825 -1.8418949 1.7626237 0.14599606 -1.8407136 1.7683705 0.14599603 -1.8407136 1.7683705 0.15282501 -1.8407136 1.7683705 0.14599603 -1.8408443 1.7742479 0.14599599 -1.929984 1.7301106 0.14599599 -1.9041126 1.7342392 0.15282503 -1.9313341 1.7298961 0.1528251 -1.9517251 1.7266421 0.14599606 -1.9313341 1.7298961 0.1528251 -1.9517251 1.7266423 0.15282512 -1.9634495 1.7260145 0.14599603 -1.9517251 1.7266423 0.15282512 -1.9634495 1.7260146 0.1528251 -1.9969172 1.7242249 0.14599603 -1.9634495 1.7260146 0.1528251 -1.9955671 1.7242966 0.15282504 -1.9998276 1.7240689 0.14599606 -1.9955671 1.7242966 0.15282504 -1.9998276 1.7240689 0.15282504 -1.8412336 1.7771258 0.14599602 -1.8504575 1.8451899 0.15282506 -1.8410426 1.775715 0.15282504 -1.8408443 1.7742479 0.14599599 -1.8410426 1.775715 0.15282504 -1.8408443 1.7742478 0.15282504 -1.8881118 1.7385424 0.145996 -1.8574674 1.7467835 0.15282507 -1.8881118 1.7385424 0.15282503 -1.9041126 1.7342392 0.14599605 -1.8881118 1.7385424 0.15282503 -1.9041126 1.7342392 0.15282503 -1.8574674 1.7467835 0.15282507 -1.8523306 1.7491778 0.14599606 -1.8523306 1.7491778 0.15282504 -1.8523306 1.7491778 0.15282504 -1.847868 1.7527556 0.14599603 -1.8478681 1.7527556 0.15282498 -1.8478681 1.7527556 0.15282498 -1.8443247 1.7573209 0.14599597 -1.8443248 1.7573209 0.15282504 -1.8443248 1.7573209 0.15282504 -1.8418949 1.7626237 0.14599606 -1.8418949 1.7626238 0.152825 -1.8418949 1.7626238 0.152825 -1.8407136 1.7683705 0.14599603 -1.8407136 1.7683705 0.15282501 -1.8407136 1.7683705 0.15282501 -1.8408443 1.7742479 0.14599599 -1.8408443 1.7742478 0.15282504 -1.9971695 1.9749181 0.14599602 -1.9958192 1.9749196 0.15282509 -1.9636999 1.9749517 0.14599603 -1.9636999 1.9749517 0.14599603 -1.9636999 1.9749519 0.15282506 -1.9302305 1.9749854 0.14599602 -1.9302305 1.9749854 0.14599602 -1.9315807 1.9749842 0.15282513 -1.9210355 1.9749948 0.14599603 -1.8595822 1.912528 0.14599608 -1.8595822 1.912528 0.15282509 -1.859078 1.9088022 0.14599605 -1.859078 1.9088022 0.14599605 -1.8588868 1.9073914 0.15282507 -1.8502665 1.8437791 0.14599605 -1.9125451 1.9713297 0.14599603 -1.8629884 1.9196475 0.15282506 -1.8629884 1.9196475 0.14599608 -1.9210355 1.9749948 0.14599603 -1.9179288 1.9745703 0.15282509 -1.9179288 1.9745703 0.14599602 -1.9179288 1.9745703 0.14599602 -1.9150327 1.9733201 0.15282507 -1.9150326 1.9733201 0.14599612 -1.9150326 1.9733201 0.14599612 -1.9125451 1.9713297 0.15282513 -1.9125451 1.9713297 0.14599603 -1.8595822 1.912528 0.15282509 -1.8595822 1.912528 0.14599608 -1.8602161 1.91514 0.14599603 -1.8602161 1.91514 0.15282509 -1.8602161 1.91514 0.14599603 -1.8613696 1.9175495 0.14599603 -1.8613696 1.9175495 0.15282509 -1.8613696 1.9175495 0.14599603 -1.8629884 1.9196475 0.14599608 -1.9971695 1.9749181 0.14599602 -2.0043409 1.9749109 0.15282509 -1.9958192 1.9749196 0.15282509 -1.9636999 1.9749517 0.14599603 -1.9958192 1.9749196 0.15282509 -1.9636999 1.9749519 0.15282506 -1.9302305 1.9749854 0.14599602 -1.9636999 1.9749519 0.15282506 -1.9315807 1.9749842 0.15282513 -1.9210355 1.9749948 0.14599603 -1.9315807 1.9749842 0.15282513 -1.9210355 1.9749948 0.15282507 -1.859078 1.9088022 0.14599605 -1.8595822 1.912528 0.15282509 -1.8588868 1.9073914 0.15282507 -1.8502665 1.8437791 0.14599605 -1.8588868 1.9073914 0.15282507 -1.8504575 1.8451899 0.15282506 -1.9125451 1.9713297 0.15282513 -1.8629884 1.9196475 0.15282506 -1.9125451 1.9713297 0.14599603 -1.9210355 1.9749948 0.14599603 -1.9210355 1.9749948 0.15282507 -1.9179288 1.9745703 0.15282509 -1.9179288 1.9745703 0.14599602 -1.9179288 1.9745703 0.15282509 -1.9150327 1.9733201 0.15282507 -1.9150326 1.9733201 0.14599612 -1.9150327 1.9733201 0.15282507 -1.9125451 1.9713297 0.15282513 -1.8595822 1.912528 0.15282509 -1.8602161 1.91514 0.14599603 -1.8602161 1.91514 0.15282509 -1.8602161 1.91514 0.15282509 -1.8613696 1.9175495 0.14599603 -1.8613696 1.9175495 0.15282509 -1.8613696 1.9175495 0.15282509 -1.8629884 1.9196475 0.14599608 -1.8629884 1.9196475 0.15282506 -1.8629884 1.9196475 0.15282506 -1.9125451 1.9713297 0.15282513 -1.8613696 1.9175495 0.15282509 -1.9125451 1.9713297 0.15282513 -1.9150327 1.9733201 0.15282507 -1.8613696 1.9175495 0.15282509 -1.9150327 1.9733201 0.15282507 -1.9179288 1.9745703 0.15282509 -1.8613696 1.9175495 0.15282509 -1.9179288 1.9745703 0.15282509 -1.9210355 1.9749948 0.15282507 -1.8613696 1.9175495 0.15282509 -1.9210355 1.9749948 0.15282507 -1.9315807 1.9749842 0.15282513 -1.8613696 1.9175495 0.15282509 -1.9315807 1.9749842 0.15282513 -1.9636999 1.9749519 0.15282506 -1.8613696 1.9175495 0.15282509 -1.9636999 1.9749519 0.15282506 -1.9958192 1.9749196 0.15282509 -1.8613696 1.9175495 0.15282509 -1.9958192 1.9749196 0.15282509 -2.0043409 1.9749109 0.15282509 -1.8613696 1.9175495 0.15282509 -2.0043409 1.9749109 0.15282509 -2.0364602 1.9748787 0.15282501 -1.8613696 1.9175495 0.15282509 -2.0364602 1.9748787 0.15282501 -2.077101 1.9748378 0.1528251 -1.8613696 1.9175495 0.15282509 -2.077101 1.9748378 0.1528251 -2.0791247 1.9748356 0.15282504 -1.8613696 1.9175495 0.15282509 -2.0791247 1.9748356 0.15282504 -2.0822303 1.9744048 0.15282509 -1.8613696 1.9175495 0.15282509 -2.0822303 1.9744048 0.15282509 -2.085124 1.9731491 0.15282509 -1.8613696 1.9175495 0.15282509 -2.085124 1.9731491 0.15282509 -2.0876076 1.9711535 0.15282504 -1.8613696 1.9175495 0.15282509 -2.0876076 1.9711535 0.15282504 -2.1370602 1.9193717 0.1528251 -1.8613696 1.9175495 0.15282509 -2.1370602 1.9193717 0.1528251 -2.1386747 1.9172705 0.15282507 -1.8613696 1.9175495 0.15282509 -2.1386747 1.9172705 0.15282507 -2.1398234 1.9148587 0.15282512 -1.8613696 1.9175495 0.15282509 -2.1398234 1.9148587 0.15282512 -2.1404521 1.9122454 0.15282513 -1.8613696 1.9175495 0.15282509 -2.1404521 1.9122454 0.15282513 -2.1411371 1.9071074 0.15282512 -1.8613696 1.9175495 0.15282509 -2.1411371 1.9071074 0.15282512 -2.1494412 1.844889 0.15282516 -1.8613696 1.9175495 0.15282509 -2.1494412 1.844889 0.15282516 -2.1587162 1.7753954 0.15282506 -1.8613696 1.9175495 0.15282509 -2.1587162 1.7753954 0.15282506 -2.1589117 1.7739278 0.15282512 -1.8613696 1.9175495 0.15282509 -2.1589117 1.7739278 0.15282512 -2.1590307 1.7680501 0.15282509 -1.8613696 1.9175495 0.15282509 -2.1590307 1.7680501 0.15282509 -2.1578379 1.7623059 0.152825 -1.8613696 1.9175495 0.15282509 -2.1578379 1.7623059 0.152825 -2.1553972 1.7570078 0.15282501 -1.8613696 1.9175495 0.15282509 -2.1553972 1.7570078 0.15282501 -2.1518447 1.7524498 0.15282506 -1.8613696 1.9175495 0.15282509 -2.1518447 1.7524498 0.15282506 -2.1473751 1.748881 0.152825 -1.8613696 1.9175495 0.15282509 -2.1473751 1.748881 0.152825 -2.1422331 1.7464968 0.15282506 -1.8613696 1.9175495 0.15282509 -2.1422331 1.7464968 0.15282506 -2.1115725 1.7383175 0.15282506 -1.8613696 1.9175495 0.15282509 -2.1115725 1.7383175 0.15282506 -2.0955632 1.7340467 0.15282507 -1.8613696 1.9175495 0.15282509 -2.0955632 1.7340467 0.15282507 -2.0768557 1.7311004 0.15282504 -1.8613696 1.9175495 0.15282509 -2.0768557 1.7311004 0.15282504 -2.0479352 1.7265455 0.15282509 -1.8613696 1.9175495 0.15282509 -2.0479352 1.7265455 0.15282509 -2.0362096 1.7259412 0.15282506 -1.8613696 1.9175495 0.15282509 -2.0362096 1.7259412 0.15282506 -2.0040886 1.724288 0.15282506 -1.8613696 1.9175495 0.15282509 -2.0040886 1.724288 0.15282506 -1.9998276 1.7240689 0.15282504 -1.8613696 1.9175495 0.15282509 -1.9998276 1.7240689 0.15282504 -1.9955671 1.7242966 0.15282504 -1.8613696 1.9175495 0.15282509 -1.9955671 1.7242966 0.15282504 -1.9634495 1.7260146 0.1528251 -1.8613696 1.9175495 0.15282509 -1.9634495 1.7260146 0.1528251 -1.9517251 1.7266423 0.15282512 -1.8613696 1.9175495 0.15282509 -1.9517251 1.7266423 0.15282512 -1.9313341 1.7298961 0.1528251 -1.8613696 1.9175495 0.15282509 -1.9313341 1.7298961 0.1528251 -1.9041126 1.7342392 0.15282503 -1.8613696 1.9175495 0.15282509 -1.9041126 1.7342392 0.15282503 -1.8881118 1.7385424 0.15282503 -1.8613696 1.9175495 0.15282509 -1.8881118 1.7385424 0.15282503 -1.8574674 1.7467835 0.15282507 -1.8613696 1.9175495 0.15282509 -1.8574674 1.7467835 0.15282507 -1.8523306 1.7491778 0.15282504 -1.8613696 1.9175495 0.15282509 -1.8523306 1.7491778 0.15282504 -1.8478681 1.7527556 0.15282498 -1.8613696 1.9175495 0.15282509 -1.8478681 1.7527556 0.15282498 -1.8443248 1.7573209 0.15282504 -1.8613696 1.9175495 0.15282509 -1.8443248 1.7573209 0.15282504 -1.8418949 1.7626238 0.152825 -1.8613696 1.9175495 0.15282509 -1.8418949 1.7626238 0.152825 -1.8407136 1.7683705 0.15282501 -1.8613696 1.9175495 0.15282509 -1.8407136 1.7683705 0.15282501 -1.8408443 1.7742478 0.15282504 -1.8613696 1.9175495 0.15282509 -1.8408443 1.7742478 0.15282504 -1.8410426 1.775715 0.15282504 -1.8613696 1.9175495 0.15282509 -1.8410426 1.775715 0.15282504 -1.8504575 1.8451899 0.15282506 -1.8613696 1.9175495 0.15282509 -1.8504575 1.8451899 0.15282506 -1.8588868 1.9073914 0.15282507 -1.8613696 1.9175495 0.15282509 -1.8588868 1.9073914 0.15282507 -1.8595822 1.912528 0.15282509 -1.8613696 1.9175495 0.15282509 -1.8595822 1.912528 0.15282509 -1.8602161 1.91514 0.15282509 -1.8613696 1.9175495 0.15282509 -1.8629884 1.9196475 0.14599608 -1.9125451 1.9713297 0.14599603 -1.8613696 1.9175495 0.14599603 -1.9125451 1.9713297 0.14599603 -1.9150326 1.9733201 0.14599612 -1.8613696 1.9175495 0.14599603 -1.9150326 1.9733201 0.14599612 -1.9179288 1.9745703 0.14599602 -1.8613696 1.9175495 0.14599603 -1.9179288 1.9745703 0.14599602 -1.9210355 1.9749948 0.14599603 -1.8613696 1.9175495 0.14599603 -1.9210355 1.9749948 0.14599603 -1.9315807 1.9749843 0.14599606 -1.8613696 1.9175495 0.14599603 -1.9315807 1.9749843 0.14599606 -1.9636999 1.9749517 0.14599603 -1.8613696 1.9175495 0.14599603 -1.9636999 1.9749517 0.14599603 -1.9958193 1.9749197 0.14599605 -1.8613696 1.9175495 0.14599603 -1.9958193 1.9749197 0.14599605 -2.0043409 1.974911 0.14599605 -1.8613696 1.9175495 0.14599603 -2.0043409 1.974911 0.14599605 -2.0364602 1.9748785 0.14599608 -1.8613696 1.9175495 0.14599603 -2.0364602 1.9748785 0.14599608 -2.077101 1.9748378 0.14599606 -1.8613696 1.9175495 0.14599603 -2.077101 1.9748378 0.14599606 -2.0791247 1.9748356 0.145996 -1.8613696 1.9175495 0.14599603 -2.0791247 1.9748356 0.145996 -2.0822303 1.9744049 0.14599612 -1.8613696 1.9175495 0.14599603 -2.0822303 1.9744049 0.14599612 -2.085124 1.9731489 0.14599603 -1.8613696 1.9175495 0.14599603 -2.085124 1.9731489 0.14599603 -2.0876076 1.9711535 0.14599605 -1.8613696 1.9175495 0.14599603 -2.0876076 1.9711535 0.14599605 -2.1370602 1.9193716 0.14599609 -1.8613696 1.9175495 0.14599603 -2.1370602 1.9193716 0.14599609 -2.1386747 1.9172705 0.14599606 -1.8613696 1.9175495 0.14599603 -2.1386747 1.9172705 0.14599606 -2.1398234 1.9148587 0.14599609 -1.8613696 1.9175495 0.14599603 -2.1398234 1.9148587 0.14599609 -2.1404521 1.9122454 0.14599606 -1.8613696 1.9175495 0.14599603 -2.1404521 1.9122454 0.14599606 -2.1411371 1.9071074 0.14599606 -1.8613696 1.9175495 0.14599603 -2.1411371 1.9071074 0.14599606 -2.1494412 1.844889 0.14599603 -1.8613696 1.9175495 0.14599603 -2.1494412 1.844889 0.14599603 -2.1587164 1.7753954 0.14599606 -1.8613696 1.9175495 0.14599603 -2.1587164 1.7753954 0.14599606 -2.1589117 1.7739276 0.14599603 -1.8613696 1.9175495 0.14599603 -2.1589117 1.7739276 0.14599603 -2.1590304 1.7680502 0.14599605 -1.8613696 1.9175495 0.14599603 -2.1590304 1.7680502 0.14599605 -2.1578376 1.7623059 0.14599605 -1.8613696 1.9175495 0.14599603 -2.1578376 1.7623059 0.14599605 -2.1553972 1.7570078 0.14599599 -1.8613696 1.9175495 0.14599603 -2.1553972 1.7570078 0.14599599 -2.1518447 1.7524499 0.14599605 -1.8613696 1.9175495 0.14599603 -2.1518447 1.7524499 0.14599605 -2.1473751 1.748881 0.14599605 -1.8613696 1.9175495 0.14599603 -2.1473751 1.748881 0.14599605 -2.1422334 1.7464969 0.14599606 -1.8613696 1.9175495 0.14599603 -2.1422334 1.7464969 0.14599606 -2.1115725 1.7383175 0.14599599 -1.8613696 1.9175495 0.14599603 -2.1115725 1.7383175 0.14599599 -2.0955632 1.7340466 0.14599608 -1.8613696 1.9175495 0.14599603 -2.0955632 1.7340466 0.14599608 -2.0768557 1.7311004 0.14599597 -1.8613696 1.9175495 0.14599603 -2.0768557 1.7311004 0.14599597 -2.0479352 1.7265455 0.14599608 -1.8613696 1.9175495 0.14599603 -2.0479352 1.7265455 0.14599608 -2.0362096 1.7259414 0.14599599 -1.8613696 1.9175495 0.14599603 -2.0362096 1.7259414 0.14599599 -2.0040886 1.724288 0.14599603 -1.8613696 1.9175495 0.14599603 -2.0040886 1.724288 0.14599603 -1.9998276 1.7240689 0.14599606 -1.8613696 1.9175495 0.14599603 -1.9998276 1.7240689 0.14599606 -1.9955671 1.7242966 0.14599599 -1.8613696 1.9175495 0.14599603 -1.9955671 1.7242966 0.14599599 -1.9634495 1.7260145 0.14599603 -1.8613696 1.9175495 0.14599603 -1.9634495 1.7260145 0.14599603 -1.9517251 1.7266421 0.14599606 -1.8613696 1.9175495 0.14599603 -1.9517251 1.7266421 0.14599606 -1.9313341 1.7298961 0.14599603 -1.8613696 1.9175495 0.14599603 -1.9313341 1.7298961 0.14599603 -1.9041126 1.7342392 0.14599605 -1.8613696 1.9175495 0.14599603 -1.9041126 1.7342392 0.14599605 -1.8881118 1.7385424 0.145996 -1.8613696 1.9175495 0.14599603 -1.8881118 1.7385424 0.145996 -1.8574675 1.7467835 0.14599606 -1.8613696 1.9175495 0.14599603 -1.8574675 1.7467835 0.14599606 -1.8523306 1.7491778 0.14599606 -1.8613696 1.9175495 0.14599603 -1.8523306 1.7491778 0.14599606 -1.847868 1.7527556 0.14599603 -1.8613696 1.9175495 0.14599603 -1.847868 1.7527556 0.14599603 -1.8443247 1.7573209 0.14599597 -1.8613696 1.9175495 0.14599603 -1.8443247 1.7573209 0.14599597 -1.8418949 1.7626237 0.14599606 -1.8613696 1.9175495 0.14599603 -1.8418949 1.7626237 0.14599606 -1.8407136 1.7683705 0.14599603 -1.8613696 1.9175495 0.14599603 -1.8407136 1.7683705 0.14599603 -1.8408443 1.7742479 0.14599599 -1.8613696 1.9175495 0.14599603 -1.8408443 1.7742479 0.14599599 -1.8410426 1.775715 0.14599597 -1.8613696 1.9175495 0.14599603 -1.8410426 1.775715 0.14599597 -1.8504575 1.8451899 0.14599599 -1.8613696 1.9175495 0.14599603 -1.8504575 1.8451899 0.14599599 -1.8588868 1.9073914 0.14599602 -1.8613696 1.9175495 0.14599603 -1.8588868 1.9073914 0.14599602 -1.8595822 1.912528 0.14599608 -1.8613696 1.9175495 0.14599603 -1.8595822 1.912528 0.14599608 -1.8602161 1.91514 0.14599603 -1.8613696 1.9175495 0.14599603 </float_array>
          <technique_common>
            <accessor count="993" offset="0" source="#meshId1-positions-array" stride="3">
              <param name="X" type="float" />
              <param name="Y" type="float" />
              <param name="Z" type="float" />
            </accessor>
          </technique_common>
        </source>
        <source id="meshId1-normals" name="meshId1-normals">
          <float_array id="meshId1-normals-array" count="2979"> 0.1321636 0.00013306789 -0.99122792 0.1321636 0.00013306789 -0.99122792 0.1321636 0.00013306789 -0.99122792 5.9574656e-08 -1.1917931e-07 1 5.9574656e-08 -1.1917931e-07 1 5.9574656e-08 -1.1917931e-07 1 5.9574656e-08 -1.1917931e-07 1 5.9574656e-08 -1.1917931e-07 1 5.9574656e-08 -1.1917931e-07 1 5.9574656e-08 -1.1917931e-07 1 5.9574656e-08 -1.1917931e-07 1 5.9574656e-08 -1.1917931e-07 1 5.9574656e-08 -1.1917931e-07 1 5.9574656e-08 -1.1917931e-07 1 5.9574656e-08 -1.1917931e-07 1 5.9574656e-08 -1.1917931e-07 1 5.9574656e-08 -1.1917931e-07 1 5.9574656e-08 -1.1917931e-07 1 5.9574656e-08 -1.1917931e-07 1 5.9574656e-08 -1.1917931e-07 1 5.9574656e-08 -1.1917931e-07 1 5.9574656e-08 -1.1917931e-07 1 5.9574656e-08 -1.1917931e-07 1 5.9574656e-08 -1.1917931e-07 1 5.9574656e-08 -1.1917931e-07 1 5.9574656e-08 -1.1917931e-07 1 5.9574656e-08 -1.1917931e-07 1 5.9574656e-08 -1.1917931e-07 1 5.9574656e-08 -1.1917931e-07 1 5.9574656e-08 -1.1917931e-07 1 5.9574656e-08 -1.1917931e-07 1 5.9574656e-08 -1.1917931e-07 1 5.9574656e-08 -1.1917931e-07 1 5.9574656e-08 -1.1917931e-07 1 5.9574656e-08 -1.1917931e-07 1 5.9574656e-08 -1.1917931e-07 1 5.9574656e-08 -1.1917931e-07 1 5.9574656e-08 -1.1917931e-07 1 5.9574656e-08 -1.1917931e-07 1 5.9574656e-08 -1.1917931e-07 1 5.9574656e-08 -1.1917931e-07 1 5.9574656e-08 -1.1917931e-07 1 5.9574656e-08 -1.1917931e-07 1 5.9574656e-08 -1.1917931e-07 1 5.9574656e-08 -1.1917931e-07 1 5.9574656e-08 -1.1917931e-07 1 5.9574656e-08 -1.1917931e-07 1 5.9574656e-08 -1.1917931e-07 1 5.9574656e-08 -1.1917931e-07 1 5.9574656e-08 -1.1917931e-07 1 5.9574656e-08 -1.1917931e-07 1 5.9574656e-08 -1.1917931e-07 1 5.9574656e-08 -1.1917931e-07 1 5.9574656e-08 -1.1917931e-07 1 5.9574656e-08 -1.1917931e-07 1 5.9574656e-08 -1.1917931e-07 1 5.9574656e-08 -1.1917931e-07 1 5.9574656e-08 -1.1917931e-07 1 5.9574656e-08 -1.1917931e-07 1 5.9574656e-08 -1.1917931e-07 1 5.9574656e-08 -1.1917931e-07 1 5.9574656e-08 -1.1917931e-07 1 5.9574656e-08 -1.1917931e-07 1 5.9574656e-08 -1.1917931e-07 1 5.9574656e-08 -1.1917931e-07 1 5.9574656e-08 -1.1917931e-07 1 5.9574656e-08 -1.1917931e-07 1 5.9574656e-08 -1.1917931e-07 1 5.9574656e-08 -1.1917931e-07 1 5.9574656e-08 -1.1917931e-07 1 5.9574656e-08 -1.1917931e-07 1 5.9574656e-08 -1.1917931e-07 1 5.9574656e-08 -1.1917931e-07 1 5.9574656e-08 -1.1917931e-07 1 5.9574656e-08 -1.1917931e-07 1 5.9574656e-08 -1.1917931e-07 1 5.9574656e-08 -1.1917931e-07 1 5.9574656e-08 -1.1917931e-07 1 5.9574656e-08 -1.1917931e-07 1 5.9574656e-08 -1.1917931e-07 1 5.9574656e-08 -1.1917931e-07 1 5.9574656e-08 -1.1917931e-07 1 5.9574656e-08 -1.1917931e-07 1 5.9574656e-08 -1.1917931e-07 1 5.9574656e-08 -1.1917931e-07 1 5.9574656e-08 -1.1917931e-07 1 5.9574656e-08 -1.1917931e-07 1 5.9574656e-08 -1.1917931e-07 1 5.9574656e-08 -1.1917931e-07 1 5.9574656e-08 -1.1917931e-07 1 5.9574656e-08 -1.1917931e-07 1 5.9574656e-08 -1.1917931e-07 1 5.9574656e-08 -1.1917931e-07 1 5.9574656e-08 -1.1917931e-07 1 5.9574656e-08 -1.1917931e-07 1 5.9574656e-08 -1.1917931e-07 1 5.9574656e-08 -1.1917931e-07 1 5.9574656e-08 -1.1917931e-07 1 5.9574656e-08 -1.1917931e-07 1 5.9574656e-08 -1.1917931e-07 1 5.9574656e-08 -1.1917931e-07 1 5.9574656e-08 -1.1917931e-07 1 5.9574656e-08 -1.1917931e-07 1 5.9574656e-08 -1.1917931e-07 1 5.9574656e-08 -1.1917931e-07 1 5.9574656e-08 -1.1917931e-07 1 5.9574656e-08 -1.1917931e-07 1 5.9574656e-08 -1.1917931e-07 1 5.9574656e-08 -1.1917931e-07 1 5.9574656e-08 -1.1917931e-07 1 5.9574656e-08 -1.1917931e-07 1 5.9574656e-08 -1.1917931e-07 1 5.9574656e-08 -1.1917931e-07 1 5.9574656e-08 -1.1917931e-07 1 5.9574656e-08 -1.1917931e-07 1 5.9574656e-08 -1.1917931e-07 1 5.9574656e-08 -1.1917931e-07 1 5.9574656e-08 -1.1917931e-07 1 5.9574656e-08 -1.1917931e-07 1 5.9574656e-08 -1.1917931e-07 1 5.9574656e-08 -1.1917931e-07 1 5.9574656e-08 -1.1917931e-07 1 5.9574656e-08 -1.1917931e-07 1 5.9574656e-08 -1.1917931e-07 1 5.9574656e-08 -1.1917931e-07 1 5.9574656e-08 -1.1917931e-07 1 5.9574656e-08 -1.1917931e-07 1 5.9574656e-08 -1.1917931e-07 1 5.9574656e-08 -1.1917931e-07 1 5.9574656e-08 -1.1917931e-07 1 5.9574656e-08 -1.1917931e-07 1 5.9574656e-08 -1.1917931e-07 1 5.9574656e-08 -1.1917931e-07 1 5.9574656e-08 -1.1917931e-07 1 5.9574656e-08 -1.1917931e-07 1 5.9574656e-08 -1.1917931e-07 1 5.9574656e-08 -1.1917931e-07 1 5.9574656e-08 -1.1917931e-07 1 5.9574656e-08 -1.1917931e-07 1 5.9574656e-08 -1.1917931e-07 1 5.9574656e-08 -1.1917931e-07 1 5.9574656e-08 -1.1917931e-07 1 5.9574656e-08 -1.1917931e-07 1 5.9574656e-08 -1.1917931e-07 1 5.9574656e-08 -1.1917931e-07 1 5.9574656e-08 -1.1917931e-07 1 5.9574656e-08 -1.1917931e-07 1 5.9574656e-08 -1.1917931e-07 1 5.9574656e-08 -1.1917931e-07 1 5.9574656e-08 -1.1917931e-07 1 5.9574656e-08 -1.1917931e-07 1 5.9574656e-08 -1.1917931e-07 1 5.9574656e-08 -1.1917931e-07 1 0.0010059475 -0.99999952 -1.1923917e-07 0.0010059475 -0.99999952 -1.1923917e-07 0.13316077 -0.99109447 -1.2605096e-07 0.0010059475 -0.99999952 -1.1923917e-07 0.19710244 -0.98038292 -1.2858368e-07 0.13316077 -0.99109447 -1.2605096e-07 0.13316077 -0.99109447 -1.2605096e-07 0.19710244 -0.98038292 -1.2858368e-07 0.33728358 -0.94140309 -1.3228933e-07 0.19710244 -0.98038292 -1.2858368e-07 0.3948437 -0.91874832 -1.3301847e-07 0.33728358 -0.94140309 -1.3228933e-07 0.33728358 -0.94140309 -1.3228933e-07 0.3948437 -0.91874832 -1.3301847e-07 0.5249539 -0.85113072 -1.3271112e-07 0.3948437 -0.91874832 -1.3301847e-07 0.60080451 -0.79939604 -1.310642e-07 0.5249539 -0.85113072 -1.3271112e-07 0.5249539 -0.85113072 -1.3271112e-07 0.60080451 -0.79939604 -1.310642e-07 0.67341679 -0.739263 -1.2822343e-07 0.60080451 -0.79939604 -1.310642e-07 0.74061632 -0.67192811 -1.242019e-07 0.67341679 -0.739263 -1.2822343e-07 0.67341679 -0.739263 -1.2822343e-07 0.74061632 -0.67192811 -1.242019e-07 0.80060315 -0.59919494 -1.1910731e-07 0.74061632 -0.67192811 -1.242019e-07 0.85218513 -0.52324045 -1.1312807e-07 0.80060315 -0.59919494 -1.1910731e-07 0.80060315 -0.59919494 -1.1910731e-07 0.85218513 -0.52324045 -1.1312807e-07 0.91954082 -0.39299446 -1.0161814e-07 0.85218513 -0.52324045 -1.1312807e-07 0.94207972 -0.3353889 -9.6095498e-08 0.91954082 -0.39299446 -1.0161814e-07 0.91954082 -0.39299446 -1.0161814e-07 0.94207972 -0.3353889 -9.6095498e-08 0.9807775 -0.19512962 -8.1684895e-08 0.94207972 -0.3353889 -9.6095498e-08 0.99136037 -0.13116653 -7.4692288e-08 0.9807775 -0.19512962 -8.1684895e-08 0.9807775 -0.19512962 -8.1684895e-08 0.99136037 -0.13116653 -7.4692288e-08 0.99999952 0.0010059475 -5.9454738e-08 0.99136037 -0.13116653 -7.4692288e-08 0.99999952 0.0010059475 -5.9454738e-08 0.99999952 0.0010059475 -5.9454738e-08 0.99999952 0.0010059475 -5.9454738e-08 0.99999952 0.0010059475 -5.9454738e-08 0.99109447 0.13316077 -4.3174104e-08 0.99999952 0.0010059475 -5.9454738e-08 0.98038292 0.19710244 -3.4915441e-08 0.99109447 0.13316077 -4.3174104e-08 0.99109447 0.13316077 -4.3174104e-08 0.98038292 0.19710244 -3.4915441e-08 0.94140309 0.33728358 -1.588654e-08 0.98038292 0.19710244 -3.4915441e-08 0.91874832 0.3948437 -7.6769151e-09 0.94140309 0.33728358 -1.588654e-08 0.94140309 0.33728358 -1.588654e-08 0.91874832 0.3948437 -7.6769151e-09 0.85113072 0.5249539 1.1857826e-08 0.91874832 0.3948437 -7.6769151e-09 0.79939604 0.60080451 2.397972e-08 0.85113072 0.5249539 1.1857826e-08 0.85113072 0.5249539 1.1857826e-08 0.79939604 0.60080451 2.397972e-08 0.739263 0.67341679 3.6216012e-08 0.79939604 0.60080451 2.397972e-08 0.67192811 0.74061632 4.8236259e-08 0.739263 0.67341679 3.6216012e-08 0.739263 0.67341679 3.6216012e-08 0.67192811 0.74061632 4.8236259e-08 0.59919494 0.80060315 5.9718502e-08 0.67192811 0.74061632 4.8236259e-08 0.52324045 0.85218513 7.0390968e-08 0.59919494 0.80060315 5.9718502e-08 0.59919494 0.80060315 5.9718502e-08 0.52324045 0.85218513 7.0390968e-08 0.39299446 0.91954082 8.6177735e-08 0.52324045 0.85218513 7.0390968e-08 0.3353889 0.94207972 9.2295735e-08 0.39299446 0.91954082 8.6177735e-08 0.39299446 0.91954082 8.6177735e-08 0.3353889 0.94207972 9.2295735e-08 0.19512962 0.9807775 1.052636e-07 0.3353889 0.94207972 9.2295735e-08 0.13116653 0.99136037 1.1033545e-07 0.19512962 0.9807775 1.052636e-07 0.19512962 0.9807775 1.052636e-07 0.13116653 0.99136037 1.1033545e-07 -0.0010059475 0.99999952 1.1923917e-07 0.13116653 0.99136037 1.1033545e-07 -0.0010059475 0.99999952 1.1923917e-07 -0.0010059475 0.99999952 1.1923917e-07 -0.0010059475 0.99999952 1.1923917e-07 -0.0010059475 0.99999952 1.1923917e-07 -0.13316077 0.99109447 1.2605096e-07 -0.0010059475 0.99999952 1.1923917e-07 -0.19710244 0.98038292 1.2858368e-07 -0.13316077 0.99109447 1.2605096e-07 -0.13316077 0.99109447 1.2605096e-07 -0.19710244 0.98038292 1.2858368e-07 -0.33728358 0.94140309 1.3228933e-07 -0.19710244 0.98038292 1.2858368e-07 -0.3948437 0.91874832 1.3301847e-07 -0.33728358 0.94140309 1.3228933e-07 -0.33728358 0.94140309 1.3228933e-07 -0.3948437 0.91874832 1.3301847e-07 -0.5249539 0.85113072 1.3271112e-07 -0.3948437 0.91874832 1.3301847e-07 -0.60080451 0.79939604 1.310642e-07 -0.5249539 0.85113072 1.3271112e-07 -0.5249539 0.85113072 1.3271112e-07 -0.60080451 0.79939604 1.310642e-07 -0.67341679 0.739263 1.2822343e-07 -0.60080451 0.79939604 1.310642e-07 -0.74061632 0.67192811 1.242019e-07 -0.67341679 0.739263 1.2822343e-07 -0.67341679 0.739263 1.2822343e-07 -0.74061632 0.67192811 1.242019e-07 -0.80060315 0.59919494 1.1910731e-07 -0.74061632 0.67192811 1.242019e-07 -0.85218513 0.52324045 1.1312807e-07 -0.80060315 0.59919494 1.1910731e-07 -0.80060315 0.59919494 1.1910731e-07 -0.85218513 0.52324045 1.1312807e-07 -0.91954082 0.39299446 1.0161814e-07 -0.85218513 0.52324045 1.1312807e-07 -0.94207972 0.3353889 9.6095498e-08 -0.91954082 0.39299446 1.0161814e-07 -0.91954082 0.39299446 1.0161814e-07 -0.94207972 0.3353889 9.6095498e-08 -0.9807775 0.19512962 8.1684895e-08 -0.94207972 0.3353889 9.6095498e-08 -0.99136037 0.13116653 7.4692288e-08 -0.9807775 0.19512962 8.1684895e-08 -0.9807775 0.19512962 8.1684895e-08 -0.99136037 0.13116653 7.4692288e-08 -0.99999952 -0.0010059475 5.9454738e-08 -0.99136037 0.13116653 7.4692288e-08 -0.99999952 -0.0010059475 5.9454738e-08 -0.99999952 -0.0010059475 5.9454738e-08 -0.99999952 -0.0010059475 5.9454738e-08 -0.99999952 -0.0010059475 5.9454738e-08 -0.99109447 -0.13316077 4.3174104e-08 -0.99999952 -0.0010059475 5.9454738e-08 -0.98038292 -0.19710244 3.4915441e-08 -0.99109447 -0.13316077 4.3174104e-08 -0.99109447 -0.13316077 4.3174104e-08 -0.98038292 -0.19710244 3.4915441e-08 -0.94140309 -0.33728358 1.588654e-08 -0.98038292 -0.19710244 3.4915441e-08 -0.91874832 -0.3948437 7.6769151e-09 -0.94140309 -0.33728358 1.588654e-08 -0.94140309 -0.33728358 1.588654e-08 -0.91874832 -0.3948437 7.6769151e-09 -0.85113072 -0.5249539 -1.1857825e-08 -0.91874832 -0.3948437 7.6769151e-09 -0.79939604 -0.60080451 -2.397972e-08 -0.85113072 -0.5249539 -1.1857825e-08 -0.85113072 -0.5249539 -1.1857825e-08 -0.79939604 -0.60080451 -2.397972e-08 -0.739263 -0.67341679 -3.6216012e-08 -0.79939604 -0.60080451 -2.397972e-08 -0.67192811 -0.74061632 -4.8236259e-08 -0.739263 -0.67341679 -3.6216012e-08 -0.739263 -0.67341679 -3.6216012e-08 -0.67192811 -0.74061632 -4.8236259e-08 -0.59919494 -0.80060315 -5.9718502e-08 -0.67192811 -0.74061632 -4.8236259e-08 -0.52324045 -0.85218513 -7.0390968e-08 -0.59919494 -0.80060315 -5.9718502e-08 -0.59919494 -0.80060315 -5.9718502e-08 -0.52324045 -0.85218513 -7.0390968e-08 -0.39299446 -0.91954082 -8.6177735e-08 -0.52324045 -0.85218513 -7.0390968e-08 -0.3353889 -0.94207972 -9.2295735e-08 -0.39299446 -0.91954082 -8.6177735e-08 -0.39299446 -0.91954082 -8.6177735e-08 -0.3353889 -0.94207972 -9.2295735e-08 -0.19512962 -0.9807775 -1.052636e-07 -0.3353889 -0.94207972 -9.2295735e-08 -0.13116653 -0.99136037 -1.1033545e-07 -0.19512962 -0.9807775 -1.052636e-07 -0.19512962 -0.9807775 -1.052636e-07 -0.13116653 -0.99136037 -1.1033545e-07 0.0010059475 -0.99999952 -1.1923917e-07 -0.13116653 -0.99136037 -1.1033545e-07 0.0010059475 -0.99999952 -1.1923917e-07 0.0010059475 -0.99999952 -1.1923917e-07 -0.13116653 -0.99136037 -1.1033545e-07 -0.13116653 -0.99136037 -1.1033545e-07 -0.19512962 -0.9807775 -1.052636e-07 -0.19512962 -0.9807775 -1.052636e-07 -0.19512962 -0.9807775 -1.052636e-07 -0.27375373 -0.9617998 -9.8317855e-08 -0.27375373 -0.9617998 -9.8317855e-08 -0.27375373 -0.9617998 -9.8317855e-08 -0.3353889 -0.94207972 -9.2295735e-08 -0.99785155 0.065515257 6.7254724e-08 -0.99785155 0.065515257 6.7254724e-08 -0.99136037 0.13116653 7.4692288e-08 -0.99136037 0.13116653 7.4692288e-08 -0.99136037 0.13116653 7.4692288e-08 -0.99136037 0.13116653 7.4692288e-08 -0.99785155 0.065515257 6.7254724e-08 -0.99785155 0.065515257 6.7254724e-08 -0.99771774 -0.06752269 5.1391385e-08 -0.99109447 -0.13316077 4.3174104e-08 -0.99771774 -0.06752269 5.1391385e-08 -0.96124709 -0.27568823 2.4409635e-08 -0.94140309 -0.33728358 1.588654e-08 -0.96124709 -0.27568823 2.4409635e-08 -0.87999374 -0.47498527 -4.1830939e-09 -0.83149189 -0.55553693 -1.6672663e-08 -0.87999374 -0.47498527 -4.1830939e-09 -0.739263 -0.67341679 -3.6216012e-08 -0.67192811 -0.74061632 -4.8236259e-08 -0.739263 -0.67341679 -3.6216012e-08 -0.55386293 -0.83260792 -6.6233447e-08 -0.47321388 -0.88094759 -7.6799175e-08 -0.55386293 -0.83260792 -6.6233447e-08 -0.3353889 -0.94207972 -9.2295735e-08 0.0010059475 -0.99999952 -1.1923917e-07 0.0010059475 -0.99999952 -1.1923917e-07 -0.065515257 -0.99785155 -1.1502021e-07 -0.065515257 -0.99785155 -1.1502021e-07 -0.065515257 -0.99785155 -1.1502021e-07 -0.065515257 -0.99785155 -1.1502021e-07 -0.065515257 -0.99785155 -1.1502021e-07 -0.065515257 -0.99785155 -1.1502021e-07 -0.065515257 -0.99785155 -1.1502021e-07 -0.065515257 -0.99785155 -1.1502021e-07 -0.13116653 -0.99136037 -1.1033545e-07 -0.13116653 -0.99136037 -1.1033545e-07 -0.19512962 -0.9807775 -1.052636e-07 -0.13116653 -0.99136037 -1.1033545e-07 -0.19512962 -0.9807775 -1.052636e-07 -0.27375373 -0.9617998 -9.8317855e-08 -0.19512962 -0.9807775 -1.052636e-07 -0.27375373 -0.9617998 -9.8317855e-08 -0.3353889 -0.94207972 -9.2295735e-08 -0.27375373 -0.9617998 -9.8317855e-08 -0.3353889 -0.94207972 -9.2295735e-08 -0.99136037 0.13116653 7.4692288e-08 -0.99785155 0.065515257 6.7254724e-08 -0.99136037 0.13116653 7.4692288e-08 -0.99136037 0.13116653 7.4692288e-08 -0.99136037 0.13116653 7.4692288e-08 -0.99136037 0.13116653 7.4692288e-08 -0.99785155 0.065515257 6.7254724e-08 -0.99771774 -0.06752269 5.1391385e-08 -0.99109447 -0.13316077 4.3174104e-08 -0.99109447 -0.13316077 4.3174104e-08 -0.96124709 -0.27568823 2.4409635e-08 -0.94140309 -0.33728358 1.588654e-08 -0.94140309 -0.33728358 1.588654e-08 -0.87999374 -0.47498527 -4.1830939e-09 -0.83149189 -0.55553693 -1.6672663e-08 -0.83149189 -0.55553693 -1.6672663e-08 -0.739263 -0.67341679 -3.6216012e-08 -0.67192811 -0.74061632 -4.8236259e-08 -0.67192811 -0.74061632 -4.8236259e-08 -0.55386293 -0.83260792 -6.6233447e-08 -0.47321388 -0.88094759 -7.6799175e-08 -0.47321388 -0.88094759 -7.6799175e-08 -0.3353889 -0.94207972 -9.2295735e-08 -0.3353889 -0.94207972 -9.2295735e-08 -0.065515257 -0.99785155 -1.1502021e-07 0.0010059475 -0.99999952 -1.1923917e-07 -0.065515257 -0.99785155 -1.1502021e-07 -0.065515257 -0.99785155 -1.1502021e-07 -0.065515257 -0.99785155 -1.1502021e-07 -0.065515257 -0.99785155 -1.1502021e-07 -0.065515257 -0.99785155 -1.1502021e-07 -0.065515257 -0.99785155 -1.1502021e-07 -0.13116653 -0.99136037 -1.1033545e-07 -0.13116653 -0.99136037 -1.1033545e-07 -0.13116653 -0.99136037 -1.1033545e-07 -0.13116653 -0.99136037 -1.1033545e-07 -0.99136037 0.13116653 7.4692288e-08 -0.99136037 0.13116653 7.4692288e-08 -0.99136037 0.13116653 7.4692288e-08 -0.99136037 0.13116653 7.4692288e-08 -0.99136037 0.13116653 7.4692288e-08 -0.9807775 0.19512962 8.1684895e-08 -0.74061632 0.67192811 1.242019e-07 -0.67341679 0.739263 1.2822343e-07 -0.67341679 0.739263 1.2822343e-07 -0.9807775 0.19512962 8.1684895e-08 -0.94207972 0.3353889 9.6095498e-08 -0.94207972 0.3353889 9.6095498e-08 -0.94207972 0.3353889 9.6095498e-08 -0.88094759 0.47321388 1.0887945e-07 -0.83260792 0.55386293 1.1561133e-07 -0.83260792 0.55386293 1.1561133e-07 -0.76886487 0.63941127 1.2200945e-07 -0.74061632 0.67192811 1.242019e-07 -0.06752269 0.99771774 1.2292996e-07 -0.06752269 0.99771774 1.2292996e-07 -0.19710244 0.98038292 1.2858368e-07 -0.33728358 0.94140309 1.3228933e-07 -0.19710244 0.98038292 1.2858368e-07 -0.47498527 0.87999374 1.3317414e-07 -0.55553693 0.83149189 1.3219255e-07 -0.47498527 0.87999374 1.3317414e-07 -0.67341679 0.739263 1.2822343e-07 -0.06752269 0.99771774 1.2292996e-07 -0.06752269 0.99771774 1.2292996e-07 -0.0010059475 0.99999952 1.1923917e-07 -0.0010059475 0.99999952 1.1923917e-07 -0.0010059475 0.99999952 1.1923917e-07 -0.0010059475 0.99999952 1.1923917e-07 -0.0010059475 0.99999952 1.1923917e-07 -0.0010059475 0.99999952 1.1923917e-07 -0.0010059475 0.99999952 1.1923917e-07 -0.0010059475 0.99999952 1.1923917e-07 -0.0010059475 0.99999952 1.1923917e-07 -0.0010059475 0.99999952 1.1923917e-07 -0.99136037 0.13116653 7.4692288e-08 -0.99136037 0.13116653 7.4692288e-08 -0.99136037 0.13116653 7.4692288e-08 -0.9807775 0.19512962 8.1684895e-08 -0.99136037 0.13116653 7.4692288e-08 -0.9807775 0.19512962 8.1684895e-08 -0.76886487 0.63941127 1.2200945e-07 -0.67341679 0.739263 1.2822343e-07 -0.74061632 0.67192811 1.242019e-07 -0.9807775 0.19512962 8.1684895e-08 -0.9807775 0.19512962 8.1684895e-08 -0.94207972 0.3353889 9.6095498e-08 -0.94207972 0.3353889 9.6095498e-08 -0.94207972 0.3353889 9.6095498e-08 -0.88094759 0.47321388 1.0887945e-07 -0.83260792 0.55386293 1.1561133e-07 -0.88094759 0.47321388 1.0887945e-07 -0.76886487 0.63941127 1.2200945e-07 -0.06752269 0.99771774 1.2292996e-07 -0.19710244 0.98038292 1.2858368e-07 -0.33728358 0.94140309 1.3228933e-07 -0.33728358 0.94140309 1.3228933e-07 -0.47498527 0.87999374 1.3317414e-07 -0.55553693 0.83149189 1.3219255e-07 -0.55553693 0.83149189 1.3219255e-07 -0.67341679 0.739263 1.2822343e-07 -0.67341679 0.739263 1.2822343e-07 -0.0010059475 0.99999952 1.1923917e-07 -0.06752269 0.99771774 1.2292996e-07 -0.0010059475 0.99999952 1.1923917e-07 -0.0010059475 0.99999952 1.1923917e-07 -0.0010059475 0.99999952 1.1923917e-07 -0.0010059475 0.99999952 1.1923917e-07 -0.0010059475 0.99999952 1.1923917e-07 -0.0010059475 0.99999952 1.1923917e-07 -0.0010059475 0.99999952 1.1923917e-07 0.13316077 -0.99109447 -1.2605096e-07 0.13316077 -0.99109447 -1.2605096e-07 0.13316077 -0.99109447 -1.2605096e-07 0.13316077 -0.99109447 -1.2605096e-07 0.06752269 -0.99771774 -1.2292996e-07 0.06752269 -0.99771774 -1.2292996e-07 0.06752269 -0.99771774 -1.2292996e-07 0.06752269 -0.99771774 -1.2292996e-07 0.06752269 -0.99771774 -1.2292996e-07 0.06752269 -0.99771774 -1.2292996e-07 0.06752269 -0.99771774 -1.2292996e-07 0.0010059475 -0.99999952 -1.1923917e-07 0.99109447 0.13316077 -4.3174104e-08 0.99109447 0.13316077 -4.3174104e-08 0.99109447 0.13316077 -4.3174104e-08 0.99109447 0.13316077 -4.3174104e-08 0.99109447 0.13316077 -4.3174104e-08 0.99771774 0.06752269 -5.1391385e-08 0.33728358 -0.94140309 -1.3228933e-07 0.33728358 -0.94140309 -1.3228933e-07 0.27568823 -0.96124709 -1.309848e-07 0.27568823 -0.96124709 -1.309848e-07 0.27568823 -0.96124709 -1.309848e-07 0.19710244 -0.98038292 -1.2858368e-07 0.19710244 -0.98038292 -1.2858368e-07 0.19710244 -0.98038292 -1.2858368e-07 0.13316077 -0.99109447 -1.2605096e-07 0.33728358 -0.94140309 -1.3228933e-07 0.33728358 -0.94140309 -1.3228933e-07 0.47498527 -0.87999374 -1.3317414e-07 0.55553693 -0.83149189 -1.3219255e-07 0.47498527 -0.87999374 -1.3317414e-07 0.67341679 -0.739263 -1.2822343e-07 0.74061632 -0.67192811 -1.242019e-07 0.67341679 -0.739263 -1.2822343e-07 0.83260792 -0.55386293 -1.1561133e-07 0.88094759 -0.47321388 -1.0887945e-07 0.83260792 -0.55386293 -1.1561133e-07 0.94207972 -0.3353889 -9.6095498e-08 0.9617998 -0.27375373 -8.9924676e-08 0.94207972 -0.3353889 -9.6095498e-08 0.99136037 -0.13116653 -7.4692288e-08 0.99785155 -0.065515257 -6.7254724e-08 0.99136037 -0.13116653 -7.4692288e-08 0.99771774 0.06752269 -5.1391385e-08 0.13316077 -0.99109447 -1.2605096e-07 0.19710244 -0.98038292 -1.2858368e-07 0.13316077 -0.99109447 -1.2605096e-07 0.13316077 -0.99109447 -1.2605096e-07 0.13316077 -0.99109447 -1.2605096e-07 0.06752269 -0.99771774 -1.2292996e-07 0.06752269 -0.99771774 -1.2292996e-07 0.06752269 -0.99771774 -1.2292996e-07 0.06752269 -0.99771774 -1.2292996e-07 0.06752269 -0.99771774 -1.2292996e-07 0.06752269 -0.99771774 -1.2292996e-07 0.06752269 -0.99771774 -1.2292996e-07 0.0010059475 -0.99999952 -1.1923917e-07 0.06752269 -0.99771774 -1.2292996e-07 0.0010059475 -0.99999952 -1.1923917e-07 0.99109447 0.13316077 -4.3174104e-08 0.99109447 0.13316077 -4.3174104e-08 0.99109447 0.13316077 -4.3174104e-08 0.99771774 0.06752269 -5.1391385e-08 0.99109447 0.13316077 -4.3174104e-08 0.99771774 0.06752269 -5.1391385e-08 0.27568823 -0.96124709 -1.309848e-07 0.33728358 -0.94140309 -1.3228933e-07 0.27568823 -0.96124709 -1.309848e-07 0.19710244 -0.98038292 -1.2858368e-07 0.27568823 -0.96124709 -1.309848e-07 0.19710244 -0.98038292 -1.2858368e-07 0.33728358 -0.94140309 -1.3228933e-07 0.47498527 -0.87999374 -1.3317414e-07 0.55553693 -0.83149189 -1.3219255e-07 0.55553693 -0.83149189 -1.3219255e-07 0.67341679 -0.739263 -1.2822343e-07 0.74061632 -0.67192811 -1.242019e-07 0.74061632 -0.67192811 -1.242019e-07 0.83260792 -0.55386293 -1.1561133e-07 0.88094759 -0.47321388 -1.0887945e-07 0.88094759 -0.47321388 -1.0887945e-07 0.94207972 -0.3353889 -9.6095498e-08 0.9617998 -0.27375373 -8.9924676e-08 0.9617998 -0.27375373 -8.9924676e-08 0.99136037 -0.13116653 -7.4692288e-08 0.99785155 -0.065515257 -6.7254724e-08 0.99785155 -0.065515257 -6.7254724e-08 0.99771774 0.06752269 -5.1391385e-08 0.99771774 0.06752269 -5.1391385e-08 -0.0010059475 0.99999952 1.1923917e-07 -0.0010059475 0.99999952 1.1923917e-07 -0.0010059475 0.99999952 1.1923917e-07 -0.0010059475 0.99999952 1.1923917e-07 -0.0010059475 0.99999952 1.1923917e-07 -0.0010059475 0.99999952 1.1923917e-07 -0.0010059475 0.99999952 1.1923917e-07 -0.0010059475 0.99999952 1.1923917e-07 0.065515257 0.99785155 1.1502021e-07 0.98038292 0.19710244 -3.4915441e-08 0.98038292 0.19710244 -3.4915441e-08 0.99109447 0.13316077 -4.3174104e-08 0.99109447 0.13316077 -4.3174104e-08 0.99109447 0.13316077 -4.3174104e-08 0.99109447 0.13316077 -4.3174104e-08 0.67192811 0.74061632 4.8236259e-08 0.739263 0.67341679 3.6216012e-08 0.76757687 0.64095688 3.0660669e-08 0.065515257 0.99785155 1.1502021e-07 0.19512962 0.9807775 1.052636e-07 0.3353889 0.94207972 9.2295735e-08 0.3353889 0.94207972 9.2295735e-08 0.47321388 0.88094759 7.6799175e-08 0.55386293 0.83260792 6.6233447e-08 0.55386293 0.83260792 6.6233447e-08 0.67192811 0.74061632 4.8236259e-08 0.67192811 0.74061632 4.8236259e-08 0.98038292 0.19710244 -3.4915441e-08 0.98038292 0.19710244 -3.4915441e-08 0.94140309 0.33728358 -1.588654e-08 0.94140309 0.33728358 -1.588654e-08 0.94140309 0.33728358 -1.588654e-08 0.87999374 0.47498527 4.1830939e-09 0.83149189 0.55553693 1.6672663e-08 0.87999374 0.47498527 4.1830939e-09 0.76757687 0.64095688 3.0660669e-08 -0.0010059475 0.99999952 1.1923917e-07 -0.0010059475 0.99999952 1.1923917e-07 -0.0010059475 0.99999952 1.1923917e-07 -0.0010059475 0.99999952 1.1923917e-07 -0.0010059475 0.99999952 1.1923917e-07 -0.0010059475 0.99999952 1.1923917e-07 -0.0010059475 0.99999952 1.1923917e-07 -0.0010059475 0.99999952 1.1923917e-07 -0.0010059475 0.99999952 1.1923917e-07 0.065515257 0.99785155 1.1502021e-07 -0.0010059475 0.99999952 1.1923917e-07 0.065515257 0.99785155 1.1502021e-07 0.99109447 0.13316077 -4.3174104e-08 0.98038292 0.19710244 -3.4915441e-08 0.99109447 0.13316077 -4.3174104e-08 0.99109447 0.13316077 -4.3174104e-08 0.99109447 0.13316077 -4.3174104e-08 0.99109447 0.13316077 -4.3174104e-08 0.67192811 0.74061632 4.8236259e-08 0.739263 0.67341679 3.6216012e-08 0.67192811 0.74061632 4.8236259e-08 0.065515257 0.99785155 1.1502021e-07 0.065515257 0.99785155 1.1502021e-07 0.19512962 0.9807775 1.052636e-07 0.3353889 0.94207972 9.2295735e-08 0.19512962 0.9807775 1.052636e-07 0.47321388 0.88094759 7.6799175e-08 0.55386293 0.83260792 6.6233447e-08 0.47321388 0.88094759 7.6799175e-08 0.67192811 0.74061632 4.8236259e-08 0.98038292 0.19710244 -3.4915441e-08 0.94140309 0.33728358 -1.588654e-08 0.94140309 0.33728358 -1.588654e-08 0.94140309 0.33728358 -1.588654e-08 0.87999374 0.47498527 4.1830939e-09 0.83149189 0.55553693 1.6672663e-08 0.83149189 0.55553693 1.6672663e-08 0.76757687 0.64095688 3.0660669e-08 0.739263 0.67341679 3.6216012e-08 5.9574656e-08 -1.1917931e-07 1 5.9574656e-08 -1.1917931e-07 1 5.9574656e-08 -1.1917931e-07 1 5.9574656e-08 -1.1917931e-07 1 5.9574656e-08 -1.1917931e-07 1 5.9574656e-08 -1.1917931e-07 1 5.9574656e-08 -1.1917931e-07 1 5.9574656e-08 -1.1917931e-07 1 5.9574656e-08 -1.1917931e-07 1 5.9574656e-08 -1.1917931e-07 1 5.9574656e-08 -1.1917931e-07 1 5.9574656e-08 -1.1917931e-07 1 5.9574656e-08 -1.1917931e-07 1 5.9574656e-08 -1.1917931e-07 1 5.9574656e-08 -1.1917931e-07 1 5.9574656e-08 -1.1917931e-07 1 5.9574656e-08 -1.1917931e-07 1 5.9574656e-08 -1.1917931e-07 1 5.9574656e-08 -1.1917931e-07 1 5.9574656e-08 -1.1917931e-07 1 5.9574656e-08 -1.1917931e-07 1 5.9574656e-08 -1.1917931e-07 1 5.9574656e-08 -1.1917931e-07 1 5.9574656e-08 -1.1917931e-07 1 5.9574656e-08 -1.1917931e-07 1 5.9574656e-08 -1.1917931e-07 1 5.9574656e-08 -1.1917931e-07 1 5.9574656e-08 -1.1917931e-07 1 5.9574656e-08 -1.1917931e-07 1 5.9574656e-08 -1.1917931e-07 1 5.9574656e-08 -1.1917931e-07 1 5.9574656e-08 -1.1917931e-07 1 5.9574656e-08 -1.1917931e-07 1 5.9574656e-08 -1.1917931e-07 1 5.9574656e-08 -1.1917931e-07 1 5.9574656e-08 -1.1917931e-07 1 5.9574656e-08 -1.1917931e-07 1 5.9574656e-08 -1.1917931e-07 1 5.9574656e-08 -1.1917931e-07 1 5.9574656e-08 -1.1917931e-07 1 5.9574656e-08 -1.1917931e-07 1 5.9574656e-08 -1.1917931e-07 1 5.9574656e-08 -1.1917931e-07 1 5.9574656e-08 -1.1917931e-07 1 5.9574656e-08 -1.1917931e-07 1 5.9574656e-08 -1.1917931e-07 1 5.9574656e-08 -1.1917931e-07 1 5.9574656e-08 -1.1917931e-07 1 5.9574656e-08 -1.1917931e-07 1 5.9574656e-08 -1.1917931e-07 1 5.9574656e-08 -1.1917931e-07 1 5.9574656e-08 -1.1917931e-07 1 5.9574656e-08 -1.1917931e-07 1 5.9574656e-08 -1.1917931e-07 1 5.9574656e-08 -1.1917931e-07 1 5.9574656e-08 -1.1917931e-07 1 5.9574656e-08 -1.1917931e-07 1 5.9574656e-08 -1.1917931e-07 1 5.9574656e-08 -1.1917931e-07 1 5.9574656e-08 -1.1917931e-07 1 5.9574656e-08 -1.1917931e-07 1 5.9574656e-08 -1.1917931e-07 1 5.9574656e-08 -1.1917931e-07 1 5.9574656e-08 -1.1917931e-07 1 5.9574656e-08 -1.1917931e-07 1 5.9574656e-08 -1.1917931e-07 1 5.9574656e-08 -1.1917931e-07 1 5.9574656e-08 -1.1917931e-07 1 5.9574656e-08 -1.1917931e-07 1 5.9574656e-08 -1.1917931e-07 1 5.9574656e-08 -1.1917931e-07 1 5.9574656e-08 -1.1917931e-07 1 5.9574656e-08 -1.1917931e-07 1 5.9574656e-08 -1.1917931e-07 1 5.9574656e-08 -1.1917931e-07 1 5.9574656e-08 -1.1917931e-07 1 5.9574656e-08 -1.1917931e-07 1 5.9574656e-08 -1.1917931e-07 1 5.9574656e-08 -1.1917931e-07 1 5.9574656e-08 -1.1917931e-07 1 5.9574656e-08 -1.1917931e-07 1 5.9574656e-08 -1.1917931e-07 1 5.9574656e-08 -1.1917931e-07 1 5.9574656e-08 -1.1917931e-07 1 5.9574656e-08 -1.1917931e-07 1 5.9574656e-08 -1.1917931e-07 1 5.9574656e-08 -1.1917931e-07 1 5.9574656e-08 -1.1917931e-07 1 5.9574656e-08 -1.1917931e-07 1 5.9574656e-08 -1.1917931e-07 1 5.9574656e-08 -1.1917931e-07 1 5.9574656e-08 -1.1917931e-07 1 5.9574656e-08 -1.1917931e-07 1 5.9574656e-08 -1.1917931e-07 1 5.9574656e-08 -1.1917931e-07 1 5.9574656e-08 -1.1917931e-07 1 5.9574656e-08 -1.1917931e-07 1 5.9574656e-08 -1.1917931e-07 1 5.9574656e-08 -1.1917931e-07 1 5.9574656e-08 -1.1917931e-07 1 5.9574656e-08 -1.1917931e-07 1 5.9574656e-08 -1.1917931e-07 1 5.9574656e-08 -1.1917931e-07 1 5.9574656e-08 -1.1917931e-07 1 5.9574656e-08 -1.1917931e-07 1 5.9574656e-08 -1.1917931e-07 1 5.9574656e-08 -1.1917931e-07 1 5.9574656e-08 -1.1917931e-07 1 5.9574656e-08 -1.1917931e-07 1 5.9574656e-08 -1.1917931e-07 1 5.9574656e-08 -1.1917931e-07 1 5.9574656e-08 -1.1917931e-07 1 5.9574656e-08 -1.1917931e-07 1 5.9574656e-08 -1.1917931e-07 1 5.9574656e-08 -1.1917931e-07 1 5.9574656e-08 -1.1917931e-07 1 5.9574656e-08 -1.1917931e-07 1 5.9574656e-08 -1.1917931e-07 1 5.9574656e-08 -1.1917931e-07 1 5.9574656e-08 -1.1917931e-07 1 5.9574656e-08 -1.1917931e-07 1 5.9574656e-08 -1.1917931e-07 1 5.9574656e-08 -1.1917931e-07 1 5.9574656e-08 -1.1917931e-07 1 5.9574656e-08 -1.1917931e-07 1 5.9574656e-08 -1.1917931e-07 1 5.9574656e-08 -1.1917931e-07 1 5.9574656e-08 -1.1917931e-07 1 5.9574656e-08 -1.1917931e-07 1 5.9574656e-08 -1.1917931e-07 1 5.9574656e-08 -1.1917931e-07 1 5.9574656e-08 -1.1917931e-07 1 5.9574656e-08 -1.1917931e-07 1 5.9574656e-08 -1.1917931e-07 1 5.9574656e-08 -1.1917931e-07 1 5.9574656e-08 -1.1917931e-07 1 5.9574656e-08 -1.1917931e-07 1 5.9574656e-08 -1.1917931e-07 1 5.9574656e-08 -1.1917931e-07 1 5.9574656e-08 -1.1917931e-07 1 5.9574656e-08 -1.1917931e-07 1 5.9574656e-08 -1.1917931e-07 1 5.9574656e-08 -1.1917931e-07 1 5.9574656e-08 -1.1917931e-07 1 5.9574656e-08 -1.1917931e-07 1 5.9574656e-08 -1.1917931e-07 1 5.9574656e-08 -1.1917931e-07 1 5.9574656e-08 -1.1917931e-07 1 5.9574656e-08 -1.1917931e-07 1 5.9574656e-08 -1.1917931e-07 1 5.9574656e-08 -1.1917931e-07 1 5.9574656e-08 -1.1917931e-07 1 5.9574656e-08 -1.1917931e-07 1 5.9574656e-08 -1.1917931e-07 1 5.9574656e-08 -1.1917931e-07 1 5.9574656e-08 -1.1917931e-07 1 5.9574656e-08 -1.1917931e-07 1 5.9574656e-08 -1.1917931e-07 1 5.9574656e-08 -1.1917931e-07 1 5.9574656e-08 -1.1917931e-07 1 5.9574656e-08 -1.1917931e-07 1 5.9574656e-08 -1.1917931e-07 1 5.9574656e-08 -1.1917931e-07 1 5.9574656e-08 -1.1917931e-07 1 5.9574656e-08 -1.1917931e-07 1 5.9574656e-08 -1.1917931e-07 1 5.9574656e-08 -1.1917931e-07 1 5.9574656e-08 -1.1917931e-07 1 5.9574656e-08 -1.1917931e-07 1 5.9574656e-08 -1.1917931e-07 1 5.9574656e-08 -1.1917931e-07 1 5.9574656e-08 -1.1917931e-07 1 5.9574656e-08 -1.1917931e-07 1 5.9574656e-08 -1.1917931e-07 1 5.9574656e-08 -1.1917931e-07 1 5.9574656e-08 -1.1917931e-07 1 5.9574656e-08 -1.1917931e-07 1 5.9574656e-08 -1.1917931e-07 1 5.9574656e-08 -1.1917931e-07 1 5.9574656e-08 -1.1917931e-07 1 5.9574656e-08 -1.1917931e-07 1 5.9574656e-08 -1.1917931e-07 1 5.9574656e-08 -1.1917931e-07 1 5.9574656e-08 -1.1917931e-07 1 5.9574656e-08 -1.1917931e-07 1 5.9574656e-08 -1.1917931e-07 1 5.9574656e-08 -1.1917931e-07 1 5.9574656e-08 -1.1917931e-07 1 5.9574656e-08 -1.1917931e-07 1 5.9574656e-08 -1.1917931e-07 1 5.9574656e-08 -1.1917931e-07 1 5.9574656e-08 -1.1917931e-07 1 5.9574656e-08 -1.1917931e-07 1 5.9574656e-08 -1.1917931e-07 1 5.9574656e-08 -1.1917931e-07 1 5.9574656e-08 -1.1917931e-07 1 5.9574656e-08 -1.1917931e-07 1 5.9574656e-08 -1.1917931e-07 1 5.9574656e-08 -1.1917931e-07 1 5.9574656e-08 -1.1917931e-07 1 5.9574656e-08 -1.1917931e-07 1 5.9574656e-08 -1.1917931e-07 1 5.9574656e-08 -1.1917931e-07 1 5.9574656e-08 -1.1917931e-07 1 5.9574656e-08 -1.1917931e-07 1 5.9574656e-08 -1.1917931e-07 1 5.9574656e-08 -1.1917931e-07 1 5.9574656e-08 -1.1917931e-07 1 5.9574656e-08 -1.1917931e-07 1 5.9574656e-08 -1.1917931e-07 1 5.9574656e-08 -1.1917931e-07 1 5.9574656e-08 -1.1917931e-07 1 5.9574656e-08 -1.1917931e-07 1 5.9574656e-08 -1.1917931e-07 1 5.9574656e-08 -1.1917931e-07 1 5.9574656e-08 -1.1917931e-07 1 5.9574656e-08 -1.1917931e-07 1 5.9574656e-08 -1.1917931e-07 1 5.9574656e-08 -1.1917931e-07 1 5.9574656e-08 -1.1917931e-07 1 5.9574656e-08 -1.1917931e-07 1 5.9574656e-08 -1.1917931e-07 1 5.9574656e-08 -1.1917931e-07 1 5.9574656e-08 -1.1917931e-07 1 5.9574656e-08 -1.1917931e-07 1 5.9574656e-08 -1.1917931e-07 1 5.9574656e-08 -1.1917931e-07 1 5.9574656e-08 -1.1917931e-07 1 5.9574656e-08 -1.1917931e-07 1 5.9574656e-08 -1.1917931e-07 1 5.9574656e-08 -1.1917931e-07 1 5.9574656e-08 -1.1917931e-07 1 5.9574656e-08 -1.1917931e-07 1 5.9574656e-08 -1.1917931e-07 1 5.9574656e-08 -1.1917931e-07 1 5.9574656e-08 -1.1917931e-07 1 5.9574656e-08 -1.1917931e-07 1 5.9574656e-08 -1.1917931e-07 1 5.9574656e-08 -1.1917931e-07 1 5.9574656e-08 -1.1917931e-07 1 5.9574656e-08 -1.1917931e-07 1 5.9574656e-08 -1.1917931e-07 1 5.9574656e-08 -1.1917931e-07 1 5.9574656e-08 -1.1917931e-07 1 5.9574656e-08 -1.1917931e-07 1 5.9574656e-08 -1.1917931e-07 1 5.9574656e-08 -1.1917931e-07 1 5.9574656e-08 -1.1917931e-07 1 5.9574656e-08 -1.1917931e-07 1 5.9574656e-08 -1.1917931e-07 1 5.9574656e-08 -1.1917931e-07 1 5.9574656e-08 -1.1917931e-07 1 5.9574656e-08 -1.1917931e-07 1 5.9574656e-08 -1.1917931e-07 1 5.9574656e-08 -1.1917931e-07 1 5.9574656e-08 -1.1917931e-07 1 5.9574656e-08 -1.1917931e-07 1 5.9574656e-08 -1.1917931e-07 1 5.9574656e-08 -1.1917931e-07 1 5.9574656e-08 -1.1917931e-07 1 5.9574656e-08 -1.1917931e-07 1 5.9574656e-08 -1.1917931e-07 1 5.9574656e-08 -1.1917931e-07 1 5.9574656e-08 -1.1917931e-07 1 5.9574656e-08 -1.1917931e-07 1 5.9574656e-08 -1.1917931e-07 1 5.9574656e-08 -1.1917931e-07 1 5.9574656e-08 -1.1917931e-07 1 5.9574656e-08 -1.1917931e-07 1 5.9574656e-08 -1.1917931e-07 1 5.9574656e-08 -1.1917931e-07 1 5.9574656e-08 -1.1917931e-07 1 5.9574656e-08 -1.1917931e-07 1 5.9574656e-08 -1.1917931e-07 1 5.9574656e-08 -1.1917931e-07 1 5.9574656e-08 -1.1917931e-07 1 5.9574656e-08 -1.1917931e-07 1 5.9574656e-08 -1.1917931e-07 1 5.9574656e-08 -1.1917931e-07 1 5.9574656e-08 -1.1917931e-07 1 5.9574656e-08 -1.1917931e-07 1 5.9574656e-08 -1.1917931e-07 1 5.9574656e-08 -1.1917931e-07 1 5.9574656e-08 -1.1917931e-07 1 5.9574656e-08 -1.1917931e-07 1 5.9574656e-08 -1.1917931e-07 1 5.9574656e-08 -1.1917931e-07 1 5.9574656e-08 -1.1917931e-07 1 5.9574656e-08 -1.1917931e-07 1 5.9574656e-08 -1.1917931e-07 1 5.9574656e-08 -1.1917931e-07 1 5.9574656e-08 -1.1917931e-07 1 5.9574656e-08 -1.1917931e-07 1 5.9574656e-08 -1.1917931e-07 1 5.9574656e-08 -1.1917931e-07 1 5.9574656e-08 -1.1917931e-07 1 5.9574656e-08 -1.1917931e-07 1 5.9574656e-08 -1.1917931e-07 1 5.9574656e-08 -1.1917931e-07 1 5.9574656e-08 -1.1917931e-07 1 5.9574656e-08 -1.1917931e-07 1 5.9574656e-08 -1.1917931e-07 1 5.9574656e-08 -1.1917931e-07 1 5.9574656e-08 -1.1917931e-07 1 5.9574656e-08 -1.1917931e-07 1 5.9574656e-08 -1.1917931e-07 1 5.9574656e-08 -1.1917931e-07 1 5.9574656e-08 -1.1917931e-07 1 5.9574656e-08 -1.1917931e-07 1 5.9574656e-08 -1.1917931e-07 1 5.9574656e-08 -1.1917931e-07 1 5.9574656e-08 -1.1917931e-07 1 5.9574656e-08 -1.1917931e-07 1 5.9574656e-08 -1.1917931e-07 1 5.9574656e-08 -1.1917931e-07 1 5.9574656e-08 -1.1917931e-07 1 5.9574656e-08 -1.1917931e-07 1 5.9574656e-08 -1.1917931e-07 1 </float_array>
          <technique_common>
            <accessor count="993" offset="0" source="#meshId1-normals-array" stride="3">
              <param name="X" type="float" />
              <param name="Y" type="float" />
              <param name="Z" type="float" />
            </accessor>
          </technique_common>
        </source>
        <vertices id="meshId1-vertices">
          <input semantic="POSITION" source="#meshId1-positions" />
        </vertices>
        <polylist count="331" material="defaultMaterial">
          <input offset="0" semantic="VERTEX" source="#meshId1-vertices" />
          <input offset="0" semantic="NORMAL" source="#meshId1-normals" />
          <vcount>3 3 3 3 3 3 3 3 3 3 3 3 3 3 3 3 3 3 3 3 3 3 3 3 3 3 3 3 3 3 3 3 3 3 3 3 3 3 3 3 3 3 3 3 3 3 3 3 3 3 3 3 3 3 3 3 3 3 3 3 3 3 3 3 3 3 3 3 3 3 3 3 3 3 3 3 3 3 3 3 3 3 3 3 3 3 3 3 3 3 3 3 3 3 3 3 3 3 3 3 3 3 3 3 3 3 3 3 3 3 3 3 3 3 3 3 3 3 3 3 3 3 3 3 3 3 3 3 3 3 3 3 3 3 3 3 3 3 3 3 3 3 3 3 3 3 3 3 3 3 3 3 3 3 3 3 3 3 3 3 3 3 3 3 3 3 3 3 3 3 3 3 3 3 3 3 3 3 3 3 3 3 3 3 3 3 3 3 3 3 3 3 3 3 3 3 3 3 3 3 3 3 3 3 3 3 3 3 3 3 3 3 3 3 3 3 3 3 3 3 3 3 3 3 3 3 3 3 3 3 3 3 3 3 3 3 3 3 3 3 3 3 3 3 3 3 3 3 3 3 3 3 3 3 3 3 3 3 3 3 3 3 3 3 3 3 3 3 3 3 3 3 3 3 3 3 3 3 3 3 3 3 3 3 3 3 3 3 3 3 3 3 3 3 3 3 3 3 3 3 3 3 3 3 3 3 3 3 3 3 3 3 3 3 3 3 3 3 3 3 3 3 3 3 3 3 3 3 3 3 3 </vcount>
          <p>0 1 2 3 4 5 6 7 8 9 10 11 12 13 14 15 16 17 18 19 20 21 22 23 24 25 26 27 28 29 30 31 32 33 34 35 36 37 38 39 40 41 42 43 44 45 46 47 48 49 50 51 52 53 54 55 56 57 58 59 60 61 62 63 64 65 66 67 68 69 70 71 72 73 74 75 76 77 78 79 80 81 82 83 84 85 86 87 88 89 90 91 92 93 94 95 96 97 98 99 100 101 102 103 104 105 106 107 108 109 110 111 112 113 114 115 116 117 118 119 120 121 122 123 124 125 126 127 128 129 130 131 132 133 134 135 136 137 138 139 140 141 142 143 144 145 146 147 148 149 150 151 152 153 154 155 156 157 158 159 160 161 162 163 164 165 166 167 168 169 170 171 172 173 174 175 176 177 178 179 180 181 182 183 184 185 186 187 188 189 190 191 192 193 194 195 196 197 198 199 200 201 202 203 204 205 206 207 208 209 210 211 212 213 214 215 216 217 218 219 220 221 222 223 224 225 226 227 228 229 230 231 232 233 234 235 236 237 238 239 240 241 242 243 244 245 246 247 248 249 250 251 252 253 254 255 256 257 258 259 260 261 262 263 264 265 266 267 268 269 270 271 272 273 274 275 276 277 278 279 280 281 282 283 284 285 286 287 288 289 290 291 292 293 294 295 296 297 298 299 300 301 302 303 304 305 306 307 308 309 310 311 312 313 314 315 316 317 318 319 320 321 322 323 324 325 326 327 328 329 330 331 332 333 334 335 336 337 338 339 340 341 342 343 344 345 346 347 348 349 350 351 352 353 354 355 356 357 358 359 360 361 362 363 364 365 366 367 368 369 370 371 372 373 374 375 376 377 378 379 380 381 382 383 384 385 386 387 388 389 390 391 392 393 394 395 396 397 398 399 400 401 402 403 404 405 406 407 408 409 410 411 412 413 414 415 416 417 418 419 420 421 422 423 424 425 426 427 428 429 430 431 432 433 434 435 436 437 438 439 440 441 442 443 444 445 446 447 448 449 450 451 452 453 454 455 456 457 458 459 460 461 462 463 464 465 466 467 468 469 470 471 472 473 474 475 476 477 478 479 480 481 482 483 484 485 486 487 488 489 490 491 492 493 494 495 496 497 498 499 500 501 502 503 504 505 506 507 508 509 510 511 512 513 514 515 516 517 518 519 520 521 522 523 524 525 526 527 528 529 530 531 532 533 534 535 536 537 538 539 540 541 542 543 544 545 546 547 548 549 550 551 552 553 554 555 556 557 558 559 560 561 562 563 564 565 566 567 568 569 570 571 572 573 574 575 576 577 578 579 580 581 582 583 584 585 586 587 588 589 590 591 592 593 594 595 596 597 598 599 600 601 602 603 604 605 606 607 608 609 610 611 612 613 614 615 616 617 618 619 620 621 622 623 624 625 626 627 628 629 630 631 632 633 634 635 636 637 638 639 640 641 642 643 644 645 646 647 648 649 650 651 652 653 654 655 656 657 658 659 660 661 662 663 664 665 666 667 668 669 670 671 672 673 674 675 676 677 678 679 680 681 682 683 684 685 686 687 688 689 690 691 692 693 694 695 696 697 698 699 700 701 702 703 704 705 706 707 708 709 710 711 712 713 714 715 716 717 718 719 720 721 722 723 724 725 726 727 728 729 730 731 732 733 734 735 736 737 738 739 740 741 742 743 744 745 746 747 748 749 750 751 752 753 754 755 756 757 758 759 760 761 762 763 764 765 766 767 768 769 770 771 772 773 774 775 776 777 778 779 780 781 782 783 784 785 786 787 788 789 790 791 792 793 794 795 796 797 798 799 800 801 802 803 804 805 806 807 808 809 810 811 812 813 814 815 816 817 818 819 820 821 822 823 824 825 826 827 828 829 830 831 832 833 834 835 836 837 838 839 840 841 842 843 844 845 846 847 848 849 850 851 852 853 854 855 856 857 858 859 860 861 862 863 864 865 866 867 868 869 870 871 872 873 874 875 876 877 878 879 880 881 882 883 884 885 886 887 888 889 890 891 892 893 894 895 896 897 898 899 900 901 902 903 904 905 906 907 908 909 910 911 912 913 914 915 916 917 918 919 920 921 922 923 924 925 926 927 928 929 930 931 932 933 934 935 936 937 938 939 940 941 942 943 944 945 946 947 948 949 950 951 952 953 954 955 956 957 958 959 960 961 962 963 964 965 966 967 968 969 970 971 972 973 974 975 976 977 978 979 980 981 982 983 984 985 986 987 988 989 990 991 992 </p>
        </polylist>
      </mesh>
    </geometry>
  </library_geometries>
  <library_controllers>
  </library_controllers>
  <library_visual_scenes>
    <visual_scene id="Scene" name="Scene">
      <node id="Node_0x7169a06dd930"  name="Node_0x7169a06dd930" type="NODE">
        <matrix sid="matrix">1 0 0 0 0 1 0 0 0 0 1 0 0 0 0 1</matrix>
        <instance_geometry url="#meshId0">
          <bind_material>
            <technique_common>
              <instance_material symbol="defaultMaterial" target="#m0mat">
              </instance_material>
            </technique_common>
          </bind_material>
        </instance_geometry>
        <instance_geometry url="#meshId1">
          <bind_material>
            <technique_common>
              <instance_material symbol="defaultMaterial" target="#m1mat">
              </instance_material>
            </technique_common>
          </bind_material>
        </instance_geometry>
      </node>
    </visual_scene>
  </library_visual_scenes>
  <scene>
    <instance_visual_scene url="#Scene" />
  </scene>
</COLLADA>
